model,FP,TP
deep_network_matrix,1.0,1.0
deep_network_matrix,1.0,1.0
deep_network_matrix,1.0,1.0
deep_network_matrix,1.0,1.0
deep_network_matrix,1.0,1.0
deep_network_matrix,1.0,1.0
deep_network_matrix,1.0,1.0
deep_network_matrix,1.0,1.0
deep_network_matrix,1.0,1.0
deep_network_matrix,1.0,1.0
deep_network_matrix,1.0,1.0
deep_network_matrix,1.0,1.0
deep_network_matrix,1.0,1.0
deep_network_matrix,1.0,1.0
deep_network_matrix,1.0,1.0
deep_network_matrix,1.0,1.0
deep_network_matrix,1.0,1.0
deep_network_matrix,1.0,1.0
deep_network_matrix,1.0,1.0
deep_network_matrix,1.0,1.0
deep_network_matrix,1.0,1.0
deep_network_matrix,1.0,1.0
deep_network_matrix,1.0,1.0
deep_network_matrix,1.0,1.0
deep_network_matrix,1.0,1.0
deep_network_matrix,1.0,1.0
deep_network_matrix,1.0,1.0
deep_network_matrix,1.0,1.0
deep_network_matrix,1.0,1.0
deep_network_matrix,1.0,1.0
deep_network_matrix,1.0,1.0
deep_network_matrix,1.0,1.0
deep_network_matrix,1.0,1.0
deep_network_matrix,1.0,1.0
deep_network_matrix,1.0,1.0
deep_network_matrix,1.0,1.0
deep_network_matrix,1.0,1.0
deep_network_matrix,1.0,1.0
deep_network_matrix,1.0,1.0
deep_network_matrix,1.0,1.0
deep_network_matrix,1.0,1.0
deep_network_matrix,1.0,1.0
deep_network_matrix,1.0,1.0
deep_network_matrix,1.0,1.0
deep_network_matrix,1.0,1.0
deep_network_matrix,1.0,1.0
deep_network_matrix,1.0,1.0
deep_network_matrix,1.0,1.0
deep_network_matrix,1.0,1.0
deep_network_matrix,1.0,1.0
deep_network_matrix,1.0,1.0
deep_network_matrix,1.0,1.0
deep_network_matrix,1.0,1.0
deep_network_matrix,1.0,1.0
deep_network_matrix,1.0,1.0
deep_network_matrix,1.0,1.0
deep_network_matrix,1.0,1.0
deep_network_matrix,1.0,1.0
deep_network_matrix,1.0,1.0
deep_network_matrix,1.0,1.0
deep_network_matrix,0.9990534784666352,1.0
deep_network_matrix,0.9981069569332702,1.0
deep_network_matrix,0.9971604353999054,1.0
deep_network_matrix,0.9943208707998107,1.0
deep_network_matrix,0.9933743492664459,1.0
deep_network_matrix,0.9900615238996687,1.0
deep_network_matrix,0.9895882631329863,1.0
deep_network_matrix,0.987221959299574,1.0
deep_network_matrix,0.9862754377662092,1.0
deep_network_matrix,0.9853289162328442,1.0
deep_network_matrix,0.983909133932797,1.0
deep_network_matrix,0.9824893516327496,1.0
deep_network_matrix,0.9805963085660199,1.0
deep_network_matrix,0.9777567439659253,1.0
deep_network_matrix,0.975390440132513,1.0
deep_network_matrix,0.9725508755324184,1.0
deep_network_matrix,0.9687647893989588,1.0
deep_network_matrix,0.9635589209654519,1.0
deep_network_matrix,0.9602460955986749,1.0
deep_network_matrix,0.9564600094652154,1.0
deep_network_matrix,0.9540937056318031,1.0
deep_network_matrix,0.9474680548982489,1.0
deep_network_matrix,0.9380028395646001,1.0
deep_network_matrix,0.9280643634642688,1.0
deep_network_matrix,0.9185991481306199,1.0
deep_network_matrix,0.9129200189304306,1.0
deep_network_matrix,0.9081874112636062,1.0
deep_network_matrix,0.9015617605300521,1.0
deep_network_matrix,0.898248935163275,1.0
deep_network_matrix,0.8935163274964505,1.0
deep_network_matrix,0.8873639375295788,1.0
deep_network_matrix,0.8826313298627544,1.0
deep_network_matrix,0.8741126360624705,1.0
deep_network_matrix,0.865120681495504,1.0
deep_network_matrix,0.8594415522953147,1.0
deep_network_matrix,0.8428774254614293,1.0
deep_network_matrix,0.8315191670610507,1.0
deep_network_matrix,0.8130619971604354,1.0
deep_network_matrix,0.8031235210601041,1.0
deep_network_matrix,0.7884524372929484,1.0
deep_network_matrix,0.7780407004259347,1.0
deep_network_matrix,0.767628963558921,1.0
deep_network_matrix,0.7567439659252247,1.0
deep_network_matrix,0.7439659252247989,1.0
deep_network_matrix,0.7288215806909607,1.0
deep_network_matrix,0.7103644107903455,1.0
deep_network_matrix,0.6999526739233317,1.0
deep_network_matrix,0.6919072408897302,1.0
deep_network_matrix,0.6810222432560341,1.0
deep_network_matrix,0.6706105063890203,1.0
deep_network_matrix,0.657359204921912,1.0
deep_network_matrix,0.6441079034548036,1.0
deep_network_matrix,0.6384287742546143,1.0
deep_network_matrix,0.6270705158542357,1.0
deep_network_matrix,0.616658778987222,1.0
deep_network_matrix,0.6029342167534312,1.0
deep_network_matrix,0.5963085660198769,1.0
deep_network_matrix,0.5868433506862281,1.0
deep_network_matrix,0.5745385707524846,1.0
deep_network_matrix,0.5664931377188831,1.0
deep_network_matrix,0.5603407477520114,1.0
deep_network_matrix,0.5518220539517275,1.0
deep_network_matrix,0.5414103170847137,1.0
deep_network_matrix,0.5328916232844297,1.0
deep_network_matrix,0.5210601041173687,1.0
deep_network_matrix,0.5130146710837672,1.0
deep_network_matrix,0.5007098911500236,1.0
deep_network_matrix,0.4917179365830573,1.0
deep_network_matrix,0.486038807382868,1.0
deep_network_matrix,0.47752011358258395,1.0
deep_network_matrix,0.46947468054898245,1.0
deep_network_matrix,0.46379555134879324,1.0
deep_network_matrix,0.4581164221486038,1.0
deep_network_matrix,0.4514907714150497,1.0
deep_network_matrix,0.44817794604827266,1.0
deep_network_matrix,0.44297207761476576,1.0
deep_network_matrix,0.43729294841457644,1.0
deep_network_matrix,0.4311405584477046,1.0
deep_network_matrix,0.4259346900141978,1.0
deep_network_matrix,0.4202555608140085,1.0
deep_network_matrix,0.41646947468054896,1.0
deep_network_matrix,0.4117368670137246,1.0
deep_network_matrix,0.40842404164694746,1.0
deep_network_matrix,0.40369143398012297,1.0
deep_network_matrix,0.3965925224798864,1.0
deep_network_matrix,0.39280643634642687,1.0
deep_network_matrix,0.38996687174633227,1.0
deep_network_matrix,0.3880738286796024,1.0
deep_network_matrix,0.383341221012778,1.0
deep_network_matrix,0.37955513487931847,1.0
deep_network_matrix,0.37671557027922387,1.0
deep_network_matrix,0.3729294841457643,1.0
deep_network_matrix,0.36867013724562236,1.0
deep_network_matrix,0.36251774727875063,1.0
deep_network_matrix,0.36015144344533834,1.0
deep_network_matrix,0.35731187884524374,1.0
deep_network_matrix,0.3535257927117842,1.0
deep_network_matrix,0.35210601041173684,1.0
deep_network_matrix,0.3483199242782773,1.0
deep_network_matrix,0.3454803596781827,1.0
deep_network_matrix,0.3431140558447705,1.0
deep_network_matrix,0.3407477520113582,1.0
deep_network_matrix,0.33696166587789866,1.0
deep_network_matrix,0.3331755797444391,1.0
deep_network_matrix,0.33080927591102705,1.0
deep_network_matrix,0.326549929010885,1.0
deep_network_matrix,0.32276384287742554,1.0
deep_network_matrix,0.32039753904401325,1.0
deep_network_matrix,0.3166114529105537,1.0
deep_network_matrix,0.3132986275437766,1.0
deep_network_matrix,0.31235210601041175,1.0
deep_network_matrix,0.30951254141031703,1.0
deep_network_matrix,0.3080927591102698,1.0
deep_network_matrix,0.30667297681022243,1.0
deep_network_matrix,0.30194036914339795,1.0
deep_network_matrix,0.29957406530998587,1.0
deep_network_matrix,0.29578797917652633,1.0
deep_network_matrix,0.2929484145764316,1.0
deep_network_matrix,0.28821580690960724,1.0
deep_network_matrix,0.28537624230951253,1.0
deep_network_matrix,0.27827733080927586,0.9893617021276596
deep_network_matrix,0.2735447231424515,0.9893617021276596
deep_network_matrix,0.26739233317557976,0.9893617021276596
deep_network_matrix,0.2574538570752485,0.9893617021276596
deep_network_matrix,0.25177472787505917,0.9893617021276596
deep_network_matrix,0.24609559867486985,0.9893617021276596
deep_network_matrix,0.24088973024136295,0.9893617021276596
deep_network_matrix,0.23710364410790352,0.9893617021276596
deep_network_matrix,0.23331755797444398,0.9680851063829787
deep_network_matrix,0.2285849503076195,0.9574468085106383
deep_network_matrix,0.2210127780407004,0.9468085106382979
deep_network_matrix,0.21391386654046385,0.925531914893617
deep_network_matrix,0.20870799810695695,0.9042553191489362
deep_network_matrix,0.20302886890676763,0.8829787234042553
deep_network_matrix,0.19640321817321338,0.8829787234042553
deep_network_matrix,0.191670610506389,0.8723404255319149
deep_network_matrix,0.18220539517274015,0.8404255319148937
deep_network_matrix,0.175579744439186,0.8297872340425532
deep_network_matrix,0.16422148603880737,0.8085106382978723
deep_network_matrix,0.15759583530525323,0.7872340425531915
deep_network_matrix,0.15191670610506391,0.776595744680851
deep_network_matrix,0.13961192617132046,0.7553191489361702
deep_network_matrix,0.13203975390440137,0.7340425531914894
deep_network_matrix,0.12399432087079987,0.723404255319149
deep_network_matrix,0.11642214860388078,0.7127659574468085
deep_network_matrix,0.10932323710364411,0.7021276595744681
deep_network_matrix,0.10033128253667767,0.6914893617021277
deep_network_matrix,0.09133932796971134,0.6595744680851063
deep_network_matrix,0.08424041646947467,0.6595744680851063
deep_network_matrix,0.07903454803596777,0.648936170212766
deep_network_matrix,0.07146237576904879,0.574468085106383
deep_network_matrix,0.06341694273544718,0.5319148936170213
deep_network_matrix,0.05395172740179843,0.5106382978723404
deep_network_matrix,0.04637955513487935,0.4574468085106383
deep_network_matrix,0.038334122101277845,0.43617021276595747
deep_network_matrix,0.032181732134406005,0.40425531914893614
deep_network_matrix,0.02744912446758163,0.32978723404255317
deep_network_matrix,0.022716516800757258,0.2765957446808511
deep_network_matrix,0.017037387600567944,0.22340425531914893
deep_network_matrix,0.0132513014671084,0.1702127659574468
deep_network_matrix,0.010884997633696214,0.1276595744680851
deep_network_matrix,0.007572172266919086,0.10638297872340426
deep_network_matrix,0.006625650733554145,0.07446808510638298
deep_network_matrix,0.005205868433506899,0.05319148936170213
deep_network_matrix,0.0018930430667297715,0.031914893617021274
deep_network_matrix,0.0009465215333648302,0.02127659574468085
deep_network_matrix,0.0004732607666824151,0.02127659574468085
deep_network_matrix,0.0004732607666824151,0.010638297872340425
deep_network_matrix,0.0,0.010638297872340425
deep_network_matrix,0.0,0.0
deep_network_matrix,0.0,0.0
deep_network_matrix,0.0,0.0
deep_network_matrix,0.0,0.0
deep_network_matrix,0.0,0.0
deep_network_matrix,0.0,0.0
deep_network_matrix,0.0,0.0
deep_network_matrix,0.0,0.0
deep_network_matrix,0.0,0.0
deep_network_matrix,0.0,0.0
deep_network_matrix,0.0,0.0
deep_network_matrix,0.0,0.0
deep_network_matrix,0.0,0.0
deep_network_matrix,0.0,0.0
deep_network_matrix,0.0,0.0
deep_network_matrix,0.0,0.0
deep_network_matrix,0.0,0.0
deep_network_matrix,0.0,0.0
deep_network_matrix,0.0,0.0
deep_network_matrix,0.0,0.0
deep_network_matrix,0.0,0.0
deep_network_matrix,0.0,0.0
deep_network_matrix,0.0,0.0
deep_network_matrix,0.0,0.0
deep_network_matrix,0.0,0.0
deep_network_matrix,0.0,0.0
deep_network_matrix,0.0,0.0
deep_network_matrix,0.0,0.0
deep_network_matrix,0.0,0.0
deep_network_matrix,0.0,0.0
deep_network_matrix,0.0,0.0
deep_network_matrix,0.0,0.0
deep_network_matrix,0.0,0.0
deep_network_matrix,0.0,0.0
deep_network_matrix,0.0,0.0
deep_network_matrix,0.0,0.0
deep_network_matrix,0.0,0.0
deep_network_matrix,0.0,0.0
deep_network_matrix,0.0,0.0
deep_network_matrix,0.0,0.0
deep_network_matrix,0.0,0.0
deep_network_matrix,0.0,0.0
deep_network_matrix,0.0,0.0
deep_network_matrix,0.0,0.0
deep_network_matrix,0.0,0.0
deep_network_matrix,0.0,0.0
deep_network_matrix,0.0,0.0
deep_network_matrix,0.0,0.0
deep_network_matrix,0.0,0.0
deep_network_matrix,0.0,0.0
deep_network_matrix,0.0,0.0
deep_network_matrix,0.0,0.0
deep_network_matrix,0.0,0.0
deep_network_matrix,0.0,0.0
deep_network_matrix,0.0,0.0
deep_network_matrix,0.0,0.0
deep_network_matrix,0.0,0.0
deep_network_matrix,0.0,0.0
deep_network_matrix,0.0,0.0
deep_network_matrix,0.0,0.0
deep_network_matrix,0.0,0.0
deep_network_matrix,0.0,0.0
deep_network_matrix,0.0,0.0
deep_network_matrix,0.0,0.0
deep_network_matrix,0.0,0.0
deep_network_matrix,0.0,0.0
deep_network_matrix,0.0,0.0
deep_network_matrix,0.0,0.0
deep_network_matrix,0.0,0.0
deep_network_matrix,0.0,0.0
deep_network_matrix,0.0,0.0
deep_network_matrix,0.0,0.0
deep_network_matrix,0.0,0.0
deep_network_matrix,0.0,0.0
deep_network_matrix,0.0,0.0
deep_network_matrix,0.0,0.0
deep_network_matrix,0.0,0.0
deep_network_matrix,0.0,0.0
deep_network_matrix,0.0,0.0
deep_network_matrix,0.0,0.0
deep_network_matrix,0.0,0.0
deep_network_matrix,0.0,0.0
deep_network_matrix,0.0,0.0
deep_network_matrix,0.0,0.0
deep_network_matrix,0.0,0.0
deep_network_matrix,0.0,0.0
deep_network_matrix,0.0,0.0
deep_network_matrix,0.0,0.0
deep_network_matrix,0.0,0.0
deep_network_matrix,0.0,0.0
deep_network_matrix,0.0,0.0
deep_network_matrix,0.0,0.0
deep_network_matrix,0.0,0.0
deep_network_matrix,0.0,0.0
deep_network_matrix,0.0,0.0
deep_network_matrix,0.0,0.0
deep_network_matrix,0.0,0.0
deep_network_matrix,0.0,0.0
deep_network_matrix,0.0,0.0
deep_network_matrix,0.0,0.0
deep_network_matrix,0.0,0.0
deep_network_matrix,0.0,0.0
deep_network_matrix,0.0,0.0
deep_network_matrix,0.0,0.0
deep_network_matrix,0.0,0.0
deep_network_matrix,0.0,0.0
deep_network_matrix,0.0,0.0
deep_network_matrix,0.0,0.0
deep_network_matrix,0.0,0.0
deep_network_matrix,0.0,0.0
deep_network_matrix,0.0,0.0
deep_network_matrix,0.0,0.0
deep_network_matrix,0.0,0.0
deep_network_matrix,0.0,0.0
deep_network_matrix,0.0,0.0
deep_network_matrix,0.0,0.0
deep_network_matrix,0.0,0.0
deep_network_matrix,0.0,0.0
deep_network_matrix,0.0,0.0
deep_network_matrix,0.0,0.0
deep_network_matrix,0.0,0.0
deep_network_matrix,0.0,0.0
deep_network_matrix,0.0,0.0
deep_network_matrix,0.0,0.0
deep_network_matrix,0.0,0.0
deep_network_matrix,0.0,0.0
deep_network_matrix,0.0,0.0
deep_network_matrix,0.0,0.0
deep_network_matrix,0.0,0.0
deep_network_matrix,0.0,0.0
deep_network_matrix,0.0,0.0
deep_network_matrix,0.0,0.0
deep_network_matrix,0.0,0.0
deep_network_matrix,0.0,0.0
deep_network_matrix,0.0,0.0
deep_network_matrix,0.0,0.0
deep_network_matrix,0.0,0.0
deep_network_matrix,0.0,0.0
deep_network_matrix,0.0,0.0
deep_network_matrix,0.0,0.0
deep_network_matrix,0.0,0.0
deep_network_matrix,0.0,0.0
deep_network_matrix,0.0,0.0
deep_network_matrix,0.0,0.0
deep_network_matrix,0.0,0.0
deep_network_matrix,0.0,0.0
deep_network_matrix,0.0,0.0
deep_network_matrix,0.0,0.0
deep_network_matrix,0.0,0.0
deep_network_matrix,0.0,0.0
deep_network_matrix,0.0,0.0
deep_network_matrix,0.0,0.0
deep_network_matrix,0.0,0.0
deep_network_matrix,0.0,0.0
deep_network_matrix,0.0,0.0
deep_network_matrix,0.0,0.0
deep_network_matrix,0.0,0.0
deep_network_matrix,0.0,0.0
deep_network_matrix,0.0,0.0
deep_network_matrix,0.0,0.0
deep_network_matrix,0.0,0.0
deep_network_matrix,0.0,0.0
deep_network_matrix,0.0,0.0
deep_network_matrix,0.0,0.0
deep_network_matrix,0.0,0.0
deep_network_matrix,0.0,0.0
deep_network_matrix,0.0,0.0
deep_network_matrix,0.0,0.0
deep_network_matrix,0.0,0.0
deep_network_matrix,0.0,0.0
deep_network_matrix,0.0,0.0
