trip,datetime,lon,lat,dive,prediction
P1108_46_SV_T2,2008-12-05 19:59:56,-77.262353,-11.772758,0,0.23529411764705882
P1108_46_SV_T2,2008-12-05 20:00:26,-77.263583,-11.77482,0,0.29411764705882354
P1108_46_SV_T2,2008-12-05 20:00:56,-77.265142,-11.776342999999999,0,0.29411764705882354
P1108_46_SV_T2,2008-12-05 20:01:26,-77.26864300000001,-11.776158,0,0.29411764705882354
P1108_46_SV_T2,2008-12-05 20:01:56,-77.272965,-11.775347,0,0.29411764705882354
P1108_46_SV_T2,2008-12-05 20:02:26,-77.276622,-11.775165,0,0.29411764705882354
P1108_46_SV_T2,2008-12-05 20:02:56,-77.28005300000001,-11.773963,0,0.29411764705882354
P1108_46_SV_T2,2008-12-05 20:03:26,-77.283395,-11.773530000000001,0,0.29411764705882354
P1108_46_SV_T2,2008-12-05 20:03:56,-77.286645,-11.774192999999999,0,0.29411764705882354
P1108_46_SV_T2,2008-12-05 20:04:26,-77.290272,-11.773483,0,0.29411764705882354
P1108_46_SV_T2,2008-12-05 20:04:56,-77.293812,-11.773617999999999,0,0.29411764705882354
P1108_46_SV_T2,2008-12-05 20:05:26,-77.297717,-11.773158,0,0.29411764705882354
P1108_46_SV_T2,2008-12-05 20:05:56,-77.301345,-11.772732000000001,0,0.29411764705882354
P1108_46_SV_T2,2008-12-05 20:06:26,-77.305072,-11.772045,0,0.29411764705882354
P1108_46_SV_T2,2008-12-05 20:06:56,-77.308925,-11.771818,0,0.29411764705882354
P1108_46_SV_T2,2008-12-05 20:07:26,-77.313052,-11.770862,0,0.29411764705882354
P1108_46_SV_T2,2008-12-05 20:07:56,-77.316785,-11.770294999999999,0,0.29411764705882354
P1108_46_SV_T2,2008-12-05 20:08:26,-77.32028199999999,-11.769862,0,0.29411764705882354
P1108_46_SV_T2,2008-12-05 20:08:56,-77.324578,-11.769192,0,0.29411764705882354
P1108_46_SV_T2,2008-12-05 20:09:26,-77.328242,-11.769472,0,0.29411764705882354
P1108_46_SV_T2,2008-12-05 20:09:56,-77.332073,-11.769285,0,0.29411764705882354
P1108_46_SV_T2,2008-12-05 20:10:26,-77.336067,-11.770017,0,0.29411764705882354
P1108_46_SV_T2,2008-12-05 20:10:56,-77.33959200000001,-11.770438,0,0.29411764705882354
P1108_46_SV_T2,2008-12-05 20:11:26,-77.342737,-11.77158,0,0.29411764705882354
P1108_46_SV_T2,2008-12-05 20:11:56,-77.345892,-11.772475,0,0.29411764705882354
P1108_46_SV_T2,2008-12-05 20:12:26,-77.349538,-11.773385000000001,0,0.29411764705882354
P1108_46_SV_T2,2008-12-05 20:12:56,-77.353018,-11.774123,0,0.29411764705882354
P1108_46_SV_T2,2008-12-05 20:13:26,-77.356438,-11.775542999999999,0,0.29411764705882354
P1108_46_SV_T2,2008-12-05 20:13:56,-77.36034699999999,-11.776317,0,0.29411764705882354
P1108_46_SV_T2,2008-12-05 20:14:26,-77.364465,-11.77665,0,0.29411764705882354
P1108_46_SV_T2,2008-12-05 20:14:56,-77.368522,-11.777053,0,0.29411764705882354
P1108_46_SV_T2,2008-12-05 20:15:26,-77.37258299999999,-11.777569999999999,0,0.29411764705882354
P1108_46_SV_T2,2008-12-05 20:15:56,-77.376492,-11.777298,0,0.29411764705882354
P1108_46_SV_T2,2008-12-05 20:16:26,-77.380713,-11.777412,0,0.29411764705882354
P1108_46_SV_T2,2008-12-05 20:16:56,-77.38489200000001,-11.777911999999999,0,0.29411764705882354
P1108_46_SV_T2,2008-12-05 20:17:26,-77.388747,-11.777892,0,0.29411764705882354
P1108_46_SV_T2,2008-12-05 20:17:56,-77.39278,-11.777747,0,0.29411764705882354
P1108_46_SV_T2,2008-12-05 20:18:26,-77.396723,-11.77802,0,0.29411764705882354
P1108_46_SV_T2,2008-12-05 20:18:56,-77.39945999999999,-11.77858,0,0.29411764705882354
P1108_46_SV_T2,2008-12-05 20:19:26,-77.402767,-11.777242999999999,0,0.8235294117647058
P1108_46_SV_T2,2008-12-05 20:19:56,-77.403752,-11.776452,0,0.7647058823529411
P1108_46_SV_T2,2008-12-05 20:20:26,-77.403867,-11.776385000000001,0,0.7647058823529411
P1108_46_SV_T2,2008-12-05 20:20:56,-77.403935,-11.776333000000001,0,0.7647058823529411
P1108_46_SV_T2,2008-12-05 20:21:26,-77.40395500000001,-11.776373,0,0.7647058823529411
P1108_46_SV_T2,2008-12-05 20:21:56,-77.404205,-11.77642,0,0.7647058823529411
P1108_46_SV_T2,2008-12-05 20:22:26,-77.404088,-11.776492999999999,0,0.7647058823529411
P1108_46_SV_T2,2008-12-05 20:22:56,-77.404114,-11.776414333333301,0,0.7647058823529411
P1108_46_SV_T2,2008-12-05 20:23:26,-77.404225,-11.776442,0,0.7647058823529411
P1108_46_SV_T2,2008-12-05 20:23:56,-77.404258,-11.776472,0,0.7647058823529411
P1108_46_SV_T2,2008-12-05 20:24:26,-77.40554300000001,-11.777998,0,0.8235294117647058
P1108_46_SV_T2,2008-12-05 20:24:56,-77.40753199999999,-11.780573,0,0.29411764705882354
P1108_46_SV_T2,2008-12-05 20:25:26,-77.40981500000001,-11.781768,0,0.29411764705882354
P1108_46_SV_T2,2008-12-05 20:25:56,-77.412975,-11.781707,0,0.29411764705882354
P1108_46_SV_T2,2008-12-05 20:26:26,-77.41685,-11.781303,0,0.29411764705882354
P1108_46_SV_T2,2008-12-05 20:26:56,-77.420208,-11.781542,0,0.29411764705882354
P1108_46_SV_T2,2008-12-05 20:27:26,-77.42393299999999,-11.78257,0,0.29411764705882354
P1108_46_SV_T2,2008-12-05 20:27:56,-77.427378,-11.784215,0,0.29411764705882354
P1108_46_SV_T2,2008-12-05 20:28:26,-77.43005500000001,-11.787352,0,0.29411764705882354
P1108_46_SV_T2,2008-12-05 20:28:56,-77.433245,-11.78988,0,0.29411764705882354
P1108_46_SV_T2,2008-12-05 20:29:26,-77.436378,-11.79231,0,0.29411764705882354
P1108_46_SV_T2,2008-12-05 20:29:56,-77.439872,-11.794557000000001,0,0.29411764705882354
P1108_46_SV_T2,2008-12-05 20:30:26,-77.44153299999999,-11.797941999999999,0,0.29411764705882354
P1108_46_SV_T2,2008-12-05 20:30:56,-77.44246,-11.80151,0,0.29411764705882354
P1108_46_SV_T2,2008-12-05 20:31:26,-77.443497,-11.805428,0,0.29411764705882354
P1108_46_SV_T2,2008-12-05 20:31:56,-77.443952,-11.809302,0,0.29411764705882354
P1108_46_SV_T2,2008-12-05 20:32:26,-77.444275,-11.812842,0,0.29411764705882354
P1108_46_SV_T2,2008-12-05 20:32:56,-77.445037,-11.816542,0,0.29411764705882354
P1108_46_SV_T2,2008-12-05 20:33:26,-77.44615999999999,-11.819377000000001,0,0.29411764705882354
P1108_46_SV_T2,2008-12-05 20:33:56,-77.44749499999999,-11.822552,0,0.29411764705882354
P1108_46_SV_T2,2008-12-05 20:34:26,-77.448092,-11.825642,0,0.29411764705882354
P1108_46_SV_T2,2008-12-05 20:34:56,-77.44868000000001,-11.8287,0,0.29411764705882354
P1108_46_SV_T2,2008-12-05 20:35:26,-77.449095,-11.83189,0,0.29411764705882354
P1108_46_SV_T2,2008-12-05 20:35:56,-77.44959300000001,-11.834767999999999,0,0.6470588235294118
P1108_46_SV_T2,2008-12-05 20:36:26,-77.450992,-11.837978,1,0.7647058823529411
P1108_46_SV_T2,2008-12-05 20:36:56,-77.45105699999999,-11.83779,0,0.7647058823529411
P1108_46_SV_T2,2008-12-05 20:37:26,-77.450113,-11.836514999999999,1,0.7058823529411765
P1108_46_SV_T2,2008-12-05 20:37:56,-77.451373,-11.83693,1,0.7647058823529411
P1108_46_SV_T2,2008-12-05 20:38:26,-77.45052700000001,-11.836547,0,0.7058823529411765
P1108_46_SV_T2,2008-12-05 20:38:56,-77.451722,-11.835560000000001,1,0.8235294117647058
P1108_46_SV_T2,2008-12-05 20:39:26,-77.451072,-11.837783,1,0.7647058823529411
P1108_46_SV_T2,2008-12-05 20:39:56,-77.452162,-11.839102,0,0.7058823529411765
P1108_46_SV_T2,2008-12-05 20:40:26,-77.454222,-11.836535000000001,1,0.9411764705882353
P1108_46_SV_T2,2008-12-05 20:40:56,-77.455523,-11.837914999999999,1,0.7647058823529411
P1108_46_SV_T2,2008-12-05 20:41:26,-77.456242,-11.836865,0,0.6470588235294118
P1108_46_SV_T2,2008-12-05 20:41:56,-77.456458,-11.83874,1,0.6470588235294118
P1108_46_SV_T2,2008-12-05 20:42:26,-77.45590200000001,-11.839742999999999,0,0.6470588235294118
P1108_46_SV_T2,2008-12-05 20:42:56,-77.457027,-11.839813000000001,0,0.5882352941176471
P1108_46_SV_T2,2008-12-05 20:43:26,-77.458613,-11.839538000000001,1,0.5882352941176471
P1108_46_SV_T2,2008-12-05 20:43:56,-77.459847,-11.837957000000001,1,0.8235294117647058
P1108_46_SV_T2,2008-12-05 20:44:26,-77.46046700000001,-11.836403,1,0.5294117647058824
P1108_46_SV_T2,2008-12-05 20:44:56,-77.460828,-11.835517999999999,1,0.47058823529411764
P1108_46_SV_T2,2008-12-05 20:45:26,-77.459828,-11.837383,0,0.5882352941176471
P1108_46_SV_T2,2008-12-05 20:45:56,-77.45857,-11.8358,1,0.6470588235294118
P1108_46_SV_T2,2008-12-05 20:46:26,-77.457257,-11.836655,0,1.0
P1108_46_SV_T2,2008-12-05 20:46:56,-77.455063,-11.837085,0,0.4117647058823529
P1108_46_SV_T2,2008-12-05 20:47:26,-77.453423,-11.838098,1,0.4117647058823529
P1108_46_SV_T2,2008-12-05 20:47:56,-77.453597,-11.840705,0,0.35294117647058826
P1108_46_SV_T2,2008-12-05 20:48:26,-77.455278,-11.841575,0,0.35294117647058826
P1108_46_SV_T2,2008-12-05 20:48:56,-77.45876700000001,-11.842452999999999,0,0.35294117647058826
P1108_46_SV_T2,2008-12-05 20:49:26,-77.459252,-11.844092999999999,0,0.4117647058823529
P1108_46_SV_T2,2008-12-05 20:49:56,-77.459525,-11.845661999999999,0,0.47058823529411764
P1108_46_SV_T2,2008-12-05 20:50:26,-77.459496,-11.847342999999999,0,0.47058823529411764
P1108_46_SV_T2,2008-12-05 20:50:56,-77.459312,-11.847992,0,0.47058823529411764
P1108_46_SV_T2,2008-12-05 20:51:26,-77.459698,-11.848991999999999,0,0.47058823529411764
P1108_46_SV_T2,2008-12-05 20:51:56,-77.460387,-11.851253,0,0.47058823529411764
P1108_46_SV_T2,2008-12-05 20:52:26,-77.45996,-11.853352000000001,0,0.4117647058823529
P1108_46_SV_T2,2008-12-05 20:52:56,-77.458318,-11.855252,0,0.5294117647058824
P1108_46_SV_T2,2008-12-05 20:53:26,-77.457615,-11.8565,0,0.47058823529411764
P1108_46_SV_T2,2008-12-05 20:53:56,-77.45721800000001,-11.857563,0,0.4117647058823529
P1108_46_SV_T2,2008-12-05 20:54:26,-77.456678,-11.85828,0,0.47058823529411764
P1108_46_SV_T2,2008-12-05 20:54:56,-77.455048,-11.857895,0,0.47058823529411764
P1108_46_SV_T2,2008-12-05 20:55:26,-77.45241999999999,-11.857762,0,0.35294117647058826
P1108_46_SV_T2,2008-12-05 20:55:56,-77.449277,-11.857307,0,0.29411764705882354
P1108_46_SV_T2,2008-12-05 20:56:26,-77.44594000000001,-11.85661,0,0.29411764705882354
P1108_46_SV_T2,2008-12-05 20:56:56,-77.443188,-11.855685000000001,0,0.29411764705882354
P1108_46_SV_T2,2008-12-05 20:57:26,-77.439987,-11.854363000000001,0,0.29411764705882354
P1108_46_SV_T2,2008-12-05 20:57:56,-77.43711,-11.85208,0,0.29411764705882354
P1108_46_SV_T2,2008-12-05 20:58:26,-77.434453,-11.84947,0,0.29411764705882354
P1108_46_SV_T2,2008-12-05 20:58:56,-77.432325,-11.846395,0,0.29411764705882354
P1108_46_SV_T2,2008-12-05 20:59:26,-77.42918,-11.844042,0,0.29411764705882354
P1108_46_SV_T2,2008-12-05 20:59:56,-77.42580799999999,-11.842227000000001,0,0.29411764705882354
P1108_46_SV_T2,2008-12-05 21:00:26,-77.422168,-11.840613000000001,0,0.29411764705882354
P1108_46_SV_T2,2008-12-05 21:00:56,-77.418093,-11.838598,0,0.29411764705882354
P1108_46_SV_T2,2008-12-05 21:01:26,-77.414872,-11.836702,0,0.29411764705882354
P1108_46_SV_T2,2008-12-05 21:01:56,-77.41212,-11.833785,0,0.29411764705882354
P1108_46_SV_T2,2008-12-05 21:02:26,-77.408992,-11.831438,0,0.29411764705882354
P1108_46_SV_T2,2008-12-05 21:02:56,-77.40584799999999,-11.828560000000001,0,0.29411764705882354
P1108_46_SV_T2,2008-12-05 21:03:26,-77.40268499999999,-11.825888,0,0.23529411764705882
P1108_46_SV_T2,2008-12-05 21:03:56,-77.39954499999999,-11.82248,0,0.23529411764705882
P1108_46_SV_T2,2008-12-05 21:04:26,-77.396128,-11.819997,0,0.29411764705882354
P1108_46_SV_T2,2008-12-05 21:04:56,-77.39303199999999,-11.819863,0,0.29411764705882354
P1108_46_SV_T2,2008-12-05 21:05:26,-77.389808,-11.819372,0,0.29411764705882354
P1108_46_SV_T2,2008-12-05 21:05:56,-77.386528,-11.817689999999999,0,0.29411764705882354
P1108_46_SV_T2,2008-12-05 21:06:26,-77.382888,-11.816718,0,0.29411764705882354
P1108_46_SV_T2,2008-12-05 21:06:56,-77.379852,-11.815922,0,0.29411764705882354
P1108_46_SV_T2,2008-12-05 21:07:26,-77.375748,-11.813933,0,0.29411764705882354
P1108_46_SV_T2,2008-12-05 21:07:56,-77.371797,-11.8118,0,0.29411764705882354
P1108_46_SV_T2,2008-12-05 21:08:26,-77.368853,-11.810172999999999,0,0.29411764705882354
P1108_46_SV_T2,2008-12-05 21:08:56,-77.365375,-11.80787,0,0.29411764705882354
P1108_46_SV_T2,2008-12-05 21:09:26,-77.36148299999999,-11.806658,0,0.29411764705882354
P1108_46_SV_T2,2008-12-05 21:09:56,-77.35763,-11.805163,0,0.29411764705882354
P1108_46_SV_T2,2008-12-05 21:10:26,-77.353575,-11.803898,0,0.23529411764705882
P1108_46_SV_T2,2008-12-05 21:10:56,-77.349815,-11.801177000000001,0,0.23529411764705882
P1108_46_SV_T2,2008-12-05 21:11:26,-77.345727,-11.799878,0,0.29411764705882354
P1108_46_SV_T2,2008-12-05 21:11:56,-77.341983,-11.797938,0,0.29411764705882354
P1108_46_SV_T2,2008-12-05 21:12:26,-77.33783199999999,-11.796432000000001,0,0.29411764705882354
P1108_46_SV_T2,2008-12-05 21:12:56,-77.33385799999999,-11.794747000000001,0,0.29411764705882354
P1108_46_SV_T2,2008-12-05 21:13:26,-77.329902,-11.792778,0,0.29411764705882354
P1108_46_SV_T2,2008-12-05 21:13:56,-77.325855,-11.790853,0,0.29411764705882354
P1108_46_SV_T2,2008-12-05 21:14:26,-77.32220500000001,-11.788995,0,0.29411764705882354
P1108_46_SV_T2,2008-12-05 21:14:56,-77.318267,-11.787383,0,0.29411764705882354
P1108_46_SV_T2,2008-12-05 21:15:26,-77.31424,-11.786317,0,0.29411764705882354
P1108_46_SV_T2,2008-12-05 21:15:56,-77.309975,-11.785483000000001,0,0.23529411764705882
P1108_46_SV_T2,2008-12-05 21:16:26,-77.30563000000001,-11.783875,0,0.23529411764705882
P1108_46_SV_T2,2008-12-05 21:16:56,-77.301302,-11.782767,0,0.29411764705882354
P1108_46_SV_T2,2008-12-05 21:17:26,-77.297218,-11.780932,0,0.29411764705882354
P1108_46_SV_T2,2008-12-05 21:17:56,-77.293295,-11.779530000000001,0,0.29411764705882354
P1108_46_SV_T2,2008-12-05 21:18:26,-77.290212,-11.776703,0,0.29411764705882354
P1108_46_SV_T2,2008-12-05 21:18:56,-77.28674000000001,-11.775188,0,0.29411764705882354
P1108_46_SV_T2,2008-12-05 21:19:26,-77.28305300000001,-11.773855000000001,0,0.29411764705882354
P1108_46_SV_T2,2008-12-05 21:19:56,-77.27935,-11.773888000000001,0,0.29411764705882354
P1108_46_SV_T2,2008-12-05 21:20:26,-77.27529799999999,-11.773123,0,0.29411764705882354
P1108_46_SV_T2,2008-12-05 21:20:56,-77.27152,-11.772041999999999,0,0.29411764705882354
P1108_46_SV_T2,2008-12-05 21:21:26,-77.267873,-11.771180000000001,0,0.4117647058823529
P1108_46_SV_T2,2008-12-05 21:21:56,-77.265295,-11.772367,0,0.35294117647058826
P1108_46_SV_T2,2008-12-05 21:22:26,-77.264882,-11.773819999999999,0,0.35294117647058826
P1108_46_SV_T2,2008-12-05 21:22:56,-77.26467,-11.774155,0,0.35294117647058826
P1111_41_SV_T4,2011-11-23 23:00:01,-77.26458000000001,-11.773492999999998,0,0.25
P1111_41_SV_T4,2011-11-23 23:00:31,-77.266362,-11.773267,0,0.3125
P1111_41_SV_T4,2011-11-23 23:01:01,-77.2702895,-11.771927499999999,0,0.3125
P1111_41_SV_T4,2011-11-23 23:01:31,-77.2747,-11.77259,0,0.3125
P1111_41_SV_T4,2011-11-23 23:02:01,-77.27896700000001,-11.7727,0,0.3125
P1111_41_SV_T4,2011-11-23 23:02:31,-77.28329000000001,-11.772153,0,0.25
P1111_41_SV_T4,2011-11-23 23:03:01,-77.287835,-11.770975,0,0.1875
P1111_41_SV_T4,2011-11-23 23:03:31,-77.29234699999999,-11.769777000000001,0,0.1875
P1111_41_SV_T4,2011-11-23 23:04:01,-77.29695,-11.768383,0,0.1875
P1111_41_SV_T4,2011-11-23 23:04:31,-77.301788,-11.766753,0,0.1875
P1111_41_SV_T4,2011-11-23 23:05:01,-77.30630500000001,-11.763897,0,0.1875
P1111_41_SV_T4,2011-11-23 23:05:31,-77.3114,-11.761728,0,0.1875
P1111_41_SV_T4,2011-11-23 23:06:01,-77.3166905,-11.759181,1,0.25
P1111_41_SV_T4,2011-11-23 23:06:31,-77.318618,-11.758203,0,0.3125
P1111_41_SV_T4,2011-11-23 23:07:01,-77.322253,-11.757352000000001,0,0.25
P1111_41_SV_T4,2011-11-23 23:07:31,-77.325923,-11.753772999999999,0,0.1875
P1111_41_SV_T4,2011-11-23 23:08:01,-77.33036700000001,-11.751714999999999,0,0.1875
P1111_41_SV_T4,2011-11-23 23:08:31,-77.335291,-11.750715,0,0.25
P1111_41_SV_T4,2011-11-23 23:09:01,-77.339487,-11.750987,0,0.25
P1111_41_SV_T4,2011-11-23 23:09:31,-77.344287,-11.750432,0,0.25
P1111_41_SV_T4,2011-11-23 23:10:01,-77.348672,-11.750703,0,0.3125
P1111_41_SV_T4,2011-11-23 23:10:31,-77.35202,-11.752233,0,0.3125
P1111_41_SV_T4,2011-11-23 23:11:01,-77.3561885,-11.7524205,0,0.25
P1111_41_SV_T4,2011-11-23 23:11:31,-77.360217,-11.749692,0,0.25
P1111_41_SV_T4,2011-11-23 23:12:01,-77.3625415,-11.7471055,1,0.3125
P1111_41_SV_T4,2011-11-23 23:12:31,-77.365217,-11.746317,0,0.25
P1111_41_SV_T4,2011-11-23 23:13:01,-77.368788,-11.743097,0,0.1875
P1111_41_SV_T4,2011-11-23 23:13:31,-77.37304300000001,-11.741055000000001,0,0.375
P1111_41_SV_T4,2011-11-23 23:14:01,-77.37606099999999,-11.740947555555598,1,0.4375
P1111_41_SV_T4,2011-11-23 23:14:31,-77.376313,-11.740618,1,0.4375
P1111_41_SV_T4,2011-11-23 23:15:01,-77.37706800000001,-11.741589999999999,0,0.4375
P1111_41_SV_T4,2011-11-23 23:15:31,-77.38003575,-11.7423625,0,0.4375
P1111_41_SV_T4,2011-11-23 23:16:01,-77.381475,-11.743767,0,0.3125
P1111_41_SV_T4,2011-11-23 23:16:31,-77.38507,-11.74457,0,0.3125
P1111_41_SV_T4,2011-11-23 23:17:01,-77.38906999999999,-11.744968,0,0.375
P1111_41_SV_T4,2011-11-23 23:17:31,-77.39003199999999,-11.746848,0,0.3125
P1111_41_SV_T4,2011-11-23 23:18:01,-77.389813,-11.749288,0,0.5
P1111_41_SV_T4,2011-11-23 23:18:31,-77.388828,-11.751355,1,0.4375
P1111_41_SV_T4,2011-11-23 23:19:01,-77.388207,-11.751533,1,0.5
P1111_41_SV_T4,2011-11-23 23:19:31,-77.38741999999999,-11.751608000000001,1,0.5
P1111_41_SV_T4,2011-11-23 23:20:01,-77.385513,-11.750888,0,0.5625
P1111_41_SV_T4,2011-11-23 23:20:31,-77.384015,-11.752083,0,0.6875
P1111_41_SV_T4,2011-11-23 23:21:01,-77.381592,-11.751722000000001,0,0.5
P1111_41_SV_T4,2011-11-23 23:21:31,-77.382452,-11.753005,0,0.5625
P1111_41_SV_T4,2011-11-23 23:22:01,-77.38197199999999,-11.754368,0,0.5
P1111_41_SV_T4,2011-11-23 23:22:31,-77.382257,-11.755332000000001,0,0.5
P1111_41_SV_T4,2011-11-23 23:23:01,-77.385008,-11.756432,0,0.5625
P1111_41_SV_T4,2011-11-23 23:23:31,-77.38890500000001,-11.75617,0,0.375
P1111_41_SV_T4,2011-11-23 23:24:01,-77.38889499999999,-11.756406,0,0.375
P1111_41_SV_T4,2011-11-23 23:24:31,-77.38558,-11.753692,0,1.0
P1111_41_SV_T4,2011-11-23 23:25:01,-77.382,-11.75259,0,0.3125
P1111_41_SV_T4,2011-11-23 23:25:31,-77.378182,-11.751775,0,0.3125
P1111_41_SV_T4,2011-11-23 23:26:01,-77.3744215,-11.751622,0,0.3125
P1111_41_SV_T4,2011-11-23 23:26:31,-77.37088299999999,-11.752083,0,0.3125
P1111_41_SV_T4,2011-11-23 23:27:01,-77.367509,-11.7520045,0,0.3125
P1111_41_SV_T4,2011-11-23 23:27:31,-77.363867,-11.7521485,0,0.3125
P1111_41_SV_T4,2011-11-23 23:28:01,-77.360244,-11.752471,0,0.3125
P1111_41_SV_T4,2011-11-23 23:28:31,-77.3565025,-11.752561,0,0.3125
P1111_41_SV_T4,2011-11-23 23:29:01,-77.3532585,-11.752766000000001,0,0.3125
P1111_41_SV_T4,2011-11-23 23:29:31,-77.349649,-11.753114,0,0.3125
P1111_41_SV_T4,2011-11-23 23:30:01,-77.34591800000001,-11.753527,0,0.3125
P1111_41_SV_T4,2011-11-23 23:30:31,-77.342507,-11.753857,0,0.3125
P1111_41_SV_T4,2011-11-23 23:31:01,-77.338735,-11.754037,0,0.3125
P1111_41_SV_T4,2011-11-23 23:31:31,-77.33521999999999,-11.754577000000001,0,0.3125
P1111_41_SV_T4,2011-11-23 23:32:01,-77.331737,-11.754518,0,0.3125
P1111_41_SV_T4,2011-11-23 23:32:31,-77.32794,-11.754292999999999,0,0.3125
P1111_41_SV_T4,2011-11-23 23:33:01,-77.32449799999999,-11.754395,0,0.3125
P1111_41_SV_T4,2011-11-23 23:33:31,-77.321105,-11.755238,0,0.3125
P1111_41_SV_T4,2011-11-23 23:34:01,-77.3179663333333,-11.756298,0,0.3125
P1111_41_SV_T4,2011-11-23 23:34:31,-77.31515999999999,-11.756122,0,0.3125
P1111_41_SV_T4,2011-11-23 23:35:01,-77.3123,-11.756969999999999,0,0.3125
P1111_41_SV_T4,2011-11-23 23:35:31,-77.309472,-11.757805000000001,0,0.3125
P1111_41_SV_T4,2011-11-23 23:36:01,-77.306685,-11.758253,0,0.3125
P1111_41_SV_T4,2011-11-23 23:36:31,-77.3038335,-11.759052,0,0.3125
P1111_41_SV_T4,2011-11-23 23:37:01,-77.3009015,-11.759352499999999,0,0.3125
P1111_41_SV_T4,2011-11-23 23:37:31,-77.29827,-11.7600185,0,0.3125
P1111_41_SV_T4,2011-11-23 23:38:01,-77.295088,-11.760305,0,0.3125
P1111_41_SV_T4,2011-11-23 23:38:31,-77.29231300000001,-11.76106,0,0.3125
P1111_41_SV_T4,2011-11-23 23:39:01,-77.289278,-11.761265,0,0.3125
P1111_41_SV_T4,2011-11-23 23:39:31,-77.286568,-11.762115,0,0.3125
P1111_41_SV_T4,2011-11-23 23:40:01,-77.283635,-11.762893,0,0.3125
P1111_41_SV_T4,2011-11-23 23:40:31,-77.28098299999999,-11.764142999999999,0,0.3125
P1111_41_SV_T4,2011-11-23 23:41:01,-77.278588,-11.764325,0,0.3125
P1111_41_SV_T4,2011-11-23 23:41:31,-77.276328,-11.765808,0,0.3125
P1111_41_SV_T4,2011-11-23 23:42:01,-77.273826,-11.766874000000001,0,0.375
P1111_41_SV_T4,2011-11-23 23:42:31,-77.27190999999999,-11.767947999999999,0,0.3125
P1111_41_SV_T4,2011-11-23 23:43:01,-77.269638,-11.768442,0,0.375
P1111_41_SV_T4,2011-11-23 23:43:31,-77.26602,-11.768172,0,0.3125
P1111_41_SV_T4,2011-11-23 23:44:01,-77.26347700000001,-11.769517,0,0.3125
P1111_41_SV_T4,2011-11-23 23:44:31,-77.260763,-11.7718603333333,0,0.25
P1112_10_SV_T2,2012-11-18 10:29:31,-77.26750200000001,-11.777092,0,0.36363636363636365
P1112_10_SV_T2,2012-11-18 10:30:01,-77.27034,-11.778878,0,0.45454545454545453
P1112_10_SV_T2,2012-11-18 10:30:31,-77.272964,-11.781189999999999,0,0.45454545454545453
P1112_10_SV_T2,2012-11-18 10:31:01,-77.275734,-11.783263999999999,0,0.45454545454545453
P1112_10_SV_T2,2012-11-18 10:31:31,-77.278053,-11.785219999999999,0,0.45454545454545453
P1112_10_SV_T2,2012-11-18 10:32:01,-77.279747,-11.78698,0,0.45454545454545453
P1112_10_SV_T2,2012-11-18 10:32:31,-77.280861,-11.789182,0,0.45454545454545453
P1112_10_SV_T2,2012-11-18 10:33:01,-77.282349,-11.791162,0,0.5454545454545454
P1112_10_SV_T2,2012-11-18 10:33:31,-77.283775,-11.792767,0,0.45454545454545453
P1112_10_SV_T2,2012-11-18 10:34:01,-77.28495799999999,-11.794796,0,0.5454545454545454
P1112_10_SV_T2,2012-11-18 10:34:31,-77.28742199999999,-11.795799,0,0.45454545454545453
P1112_10_SV_T2,2012-11-18 10:35:01,-77.28997,-11.797697,0,0.45454545454545453
P1112_10_SV_T2,2012-11-18 10:35:31,-77.29226700000001,-11.799567999999999,0,0.45454545454545453
P1112_10_SV_T2,2012-11-18 10:36:01,-77.295326,-11.80103,0,0.45454545454545453
P1112_10_SV_T2,2012-11-18 10:36:31,-77.298027,-11.803041,0,0.45454545454545453
P1112_10_SV_T2,2012-11-18 10:37:01,-77.300247,-11.805487,0,0.45454545454545453
P1112_10_SV_T2,2012-11-18 10:37:31,-77.302536,-11.807819,0,0.45454545454545453
P1112_10_SV_T2,2012-11-18 10:38:01,-77.305283,-11.809091,0,0.45454545454545453
P1112_10_SV_T2,2012-11-18 10:38:31,-77.308571,-11.809028999999999,0,0.45454545454545453
P1112_10_SV_T2,2012-11-18 10:39:01,-77.31105,-11.810186,0,0.45454545454545453
P1112_10_SV_T2,2012-11-18 10:39:31,-77.313873,-11.810879,0,0.45454545454545453
P1112_10_SV_T2,2012-11-18 10:40:01,-77.31611600000001,-11.812747,0,0.45454545454545453
P1112_10_SV_T2,2012-11-18 10:40:31,-77.318657,-11.814344,0,0.45454545454545453
P1112_10_SV_T2,2012-11-18 10:41:01,-77.321457,-11.81607,0,0.45454545454545453
P1112_10_SV_T2,2012-11-18 10:41:31,-77.323944,-11.817711,0,0.45454545454545453
P1112_10_SV_T2,2012-11-18 10:42:01,-77.324951,-11.820088,0,0.45454545454545453
P1112_10_SV_T2,2012-11-18 10:42:31,-77.324287,-11.822693,0,0.45454545454545453
P1112_10_SV_T2,2012-11-18 10:43:01,-77.325928,-11.824879,0,0.45454545454545453
P1112_10_SV_T2,2012-11-18 10:43:31,-77.326515,-11.827591,0,0.45454545454545453
P1112_10_SV_T2,2012-11-18 10:44:01,-77.327423,-11.830138999999999,0,0.45454545454545453
P1112_10_SV_T2,2012-11-18 10:44:31,-77.32803299999999,-11.832592,0,0.45454545454545453
P1112_10_SV_T2,2012-11-18 10:45:01,-77.33030699999999,-11.834158,0,0.45454545454545453
P1112_10_SV_T2,2012-11-18 10:45:31,-77.333656,-11.835081,0,0.45454545454545453
P1112_10_SV_T2,2012-11-18 10:46:01,-77.336166,-11.837089,0,0.45454545454545453
P1112_10_SV_T2,2012-11-18 10:46:31,-77.33923725,-11.83900825,0,0.45454545454545453
P1112_10_SV_T2,2012-11-18 10:47:01,-77.34214,-11.840504,0,0.5454545454545454
P1112_10_SV_T2,2012-11-18 10:47:31,-77.345268,-11.841304,0,0.5454545454545454
P1112_10_SV_T2,2012-11-18 10:48:01,-77.34569499999999,-11.842455000000001,1,0.5454545454545454
P1112_10_SV_T2,2012-11-18 10:48:31,-77.347847,-11.841847,0,0.5454545454545454
P1112_10_SV_T2,2012-11-18 10:49:01,-77.35058375,-11.84243975,0,0.45454545454545453
P1112_10_SV_T2,2012-11-18 10:49:31,-77.35212125,-11.8445015,0,0.45454545454545453
P1112_10_SV_T2,2012-11-18 10:50:01,-77.352837,-11.846782000000001,0,0.45454545454545453
P1112_10_SV_T2,2012-11-18 10:50:31,-77.355293,-11.848838,0,0.5454545454545454
P1112_10_SV_T2,2012-11-18 10:51:01,-77.35676600000001,-11.850346,0,0.45454545454545453
P1112_10_SV_T2,2012-11-18 10:51:31,-77.35640699999999,-11.852653,0,0.5454545454545454
P1112_10_SV_T2,2012-11-18 10:52:01,-77.3574635,-11.8550155,0,0.45454545454545453
P1112_10_SV_T2,2012-11-18 10:52:31,-77.359055,-11.857472,0,0.45454545454545453
P1112_10_SV_T2,2012-11-18 10:53:01,-77.36161,-11.859509,0,0.45454545454545453
P1112_10_SV_T2,2012-11-18 10:53:31,-77.363014,-11.862166,1,0.6363636363636364
P1112_10_SV_T2,2012-11-18 10:54:01,-77.36353299999999,-11.864426,0,0.6363636363636364
P1112_10_SV_T2,2012-11-18 10:54:31,-77.363136,-11.864321,0,0.5454545454545454
P1112_10_SV_T2,2012-11-18 10:55:01,-77.3623552,-11.8663396,0,0.7272727272727273
P1112_10_SV_T2,2012-11-18 10:55:31,-77.363281,-11.868899,0,0.7272727272727273
P1112_10_SV_T2,2012-11-18 10:56:01,-77.363258,-11.870629,0,1.0
P1112_10_SV_T2,2012-11-18 10:56:31,-77.364662,-11.871335,0,0.7272727272727273
P1112_10_SV_T2,2012-11-18 10:57:01,-77.3628082857143,-11.871629142857099,0,0.9090909090909091
P1112_10_SV_T2,2012-11-18 10:57:31,-77.361633,-11.872291,0,0.9090909090909091
P1112_10_SV_T2,2012-11-18 10:58:01,-77.361237,-11.874015,0,0.7272727272727273
P1112_10_SV_T2,2012-11-18 10:58:31,-77.359993,-11.871687,1,0.7272727272727273
P1112_10_SV_T2,2012-11-18 10:59:01,-77.358856,-11.870012,0,0.5454545454545454
P1112_10_SV_T2,2012-11-18 10:59:31,-77.35728275,-11.86843825,1,0.6363636363636364
P1112_10_SV_T2,2012-11-18 11:00:01,-77.355179,-11.867792,0,0.5454545454545454
P1112_10_SV_T2,2012-11-18 11:00:31,-77.353844,-11.866122,0,0.6363636363636364
P1112_10_SV_T2,2012-11-18 11:01:01,-77.352463,-11.864107,1,0.45454545454545453
P1112_10_SV_T2,2012-11-18 11:01:31,-77.351021,-11.8627,0,0.5454545454545454
P1112_10_SV_T2,2012-11-18 11:02:01,-77.3508,-11.859598,0,0.45454545454545453
P1112_10_SV_T2,2012-11-18 11:02:31,-77.35395799999999,-11.857168,0,0.5454545454545454
P1112_10_SV_T2,2012-11-18 11:03:01,-77.356636,-11.854363000000001,1,0.5454545454545454
P1112_10_SV_T2,2012-11-18 11:03:31,-77.356155,-11.853639999999999,0,0.5454545454545454
P1112_10_SV_T2,2012-11-18 11:04:01,-77.354378,-11.851357,0,0.5454545454545454
P1112_10_SV_T2,2012-11-18 11:04:31,-77.353622,-11.848049000000001,0,0.6363636363636364
P1112_10_SV_T2,2012-11-18 11:05:01,-77.352089,-11.846975,0,0.5454545454545454
P1112_10_SV_T2,2012-11-18 11:05:31,-77.35140200000001,-11.847735,0,0.5454545454545454
P1112_10_SV_T2,2012-11-18 11:06:01,-77.349884,-11.846128,0,0.6363636363636364
P1112_10_SV_T2,2012-11-18 11:06:31,-77.34758000000001,-11.844005000000001,0,0.45454545454545453
P1112_10_SV_T2,2012-11-18 11:07:01,-77.344978,-11.841445,0,0.45454545454545453
P1112_10_SV_T2,2012-11-18 11:07:31,-77.34201800000001,-11.839347,0,0.45454545454545453
P1112_10_SV_T2,2012-11-18 11:08:01,-77.33921099999999,-11.837297999999999,0,0.45454545454545453
P1112_10_SV_T2,2012-11-18 11:08:31,-77.33671600000001,-11.835172,0,0.45454545454545453
P1112_10_SV_T2,2012-11-18 11:09:01,-77.334183,-11.832605000000001,0,0.45454545454545453
P1112_10_SV_T2,2012-11-18 11:09:31,-77.33113900000001,-11.830651,0,0.45454545454545453
P1112_10_SV_T2,2012-11-18 11:10:01,-77.328445,-11.829214,0,0.45454545454545453
P1112_10_SV_T2,2012-11-18 11:10:31,-77.32576800000001,-11.826453,0,0.45454545454545453
P1112_10_SV_T2,2012-11-18 11:11:01,-77.322632,-11.824872000000001,0,0.45454545454545453
P1112_10_SV_T2,2012-11-18 11:11:31,-77.319344,-11.823175,0,0.45454545454545453
P1112_10_SV_T2,2012-11-18 11:12:01,-77.316101,-11.821330999999999,0,0.45454545454545453
P1112_10_SV_T2,2012-11-18 11:12:31,-77.312775,-11.819453,0,0.45454545454545453
P1112_10_SV_T2,2012-11-18 11:13:01,-77.309113,-11.817688,0,0.45454545454545453
P1112_10_SV_T2,2012-11-18 11:13:31,-77.305702,-11.815678,0,0.45454545454545453
P1112_10_SV_T2,2012-11-18 11:14:01,-77.302612,-11.813474000000001,0,0.45454545454545453
P1112_10_SV_T2,2012-11-18 11:14:31,-77.29937,-11.811001,0,0.45454545454545453
P1112_10_SV_T2,2012-11-18 11:15:01,-77.295891,-11.809061,0,0.45454545454545453
P1112_10_SV_T2,2012-11-18 11:15:31,-77.292412,-11.807653,0,0.45454545454545453
P1112_10_SV_T2,2012-11-18 11:16:01,-77.289413,-11.805593,0,0.45454545454545453
P1112_10_SV_T2,2012-11-18 11:16:31,-77.285889,-11.80443,0,0.45454545454545453
P1112_10_SV_T2,2012-11-18 11:17:01,-77.28286700000001,-11.802434,0,0.45454545454545453
P1112_10_SV_T2,2012-11-18 11:17:31,-77.28115799999999,-11.799676,0,0.45454545454545453
P1112_10_SV_T2,2012-11-18 11:18:01,-77.279549,-11.796988,0,0.45454545454545453
P1112_10_SV_T2,2012-11-18 11:18:31,-77.277435,-11.794858,0,0.45454545454545453
P1112_10_SV_T2,2012-11-18 11:19:01,-77.276375,-11.792157000000001,0,0.45454545454545453
P1112_10_SV_T2,2012-11-18 11:19:31,-77.273834,-11.789945,0,0.45454545454545453
P1112_10_SV_T2,2012-11-18 11:20:01,-77.271851,-11.787133,0,0.45454545454545453
P1112_10_SV_T2,2012-11-18 11:20:31,-77.270927,-11.78425,0,0.45454545454545453
P1112_10_SV_T2,2012-11-18 11:21:01,-77.26859300000001,-11.781941999999999,0,0.45454545454545453
P1112_10_SV_T2,2012-11-18 11:21:31,-77.267059,-11.778915,0,0.45454545454545453
P1112_10_SV_T2,2012-11-18 11:22:01,-77.267822,-11.775075,0,0.45454545454545453
P1112_10_SV_T2,2012-11-18 11:22:31,-77.264923,-11.773285000000001,0,0.36363636363636365
P1112_15_SV_T3,2012-11-20 13:41:46,-77.264472,-11.773682,0,0.2608695652173913
P1112_15_SV_T3,2012-11-20 13:42:16,-77.263327,-11.774728,0,0.2608695652173913
P1112_15_SV_T3,2012-11-20 13:42:46,-77.2644,-11.776358,0,0.2608695652173913
P1112_15_SV_T3,2012-11-20 13:43:16,-77.265862,-11.777072,0,0.30434782608695654
P1112_15_SV_T3,2012-11-20 13:43:46,-77.269635,-11.775563,0,0.21739130434782608
P1112_15_SV_T3,2012-11-20 13:44:16,-77.273602,-11.776162,0,0.21739130434782608
P1112_15_SV_T3,2012-11-20 13:44:46,-77.277322,-11.77603,0,0.21739130434782608
P1112_15_SV_T3,2012-11-20 13:45:16,-77.28126999999999,-11.776282,0,0.21739130434782608
P1112_15_SV_T3,2012-11-20 13:45:46,-77.28514799999999,-11.776662,0,0.21739130434782608
P1112_15_SV_T3,2012-11-20 13:46:16,-77.288945,-11.776922,0,0.21739130434782608
P1112_15_SV_T3,2012-11-20 13:46:46,-77.293003,-11.77663,0,0.21739130434782608
P1112_15_SV_T3,2012-11-20 13:47:16,-77.297087,-11.776055,0,0.21739130434782608
P1112_15_SV_T3,2012-11-20 13:47:46,-77.30121700000001,-11.775162,0,0.21739130434782608
P1112_15_SV_T3,2012-11-20 13:48:16,-77.305435,-11.773752,0,0.21739130434782608
P1112_15_SV_T3,2012-11-20 13:48:46,-77.30991800000001,-11.773002,0,0.21739130434782608
P1112_15_SV_T3,2012-11-20 13:49:16,-77.314355,-11.772557,0,0.21739130434782608
P1112_15_SV_T3,2012-11-20 13:49:46,-77.318753,-11.77154,0,0.21739130434782608
P1112_15_SV_T3,2012-11-20 13:50:16,-77.32325,-11.770985000000001,0,0.17391304347826086
P1112_15_SV_T3,2012-11-20 13:50:46,-77.32784699999999,-11.76983,0,0.17391304347826086
P1112_15_SV_T3,2012-11-20 13:51:16,-77.331793,-11.768492,1,0.2608695652173913
P1112_15_SV_T3,2012-11-20 13:51:46,-77.333212,-11.768527,1,0.2608695652173913
P1112_15_SV_T3,2012-11-20 13:52:16,-77.333997,-11.76645,0,0.391304347826087
P1112_15_SV_T3,2012-11-20 13:52:46,-77.33534499999999,-11.764573,1,0.4782608695652174
P1112_15_SV_T3,2012-11-20 13:53:16,-77.335623,-11.763308,1,0.4782608695652174
P1112_15_SV_T3,2012-11-20 13:53:46,-77.334947,-11.7643,0,0.43478260869565216
P1112_15_SV_T3,2012-11-20 13:54:16,-77.333538,-11.764337,0,0.391304347826087
P1112_15_SV_T3,2012-11-20 13:54:46,-77.335537,-11.762183,1,0.43478260869565216
P1112_15_SV_T3,2012-11-20 13:55:16,-77.33709300000001,-11.761055,1,0.5652173913043478
P1112_15_SV_T3,2012-11-20 13:55:46,-77.336952,-11.761165,1,0.5652173913043478
P1112_15_SV_T3,2012-11-20 13:56:16,-77.337693,-11.759325,0,0.5652173913043478
P1112_15_SV_T3,2012-11-20 13:56:46,-77.33915,-11.759128,1,0.5217391304347826
P1112_15_SV_T3,2012-11-20 13:57:16,-77.33940799999999,-11.758848,0,0.5217391304347826
P1112_15_SV_T3,2012-11-20 13:57:46,-77.33939699999999,-11.758764999999999,0,0.5217391304347826
P1112_15_SV_T3,2012-11-20 13:58:16,-77.339437,-11.758716999999999,0,0.5217391304347826
P1112_15_SV_T3,2012-11-20 13:58:46,-77.339628,-11.75867,0,0.5217391304347826
P1112_15_SV_T3,2012-11-20 13:59:16,-77.339513,-11.75867,0,0.5217391304347826
P1112_15_SV_T3,2012-11-20 13:59:46,-77.340987,-11.759352999999999,0,0.5652173913043478
P1112_15_SV_T3,2012-11-20 14:00:16,-77.343988,-11.760322,0,0.5217391304347826
P1112_15_SV_T3,2012-11-20 14:00:46,-77.34722,-11.760798,1,0.5217391304347826
P1112_15_SV_T3,2012-11-20 14:01:16,-77.34801,-11.760635,0,0.5217391304347826
P1112_15_SV_T3,2012-11-20 14:01:46,-77.347833,-11.759023,1,0.5217391304347826
P1112_15_SV_T3,2012-11-20 14:02:16,-77.347427,-11.759458,0,0.5217391304347826
P1112_15_SV_T3,2012-11-20 14:02:46,-77.347288,-11.758393,1,0.4782608695652174
P1112_15_SV_T3,2012-11-20 14:03:16,-77.34708,-11.758823,1,0.4782608695652174
P1112_15_SV_T3,2012-11-20 14:03:46,-77.347102,-11.759457000000001,0,0.4782608695652174
P1112_15_SV_T3,2012-11-20 14:04:16,-77.348265,-11.760388,0,0.5217391304347826
P1112_15_SV_T3,2012-11-20 14:04:46,-77.351062,-11.762037,0,0.21739130434782608
P1112_15_SV_T3,2012-11-20 14:05:16,-77.353477,-11.76367,0,0.21739130434782608
P1112_15_SV_T3,2012-11-20 14:05:46,-77.355675,-11.765682,0,0.21739130434782608
P1112_15_SV_T3,2012-11-20 14:06:16,-77.358088,-11.76712,0,0.21739130434782608
P1112_15_SV_T3,2012-11-20 14:06:46,-77.360403,-11.768718,0,0.21739130434782608
P1112_15_SV_T3,2012-11-20 14:07:16,-77.363087,-11.769967999999999,0,0.21739130434782608
P1112_15_SV_T3,2012-11-20 14:07:46,-77.364678,-11.771272999999999,1,0.21739130434782608
P1112_15_SV_T3,2012-11-20 14:08:16,-77.366328,-11.773572999999999,0,0.2608695652173913
P1112_15_SV_T3,2012-11-20 14:08:46,-77.36880699999999,-11.774645,0,0.2608695652173913
P1112_15_SV_T3,2012-11-20 14:09:16,-77.370173,-11.775538000000001,0,0.2608695652173913
P1112_15_SV_T3,2012-11-20 14:09:46,-77.37265699999999,-11.775952,0,0.30434782608695654
P1112_15_SV_T3,2012-11-20 14:10:16,-77.37488499999999,-11.774898,0,0.30434782608695654
P1112_15_SV_T3,2012-11-20 14:10:46,-77.374797,-11.775822999999999,0,0.30434782608695654
P1112_15_SV_T3,2012-11-20 14:11:16,-77.377388,-11.776228,0,0.34782608695652173
P1112_15_SV_T3,2012-11-20 14:11:46,-77.37804200000001,-11.77745,0,0.391304347826087
P1112_15_SV_T3,2012-11-20 14:12:16,-77.378807,-11.77893,0,1.0
P1112_15_SV_T3,2012-11-20 14:12:46,-77.377388,-11.779877,0,1.0
P1112_15_SV_T3,2012-11-20 14:13:16,-77.37788,-11.781513,0,0.9130434782608695
P1112_15_SV_T3,2012-11-20 14:13:46,-77.37855,-11.78321,0,0.6086956521739131
P1112_15_SV_T3,2012-11-20 14:14:16,-77.377092,-11.782942,1,0.6086956521739131
P1112_15_SV_T3,2012-11-20 14:14:46,-77.376195,-11.782133,0,0.782608695652174
P1112_15_SV_T3,2012-11-20 14:15:16,-77.375838,-11.781238,1,0.9130434782608695
P1112_15_SV_T3,2012-11-20 14:15:46,-77.376512,-11.781778,0,0.782608695652174
P1112_15_SV_T3,2012-11-20 14:16:16,-77.37886800000001,-11.780448,0,1.0
P1112_15_SV_T3,2012-11-20 14:16:46,-77.376542,-11.780402,1,1.0
P1112_15_SV_T3,2012-11-20 14:17:16,-77.37632475,-11.78132775,1,0.9130434782608695
P1112_15_SV_T3,2012-11-20 14:17:46,-77.375623,-11.78205,0,0.782608695652174
P1112_15_SV_T3,2012-11-20 14:18:16,-77.377273,-11.778212,0,0.6956521739130435
P1112_15_SV_T3,2012-11-20 14:18:46,-77.37618,-11.777958,1,0.7391304347826086
P1112_15_SV_T3,2012-11-20 14:19:16,-77.37702,-11.777952,1,0.6956521739130435
P1112_15_SV_T3,2012-11-20 14:19:46,-77.377998,-11.778388,0,0.6956521739130435
P1112_15_SV_T3,2012-11-20 14:20:16,-77.37798199999999,-11.777467999999999,0,0.391304347826087
P1112_15_SV_T3,2012-11-20 14:20:46,-77.37814499999999,-11.77765,0,0.391304347826087
P1112_15_SV_T3,2012-11-20 14:21:16,-77.37674,-11.776745,0,0.43478260869565216
P1112_15_SV_T3,2012-11-20 14:21:46,-77.374273,-11.77404,1,0.6956521739130435
P1112_15_SV_T3,2012-11-20 14:22:16,-77.37298299999999,-11.77334,0,0.6521739130434783
P1112_15_SV_T3,2012-11-20 14:22:46,-77.374222,-11.773747,0,0.9565217391304348
P1112_15_SV_T3,2012-11-20 14:23:16,-77.37539,-11.773767,1,0.9565217391304348
P1112_15_SV_T3,2012-11-20 14:23:46,-77.375863,-11.773882,0,0.9565217391304348
P1112_15_SV_T3,2012-11-20 14:24:16,-77.37574000000001,-11.774142,0,0.782608695652174
P1112_15_SV_T3,2012-11-20 14:24:46,-77.3749078333333,-11.773674666666698,1,0.9565217391304348
P1112_15_SV_T3,2012-11-20 14:25:16,-77.37591,-11.774803,1,0.9565217391304348
P1112_15_SV_T3,2012-11-20 14:25:46,-77.376317,-11.774460000000001,0,0.9565217391304348
P1112_15_SV_T3,2012-11-20 14:26:16,-77.37548249999999,-11.771456,1,0.9130434782608695
P1112_15_SV_T3,2012-11-20 14:26:46,-77.37406,-11.77184,1,0.9565217391304348
P1112_15_SV_T3,2012-11-20 14:27:16,-77.373858,-11.772568,0,0.9130434782608695
P1112_15_SV_T3,2012-11-20 14:27:46,-77.374503,-11.770677000000001,0,0.9565217391304348
P1112_15_SV_T3,2012-11-20 14:28:16,-77.3754393333333,-11.769489,1,0.5217391304347826
P1112_15_SV_T3,2012-11-20 14:28:46,-77.375338,-11.769594999999999,0,0.5217391304347826
P1112_15_SV_T3,2012-11-20 14:29:16,-77.374193,-11.770777,0,0.9565217391304348
P1112_15_SV_T3,2012-11-20 14:29:46,-77.373098,-11.771692999999999,0,0.9565217391304348
P1112_15_SV_T3,2012-11-20 14:30:16,-77.374633,-11.769497,1,0.5652173913043478
P1112_15_SV_T3,2012-11-20 14:30:46,-77.373488,-11.77005,0,0.5652173913043478
P1112_15_SV_T3,2012-11-20 14:31:16,-77.370182,-11.769442999999999,0,0.34782608695652173
P1112_15_SV_T3,2012-11-20 14:31:46,-77.36662700000001,-11.768545,0,0.21739130434782608
P1112_15_SV_T3,2012-11-20 14:32:16,-77.362902,-11.768248,0,0.21739130434782608
P1112_15_SV_T3,2012-11-20 14:32:46,-77.35858,-11.767311999999999,0,0.21739130434782608
P1112_15_SV_T3,2012-11-20 14:33:16,-77.354393,-11.766985,0,0.21739130434782608
P1112_15_SV_T3,2012-11-20 14:33:46,-77.35011,-11.767275,0,0.21739130434782608
P1112_15_SV_T3,2012-11-20 14:34:16,-77.346723,-11.768092999999999,0,0.21739130434782608
P1112_15_SV_T3,2012-11-20 14:34:46,-77.343035,-11.768717,0,0.21739130434782608
P1112_15_SV_T3,2012-11-20 14:35:16,-77.339402,-11.769067,0,0.21739130434782608
P1112_15_SV_T3,2012-11-20 14:35:46,-77.33548499999999,-11.76891,0,0.21739130434782608
P1112_15_SV_T3,2012-11-20 14:36:16,-77.332612,-11.767814999999999,0,0.21739130434782608
P1112_15_SV_T3,2012-11-20 14:36:46,-77.329222,-11.767342999999999,0,0.21739130434782608
P1112_15_SV_T3,2012-11-20 14:37:16,-77.325738,-11.766718,0,0.21739130434782608
P1112_15_SV_T3,2012-11-20 14:37:46,-77.32225799999999,-11.766647,0,0.21739130434782608
P1112_15_SV_T3,2012-11-20 14:38:16,-77.31915500000001,-11.766708,0,0.21739130434782608
P1112_15_SV_T3,2012-11-20 14:38:46,-77.31577,-11.767052,0,0.21739130434782608
P1112_15_SV_T3,2012-11-20 14:39:16,-77.31255300000001,-11.76607,0,0.21739130434782608
P1112_15_SV_T3,2012-11-20 14:39:46,-77.308408,-11.765895,0,0.21739130434782608
P1112_15_SV_T3,2012-11-20 14:40:16,-77.30456,-11.765838,0,0.21739130434782608
P1112_15_SV_T3,2012-11-20 14:40:46,-77.301292,-11.766892,0,0.21739130434782608
P1112_15_SV_T3,2012-11-20 14:41:16,-77.297415,-11.766905,0,0.21739130434782608
P1112_15_SV_T3,2012-11-20 14:41:46,-77.293277,-11.766786999999999,0,0.21739130434782608
P1112_15_SV_T3,2012-11-20 14:42:16,-77.2898,-11.766655,0,0.21739130434782608
P1112_15_SV_T3,2012-11-20 14:42:46,-77.286472,-11.767563,0,0.21739130434782608
P1112_15_SV_T3,2012-11-20 14:43:16,-77.283172,-11.768673,0,0.21739130434782608
P1112_15_SV_T3,2012-11-20 14:43:46,-77.27969499999999,-11.769293,0,0.21739130434782608
P1112_15_SV_T3,2012-11-20 14:44:16,-77.276217,-11.77002,0,0.21739130434782608
P1112_15_SV_T3,2012-11-20 14:44:46,-77.27337299999999,-11.771457,0,0.21739130434782608
P1112_15_SV_T3,2012-11-20 14:45:16,-77.27059200000001,-11.771607000000001,0,0.21739130434782608
P1112_15_SV_T3,2012-11-20 14:45:46,-77.266947,-11.769603,0,0.21739130434782608
P1112_15_SV_T3,2012-11-20 14:46:16,-77.26565500000001,-11.771467999999999,0,0.17391304347826086
P1112_20_SV_T4,2012-11-22 18:00:59,-77.26445,-11.773758,0,0.2
P1112_20_SV_T4,2012-11-22 18:01:29,-77.2665546875,-11.7744516875,0,0.25
P1112_20_SV_T4,2012-11-22 18:01:59,-77.2692550588235,-11.776400588235301,0,0.25
P1112_20_SV_T4,2012-11-22 18:02:29,-77.272491,-11.77785,0,0.25
P1112_20_SV_T4,2012-11-22 18:02:59,-77.27559699999999,-11.779149,0,0.25
P1112_20_SV_T4,2012-11-22 18:03:29,-77.278824,-11.779875,0,0.25
P1112_20_SV_T4,2012-11-22 18:03:59,-77.282318,-11.7806,0,0.25
P1112_20_SV_T4,2012-11-22 18:04:29,-77.28583499999999,-11.781544,0,0.25
P1112_20_SV_T4,2012-11-22 18:04:59,-77.289276,-11.782838,0,0.25
P1112_20_SV_T4,2012-11-22 18:05:29,-77.292702,-11.784487,0,0.25
P1112_20_SV_T4,2012-11-22 18:05:59,-77.295807,-11.787042,0,0.25
P1112_20_SV_T4,2012-11-22 18:06:29,-77.299026,-11.78875,0,0.25
P1112_20_SV_T4,2012-11-22 18:06:59,-77.301857,-11.791478999999999,0,0.25
P1112_20_SV_T4,2012-11-22 18:07:29,-77.304688,-11.794392,0,0.25
P1112_20_SV_T4,2012-11-22 18:07:59,-77.307976,-11.796492,0,0.25
P1112_20_SV_T4,2012-11-22 18:08:29,-77.311012,-11.798391,0,0.25
P1112_20_SV_T4,2012-11-22 18:08:59,-77.31399499999999,-11.800448,0,0.25
P1112_20_SV_T4,2012-11-22 18:09:29,-77.31707800000001,-11.802607,0,0.25
P1112_20_SV_T4,2012-11-22 18:09:59,-77.32036925,-11.80417225,0,0.25
P1112_20_SV_T4,2012-11-22 18:10:29,-77.323875,-11.805419,0,0.25
P1112_20_SV_T4,2012-11-22 18:10:59,-77.327278,-11.806878999999999,0,0.25
P1112_20_SV_T4,2012-11-22 18:11:29,-77.330353,-11.808022,0,0.25
P1112_20_SV_T4,2012-11-22 18:11:59,-77.33339699999999,-11.809403999999999,0,0.25
P1112_20_SV_T4,2012-11-22 18:12:29,-77.336563,-11.810352,0,0.25
P1112_20_SV_T4,2012-11-22 18:12:59,-77.33980566666669,-11.811306444444401,0,0.25
P1112_20_SV_T4,2012-11-22 18:13:29,-77.342987,-11.812678,0,0.25
P1112_20_SV_T4,2012-11-22 18:13:59,-77.3442,-11.816324,0,0.25
P1112_20_SV_T4,2012-11-22 18:14:29,-77.344002,-11.820309,0,0.25
P1112_20_SV_T4,2012-11-22 18:14:59,-77.342773,-11.824274,0,0.35
P1112_20_SV_T4,2012-11-22 18:15:29,-77.3396,-11.826703,1,0.5
P1112_20_SV_T4,2012-11-22 18:15:59,-77.33892800000001,-11.825932,1,0.6
P1112_20_SV_T4,2012-11-22 18:16:29,-77.33886700000001,-11.824882,0,0.7
P1112_20_SV_T4,2012-11-22 18:16:59,-77.337336,-11.825303,1,0.8
P1112_20_SV_T4,2012-11-22 18:17:29,-77.33665500000001,-11.825839,0,0.75
P1112_20_SV_T4,2012-11-22 18:17:59,-77.336739,-11.826022,0,0.55
P1112_20_SV_T4,2012-11-22 18:18:29,-77.336548,-11.824973,0,0.8
P1112_20_SV_T4,2012-11-22 18:18:59,-77.33642900000001,-11.823423599999998,0,0.9
P1112_20_SV_T4,2012-11-22 18:19:29,-77.336624,-11.822783,1,1.0
P1112_20_SV_T4,2012-11-22 18:19:59,-77.337021,-11.821508,0,0.8
P1112_20_SV_T4,2012-11-22 18:20:29,-77.33545699999999,-11.822555,0,1.0
P1112_20_SV_T4,2012-11-22 18:20:59,-77.334816,-11.822227999999999,1,0.95
P1112_20_SV_T4,2012-11-22 18:21:29,-77.335266,-11.822853,0,1.0
P1112_20_SV_T4,2012-11-22 18:21:59,-77.33560200000001,-11.821227,0,0.85
P1112_20_SV_T4,2012-11-22 18:22:29,-77.335854,-11.820352,0,0.8
P1112_20_SV_T4,2012-11-22 18:22:59,-77.3342208333333,-11.820001,1,0.85
P1112_20_SV_T4,2012-11-22 18:23:29,-77.3346445,-11.819336999999999,0,0.85
P1112_20_SV_T4,2012-11-22 18:23:59,-77.333359,-11.819684,0,0.8
P1112_20_SV_T4,2012-11-22 18:24:29,-77.335365,-11.820609,0,0.8
P1112_20_SV_T4,2012-11-22 18:24:59,-77.33397240000001,-11.8186996,1,0.75
P1112_20_SV_T4,2012-11-22 18:25:29,-77.334908,-11.816948,1,0.65
P1112_20_SV_T4,2012-11-22 18:25:59,-77.334312,-11.815812,0,0.4
P1112_20_SV_T4,2012-11-22 18:26:29,-77.334633,-11.813353999999999,0,0.4
P1112_20_SV_T4,2012-11-22 18:26:59,-77.335068,-11.812996,0,0.4
P1112_20_SV_T4,2012-11-22 18:27:29,-77.335136,-11.81212,0,0.4
P1112_20_SV_T4,2012-11-22 18:27:59,-77.33377800000001,-11.809878999999999,0,0.35
P1112_20_SV_T4,2012-11-22 18:28:29,-77.33519,-11.807976,0,0.3
P1112_20_SV_T4,2012-11-22 18:28:59,-77.33564,-11.805369,0,0.25
P1112_20_SV_T4,2012-11-22 18:29:29,-77.335876,-11.802425,0,0.25
P1112_20_SV_T4,2012-11-22 18:29:59,-77.336998,-11.799838000000001,0,0.25
P1112_20_SV_T4,2012-11-22 18:30:29,-77.337814,-11.797106,0,0.25
P1112_20_SV_T4,2012-11-22 18:30:59,-77.336998,-11.794597999999999,0,0.25
P1112_20_SV_T4,2012-11-22 18:31:29,-77.33645600000001,-11.791831,0,0.25
P1112_20_SV_T4,2012-11-22 18:31:59,-77.334518,-11.789109,0,0.25
P1112_20_SV_T4,2012-11-22 18:32:29,-77.33219100000001,-11.787245,0,0.25
P1112_20_SV_T4,2012-11-22 18:32:59,-77.329636,-11.785789,0,0.25
P1112_20_SV_T4,2012-11-22 18:33:29,-77.327263,-11.784493,0,0.25
P1112_20_SV_T4,2012-11-22 18:33:59,-77.324364,-11.783403999999999,0,0.25
P1112_20_SV_T4,2012-11-22 18:34:29,-77.320862,-11.783634,0,0.3
P1112_20_SV_T4,2012-11-22 18:34:59,-77.319618,-11.783797,0,0.25
P1112_20_SV_T4,2012-11-22 18:35:29,-77.316727,-11.785156,0,0.35
P1112_20_SV_T4,2012-11-22 18:35:59,-77.31335666666669,-11.784840333333301,1,0.25
P1112_20_SV_T4,2012-11-22 18:36:29,-77.312775,-11.783225999999999,0,0.3
P1112_20_SV_T4,2012-11-22 18:36:59,-77.30896,-11.783408999999999,0,0.3
P1112_20_SV_T4,2012-11-22 18:37:29,-77.305962,-11.782150999999999,1,0.3
P1112_20_SV_T4,2012-11-22 18:37:59,-77.305679,-11.782974000000001,0,0.3
P1112_20_SV_T4,2012-11-22 18:38:29,-77.302261,-11.781522,0,0.3
P1112_20_SV_T4,2012-11-22 18:38:59,-77.298836,-11.781871,0,0.25
P1112_20_SV_T4,2012-11-22 18:39:29,-77.2953835,-11.781779,0,0.25
P1112_20_SV_T4,2012-11-22 18:39:59,-77.2917224,-11.781058900000001,0,0.25
P1112_20_SV_T4,2012-11-22 18:40:29,-77.28782700000001,-11.780037,0,0.25
P1112_20_SV_T4,2012-11-22 18:40:59,-77.284676,-11.778134,0,0.25
P1112_20_SV_T4,2012-11-22 18:41:29,-77.280991,-11.778071,0,0.25
P1112_20_SV_T4,2012-11-22 18:41:59,-77.277817,-11.777211,0,0.25
P1112_20_SV_T4,2012-11-22 18:42:29,-77.274467,-11.776273,0,0.25
P1112_20_SV_T4,2012-11-22 18:42:59,-77.2715,-11.774742,0,0.25
P1112_20_SV_T4,2012-11-22 18:43:29,-77.267899,-11.773442,0,0.25
P1112_20_SV_T4,2012-11-22 18:43:59,-77.264259,-11.772346,0,0.2
P1112_31_SV_T5,2012-11-26 13:11:42,-77.264534,-11.773439,0,0.3333333333333333
P1112_31_SV_T5,2012-11-26 13:12:12,-77.266624,-11.771187,0,0.4166666666666667
P1112_31_SV_T5,2012-11-26 13:12:42,-77.267715,-11.76701,0,0.4166666666666667
P1112_31_SV_T5,2012-11-26 13:13:12,-77.266434,-11.763187,0,0.5
P1112_31_SV_T5,2012-11-26 13:13:42,-77.26503000000001,-11.761343,0,0.5
P1112_31_SV_T5,2012-11-26 13:14:12,-77.263802,-11.759748,0,0.5833333333333334
P1112_31_SV_T5,2012-11-26 13:14:42,-77.26187900000001,-11.759953999999999,0,0.5833333333333334
P1112_31_SV_T5,2012-11-26 13:15:12,-77.26220325,-11.75743825,0,0.5
P1112_31_SV_T5,2012-11-26 13:15:42,-77.260094,-11.756925,0,0.5
P1112_31_SV_T5,2012-11-26 13:16:12,-77.259689,-11.753136999999999,0,0.4166666666666667
P1112_31_SV_T5,2012-11-26 13:16:42,-77.25935,-11.7489355,0,0.4166666666666667
P1112_31_SV_T5,2012-11-26 13:17:12,-77.2596875,-11.74507725,0,0.4166666666666667
P1112_31_SV_T5,2012-11-26 13:17:42,-77.260628,-11.741000999999999,0,0.4166666666666667
P1112_31_SV_T5,2012-11-26 13:18:12,-77.26162,-11.737053999999999,0,0.4166666666666667
P1112_31_SV_T5,2012-11-26 13:18:42,-77.263214,-11.733178,0,0.4166666666666667
P1112_31_SV_T5,2012-11-26 13:19:12,-77.265594,-11.729374,0,0.3333333333333333
P1112_31_SV_T5,2012-11-26 13:19:42,-77.26844625,-11.72570175,0,0.25
P1112_31_SV_T5,2012-11-26 13:20:12,-77.271599,-11.722356,1,0.5833333333333334
P1112_31_SV_T5,2012-11-26 13:20:42,-77.27179,-11.718867999999999,0,0.4166666666666667
P1112_31_SV_T5,2012-11-26 13:21:12,-77.273239,-11.720784,0,0.5
P1112_31_SV_T5,2012-11-26 13:21:42,-77.2743743333333,-11.7231518333333,1,0.5
P1112_31_SV_T5,2012-11-26 13:22:12,-77.27516899999999,-11.724898,0,0.5
P1112_31_SV_T5,2012-11-26 13:22:42,-77.275406,-11.727135,0,0.5833333333333334
P1112_31_SV_T5,2012-11-26 13:23:12,-77.27887700000001,-11.725496000000001,1,0.5833333333333334
P1112_31_SV_T5,2012-11-26 13:23:42,-77.279678,-11.726367999999999,0,0.5833333333333334
P1112_31_SV_T5,2012-11-26 13:24:12,-77.282463,-11.724730000000001,1,0.5833333333333334
P1112_31_SV_T5,2012-11-26 13:24:42,-77.28353100000001,-11.724488000000001,0,0.5833333333333334
P1112_31_SV_T5,2012-11-26 13:25:12,-77.28656,-11.72392,1,0.6666666666666666
P1112_31_SV_T5,2012-11-26 13:25:42,-77.287155,-11.724178,1,0.5833333333333334
P1112_31_SV_T5,2012-11-26 13:26:12,-77.290176,-11.723517,0,0.5
P1112_31_SV_T5,2012-11-26 13:26:42,-77.290695,-11.725758,0,0.8333333333333334
P1112_31_SV_T5,2012-11-26 13:27:12,-77.292236,-11.72765,1,0.75
P1112_31_SV_T5,2012-11-26 13:27:42,-77.291542,-11.728102,1,0.9166666666666666
P1112_31_SV_T5,2012-11-26 13:28:12,-77.291893,-11.726581,0,0.6666666666666666
P1112_31_SV_T5,2012-11-26 13:28:42,-77.292519,-11.729011999999999,0,1.0
P1112_31_SV_T5,2012-11-26 13:29:12,-77.294624,-11.730833,1,0.6666666666666666
P1112_31_SV_T5,2012-11-26 13:29:42,-77.29414399999999,-11.73134,0,0.6666666666666666
P1112_31_SV_T5,2012-11-26 13:30:12,-77.292463,-11.732147,1,0.75
P1112_31_SV_T5,2012-11-26 13:30:42,-77.29303,-11.730921,0,0.9166666666666666
P1112_31_SV_T5,2012-11-26 13:31:12,-77.292213,-11.733147,0,0.75
P1112_31_SV_T5,2012-11-26 13:31:42,-77.291489,-11.736005,0,0.5833333333333334
P1112_31_SV_T5,2012-11-26 13:32:12,-77.2915577142857,-11.738503999999999,1,0.5833333333333334
P1112_31_SV_T5,2012-11-26 13:32:42,-77.292183,-11.737432,0,0.5833333333333334
P1112_31_SV_T5,2012-11-26 13:33:12,-77.290749,-11.739574000000001,0,0.5833333333333334
P1112_31_SV_T5,2012-11-26 13:33:42,-77.289375,-11.741939,0,0.4166666666666667
P1112_31_SV_T5,2012-11-26 13:34:12,-77.28763599999999,-11.744167,0,0.4166666666666667
P1112_31_SV_T5,2012-11-26 13:34:42,-77.285797,-11.746647,0,0.4166666666666667
P1112_31_SV_T5,2012-11-26 13:35:12,-77.28363,-11.748277999999999,0,0.4166666666666667
P1112_31_SV_T5,2012-11-26 13:35:42,-77.28227199999999,-11.750324,0,0.4166666666666667
P1112_31_SV_T5,2012-11-26 13:36:12,-77.280434,-11.751811,0,0.4166666666666667
P1112_31_SV_T5,2012-11-26 13:36:42,-77.27820600000001,-11.753063000000001,0,0.4166666666666667
P1112_31_SV_T5,2012-11-26 13:37:12,-77.276505,-11.755063999999999,0,0.4166666666666667
P1112_31_SV_T5,2012-11-26 13:37:42,-77.275497,-11.757457,0,0.4166666666666667
P1112_31_SV_T5,2012-11-26 13:38:12,-77.274422,-11.759591,0,0.4166666666666667
P1112_31_SV_T5,2012-11-26 13:38:42,-77.273224,-11.761892,0,0.5
P1112_31_SV_T5,2012-11-26 13:39:12,-77.271477,-11.763411999999999,0,0.4166666666666667
P1112_31_SV_T5,2012-11-26 13:39:42,-77.270882,-11.765746,0,0.5833333333333334
P1112_31_SV_T5,2012-11-26 13:40:12,-77.269859,-11.767762,0,0.4166666666666667
P1112_31_SV_T5,2012-11-26 13:40:42,-77.268967,-11.769801,0,0.5
P1112_31_SV_T5,2012-11-26 13:41:12,-77.266739,-11.771236,0,0.4166666666666667
P1112_31_SV_T5,2012-11-26 13:41:42,-77.264496,-11.773079,0,0.3333333333333333
P1113_28_SV_T1,2013-11-19 09:35:30,-77.26431,-11.77393,0,0.4666666666666667
P1113_28_SV_T1,2013-11-19 09:36:00,-77.26428,-11.77303,0,0.4666666666666667
P1113_28_SV_T1,2013-11-19 09:36:30,-77.26482,-11.77251,0,0.4666666666666667
P1113_28_SV_T1,2013-11-19 09:37:00,-77.2653,-11.7735,0,0.4666666666666667
P1113_28_SV_T1,2013-11-19 09:37:30,-77.26763000000001,-11.77363,0,0.5333333333333333
P1113_28_SV_T1,2013-11-19 09:38:00,-77.27071,-11.7746,0,0.3333333333333333
P1113_28_SV_T1,2013-11-19 09:38:30,-77.27356,-11.775910000000001,0,0.3333333333333333
P1113_28_SV_T1,2013-11-19 09:39:00,-77.27645,-11.777330000000001,0,0.3333333333333333
P1113_28_SV_T1,2013-11-19 09:39:30,-77.27942,-11.77893,0,0.3333333333333333
P1113_28_SV_T1,2013-11-19 09:40:00,-77.28259,-11.7806,0,0.3333333333333333
P1113_28_SV_T1,2013-11-19 09:40:30,-77.2864,-11.78097,0,0.3333333333333333
P1113_28_SV_T1,2013-11-19 09:41:00,-77.29018,-11.78167,0,0.3333333333333333
P1113_28_SV_T1,2013-11-19 09:41:30,-77.29388,-11.78166,0,0.3333333333333333
P1113_28_SV_T1,2013-11-19 09:42:00,-77.29738,-11.78222,0,0.3333333333333333
P1113_28_SV_T1,2013-11-19 09:42:30,-77.30077,-11.782760000000001,0,0.3333333333333333
P1113_28_SV_T1,2013-11-19 09:43:00,-77.30438000000001,-11.78364,0,0.3333333333333333
P1113_28_SV_T1,2013-11-19 09:43:30,-77.30731999999999,-11.78492,0,0.3333333333333333
P1113_28_SV_T1,2013-11-19 09:44:00,-77.31096,-11.78577,0,0.3333333333333333
P1113_28_SV_T1,2013-11-19 09:44:30,-77.3149,-11.785739999999999,0,0.3333333333333333
P1113_28_SV_T1,2013-11-19 09:45:00,-77.31857,-11.78587,0,0.3333333333333333
P1113_28_SV_T1,2013-11-19 09:45:30,-77.32177,-11.78753,0,0.3333333333333333
P1113_28_SV_T1,2013-11-19 09:46:00,-77.3254,-11.78765,0,0.3333333333333333
P1113_28_SV_T1,2013-11-19 09:46:30,-77.32928000000001,-11.78786,0,0.3333333333333333
P1113_28_SV_T1,2013-11-19 09:47:00,-77.3331,-11.78837,0,0.3333333333333333
P1113_28_SV_T1,2013-11-19 09:47:30,-77.33679000000001,-11.789530000000001,0,0.3333333333333333
P1113_28_SV_T1,2013-11-19 09:48:00,-77.34063,-11.79078,0,0.3333333333333333
P1113_28_SV_T1,2013-11-19 09:48:30,-77.3439,-11.79289,0,0.3333333333333333
P1113_28_SV_T1,2013-11-19 09:49:00,-77.34716,-11.79481,0,0.3333333333333333
P1113_28_SV_T1,2013-11-19 09:49:30,-77.35039,-11.79653,0,0.3333333333333333
P1113_28_SV_T1,2013-11-19 09:50:00,-77.35324,-11.798589999999999,0,0.3333333333333333
P1113_28_SV_T1,2013-11-19 09:50:30,-77.35611999999999,-11.80059,0,0.3333333333333333
P1113_28_SV_T1,2013-11-19 09:51:00,-77.359,-11.802589999999999,0,0.3333333333333333
P1113_28_SV_T1,2013-11-19 09:51:30,-77.36180999999999,-11.80519,0,0.3333333333333333
P1113_28_SV_T1,2013-11-19 09:52:00,-77.36401,-11.80768,0,0.3333333333333333
P1113_28_SV_T1,2013-11-19 09:52:30,-77.36641,-11.810360000000001,0,0.3333333333333333
P1113_28_SV_T1,2013-11-19 09:53:00,-77.36887,-11.81286,0,0.3333333333333333
P1113_28_SV_T1,2013-11-19 09:53:30,-77.37045,-11.81604,0,0.3333333333333333
P1113_28_SV_T1,2013-11-19 09:54:00,-77.3713,-11.819360000000001,0,0.3333333333333333
P1113_28_SV_T1,2013-11-19 09:54:30,-77.37221,-11.82276,0,0.3333333333333333
P1113_28_SV_T1,2013-11-19 09:55:00,-77.37309,-11.825999999999999,0,0.3333333333333333
P1113_28_SV_T1,2013-11-19 09:55:30,-77.37298,-11.82955,0,0.3333333333333333
P1113_28_SV_T1,2013-11-19 09:56:00,-77.37199,-11.83329,0,0.3333333333333333
P1113_28_SV_T1,2013-11-19 09:56:30,-77.37128,-11.83694,0,0.4
P1113_28_SV_T1,2013-11-19 09:57:00,-77.36968,-11.83878,0,0.4
P1113_28_SV_T1,2013-11-19 09:57:30,-77.36988000000001,-11.8404,0,0.4666666666666667
P1113_28_SV_T1,2013-11-19 09:58:00,-77.37031999999999,-11.841560000000001,1,0.4
P1113_28_SV_T1,2013-11-19 09:58:30,-77.3697,-11.84415,0,0.6
P1113_28_SV_T1,2013-11-19 09:59:00,-77.36914,-11.846689999999999,0,0.6666666666666666
P1113_28_SV_T1,2013-11-19 09:59:30,-77.36965,-11.847719999999999,1,0.6666666666666666
P1113_28_SV_T1,2013-11-19 10:00:00,-77.36962,-11.848189999999999,1,0.6666666666666666
P1113_28_SV_T1,2013-11-19 10:00:30,-77.36842,-11.84806,1,0.6666666666666666
P1113_28_SV_T1,2013-11-19 10:01:00,-77.36851999999999,-11.848980000000001,1,0.6
P1113_28_SV_T1,2013-11-19 10:01:30,-77.36735,-11.846960000000001,1,1.0
P1113_28_SV_T1,2013-11-19 10:02:00,-77.36616,-11.847999999999999,0,0.8666666666666667
P1113_28_SV_T1,2013-11-19 10:02:30,-77.36401,-11.84596,0,0.5333333333333333
P1113_28_SV_T1,2013-11-19 10:03:00,-77.36352,-11.84677,1,0.5333333333333333
P1113_28_SV_T1,2013-11-19 10:03:30,-77.36468,-11.84437,0,0.6
P1113_28_SV_T1,2013-11-19 10:04:00,-77.36587,-11.84453,1,0.6
P1113_28_SV_T1,2013-11-19 10:04:30,-77.36841,-11.84402,0,0.6666666666666666
P1113_28_SV_T1,2013-11-19 10:05:00,-77.37088,-11.84341,1,0.4666666666666667
P1113_28_SV_T1,2013-11-19 10:05:30,-77.37051,-11.84411,1,0.4666666666666667
P1113_28_SV_T1,2013-11-19 10:06:00,-77.37063,-11.84426,0,0.4666666666666667
P1113_28_SV_T1,2013-11-19 10:06:30,-77.3686,-11.84383,0,0.6666666666666666
P1113_28_SV_T1,2013-11-19 10:07:00,-77.36661,-11.840119999999999,0,0.4
P1113_28_SV_T1,2013-11-19 10:07:30,-77.3652,-11.83941,1,0.6
P1113_28_SV_T1,2013-11-19 10:08:00,-77.36246,-11.839360000000001,0,0.6666666666666666
P1113_28_SV_T1,2013-11-19 10:08:30,-77.36086,-11.84018,0,0.6666666666666666
P1113_28_SV_T1,2013-11-19 10:09:00,-77.36143,-11.84103,0,0.6666666666666666
P1113_28_SV_T1,2013-11-19 10:09:30,-77.36192,-11.84063,1,0.6
P1113_28_SV_T1,2013-11-19 10:10:00,-77.36205,-11.84089,0,0.6
P1113_28_SV_T1,2013-11-19 10:10:30,-77.36025,-11.84198,0,0.6
P1113_28_SV_T1,2013-11-19 10:11:00,-77.35738,-11.83965,0,0.3333333333333333
P1113_28_SV_T1,2013-11-19 10:11:30,-77.35404,-11.837710000000001,0,0.3333333333333333
P1113_28_SV_T1,2013-11-19 10:12:00,-77.35098,-11.835180000000001,0,0.3333333333333333
P1113_28_SV_T1,2013-11-19 10:12:30,-77.34731,-11.83259,0,0.3333333333333333
P1113_28_SV_T1,2013-11-19 10:13:00,-77.34409000000001,-11.82948,0,0.3333333333333333
P1113_28_SV_T1,2013-11-19 10:13:30,-77.34042,-11.82725,0,0.3333333333333333
P1113_28_SV_T1,2013-11-19 10:14:00,-77.33700999999999,-11.824489999999999,0,0.26666666666666666
P1113_28_SV_T1,2013-11-19 10:14:30,-77.33312,-11.82146,0,0.26666666666666666
P1113_28_SV_T1,2013-11-19 10:15:00,-77.33003000000001,-11.81845,0,0.3333333333333333
P1113_28_SV_T1,2013-11-19 10:15:30,-77.32595,-11.81683,0,0.3333333333333333
P1113_28_SV_T1,2013-11-19 10:16:00,-77.32254,-11.814910000000001,0,0.26666666666666666
P1113_28_SV_T1,2013-11-19 10:16:30,-77.32039,-11.810789999999999,0,0.2
P1113_28_SV_T1,2013-11-19 10:17:00,-77.31754000000001,-11.80683,0,0.2
P1113_28_SV_T1,2013-11-19 10:17:30,-77.31385,-11.80392,0,0.26666666666666666
P1113_28_SV_T1,2013-11-19 10:18:00,-77.31043000000001,-11.80127,0,0.26666666666666666
P1113_28_SV_T1,2013-11-19 10:18:30,-77.30726,-11.79755,0,0.2
P1113_28_SV_T1,2013-11-19 10:19:00,-77.30357,-11.794360000000001,0,0.2
P1113_28_SV_T1,2013-11-19 10:19:30,-77.29966999999999,-11.79139,0,0.2
P1113_28_SV_T1,2013-11-19 10:20:00,-77.29621,-11.787989999999999,0,0.2
P1113_28_SV_T1,2013-11-19 10:20:30,-77.29198000000001,-11.78549,0,0.2
P1113_28_SV_T1,2013-11-19 10:21:00,-77.28786,-11.78307,0,0.26666666666666666
P1113_28_SV_T1,2013-11-19 10:21:30,-77.28404,-11.78068,0,0.26666666666666666
P1113_28_SV_T1,2013-11-19 10:22:00,-77.28014,-11.77827,0,0.26666666666666666
P1113_28_SV_T1,2013-11-19 10:22:30,-77.27617,-11.776480000000001,0,0.3333333333333333
P1113_28_SV_T1,2013-11-19 10:23:00,-77.27221,-11.77502,0,0.26666666666666666
P1113_28_SV_T1,2013-11-19 10:23:30,-77.26793,-11.77313,0,0.26666666666666666
P1113_28_SV_T1,2013-11-19 10:24:00,-77.2644,-11.77311,0,0.26666666666666666
