"ID","step","angle","datetime","dive","x","y","prediction"
"P1108_46_SV_T2",0.499669997549752,NA,2008-12-05 19:59:56,0,-77.262353,-11.772758,0.960576219800322
"P1108_46_SV_T2",0.859731745068072,-1.04530882110487,2008-12-05 20:00:56,0,-77.265142,-11.776343,0.999533489733462
"P1108_46_SV_T2",0.787560746641886,-0.0671356381307103,2008-12-05 20:01:56,0,-77.272965,-11.775347,0.0113999742320147
"P1108_46_SV_T2",0.718929018483606,0.231037958677809,2008-12-05 20:02:56,0,-77.280053,-11.773963,0.000802905712047138
"P1108_46_SV_T2",0.783735117427085,-0.116644030874279,2008-12-05 20:03:56,0,-77.286645,-11.774193,8.62886187936822e-05
"P1108_46_SV_T2",0.826872138469126,-0.037561494952886,2008-12-05 20:04:56,0,-77.293812,-11.773618,4.64562230091689e-05
"P1108_46_SV_T2",0.832332132718257,-0.00296510894864226,2008-12-05 20:05:56,0,-77.301345,-11.772732,4.38735729024528e-05
"P1108_46_SV_T2",0.873098488862966,-0.0724043069799383,2008-12-05 20:06:56,0,-77.308925,-11.771818,4.25066632919572e-05
"P1108_46_SV_T2",0.858110407698762,0.0515068080524606,2008-12-05 20:07:56,0,-77.316785,-11.770295,4.20476638577974e-05
"P1108_46_SV_T2",0.816978003034889,0.155265310624848,2008-12-05 20:08:56,0,-77.324578,-11.769192,6.42126602102992e-05
"P1108_46_SV_T2",0.829392446743095,0.141801669620548,2008-12-05 20:09:56,0,-77.332073,-11.769285,5.88430856918188e-05
"P1108_46_SV_T2",0.722685124715038,0.16269065683283,2008-12-05 20:10:56,0,-77.339592,-11.770438,0.000180468724538875
"P1108_46_SV_T2",0.797789891803225,-0.0865395424745224,2008-12-05 20:11:56,0,-77.345892,-11.772475,6.14836141699584e-05
"P1108_46_SV_T2",0.834857388734099,0.0644224382502052,2008-12-05 20:12:56,0,-77.353018,-11.774123,4.61591788328625e-05
"P1108_46_SV_T2",0.89471729271459,-0.20384353086527,2008-12-05 20:13:56,0,-77.360347,-11.776317,6.75716846626329e-05
"P1108_46_SV_T2",0.869083326103331,-0.059933878080177,2008-12-05 20:14:56,0,-77.368522,-11.777053,4.19375420537571e-05
"P1108_46_SV_T2",0.918041362979579,0.0428634527809911,2008-12-05 20:15:56,0,-77.376492,-11.777298,4.50313231479177e-05
"P1108_46_SV_T2",0.859915066307393,-0.0952806864575411,2008-12-05 20:16:56,0,-77.384892,-11.777912,0.000260926385822355
"P1108_46_SV_T2",0.733867082719673,0.147121032998247,2008-12-05 20:17:56,0,-77.39278,-11.777747,0.0222480403401141
"P1108_46_SV_T2",0.523677621095336,-0.592119048655092,2008-12-05 20:18:56,0,-77.39946,-11.77858,0.892718051257351
"P1108_46_SV_T2",0.0238977106721659,-0.117155745473799,2008-12-05 20:19:56,0,-77.403752,-11.776452,1
"P1108_46_SV_T2",0.0309613923633692,0.899441726182739,2008-12-05 20:20:56,0,-77.403935,-11.776333,1
"P1108_46_SV_T2",0.00993802364965151,2.88863568270233,2008-12-05 20:21:56,0,-77.404205,-11.77642,1
"P1108_46_SV_T2",0.0169415890078388,-2.81865722406852,2008-12-05 20:22:56,0,-77.404114,-11.7764143333333,1
"P1108_46_SV_T2",0.577172437149335,0.518245044060593,2008-12-05 20:23:56,0,-77.404258,-11.776472,0.964448612742373
"P1108_46_SV_T2",0.606348448728578,-0.695899744114015,2008-12-05 20:24:56,0,-77.407532,-11.780573,0.988977615368441
"P1108_46_SV_T2",0.788532655683768,-0.231534845548647,2008-12-05 20:25:56,0,-77.412975,-11.781707,0.0235538138508358
"P1108_46_SV_T2",0.835520059146881,0.384883587305544,2008-12-05 20:26:56,0,-77.420208,-11.781542,0.00219983141769488
"P1108_46_SV_T2",0.895301697402063,0.413581124101766,2008-12-05 20:27:56,0,-77.427378,-11.784215,0.000512748493816601
"P1108_46_SV_T2",0.888426923190761,-0.15370868937637,2008-12-05 20:28:56,0,-77.433245,-11.78988,9.60052323335342e-05
"P1108_46_SV_T2",0.819221683077637,0.597704500967728,2008-12-05 20:29:56,0,-77.439872,-11.794557,0.00372695166766154
"P1108_46_SV_T2",0.877151821751547,0.165027285601378,2008-12-05 20:30:56,0,-77.44246,-11.80151,9.80505529038028e-05
"P1108_46_SV_T2",0.80956931880274,0.0398705837635291,2008-12-05 20:31:56,0,-77.443952,-11.809302,0.000113295779666354
"P1108_46_SV_T2",0.716756619785325,-0.236423579097312,2008-12-05 20:32:56,0,-77.445037,-11.816542,0.000815771992018543
"P1108_46_SV_T2",0.692242464662585,0.195360950264034,2008-12-05 20:33:56,0,-77.447495,-11.822552,0.00358438576075923
"P1108_46_SV_T2",0.678575396020715,0.0404944181878887,2008-12-05 20:34:56,0,-77.44868,-11.8287,0.0491947882009448
"P1108_46_SV_T2",0.370406772885333,-0.298103075908493,2008-12-05 20:35:56,1,-77.449593,-11.834768,0.997352242778016
"P1108_46_SV_T2",0.101173059025133,-2.34906604856263,2008-12-05 20:36:56,1,-77.451057,-11.83779,1
"P1108_46_SV_T2",0.156248157756116,-0.101419222515973,2008-12-05 20:37:56,1,-77.451373,-11.83693,1
"P1108_46_SV_T2",0.394739027051921,2.77397030891029,2008-12-05 20:38:56,1,-77.451722,-11.83556,0.999999999994819
"P1108_46_SV_T2",0.389064475719154,-1.7932826907575,2008-12-05 20:39:56,1,-77.452162,-11.839102,0.999999997006385
"P1108_46_SV_T2",0.136780472704903,1.07470816115818,2008-12-05 20:40:56,1,-77.455523,-11.837915,1
"P1108_46_SV_T2",0.133913176263604,0.358962067680623,2008-12-05 20:41:56,1,-77.456458,-11.83874,1
"P1108_46_SV_T2",0.369562607601237,-1.6784448440643,2008-12-05 20:42:56,1,-77.457027,-11.839813,0.99999999758913
"P1108_46_SV_T2",0.29020688911788,-0.604544266394012,2008-12-05 20:43:56,1,-77.459847,-11.837957,0.999999989243803
"P1108_46_SV_T2",0.248019710056443,-2.07414155764996,2008-12-05 20:44:56,1,-77.460828,-11.835518,1
"P1108_46_SV_T2",0.407730188902803,-0.230002017510109,2008-12-05 20:45:56,1,-77.45857,-11.8358,0.999313642955705
"P1108_46_SV_T2",0.431130928364501,-0.835109924051432,2008-12-05 20:46:56,1,-77.455063,-11.837085,0.999854210451326
"P1108_46_SV_T2",0.595613453906534,-1.61971644102142,2008-12-05 20:47:56,0,-77.453597,-11.840705,0.999992972018426
"P1108_46_SV_T2",0.364462169108417,1.01154156595514,2008-12-05 20:48:56,0,-77.458767,-11.842453,0.999999321947516
"P1108_46_SV_T2",0.258787918635854,0.318409415218303,2008-12-05 20:49:56,0,-77.459525,-11.845662,0.999999999368952
"P1108_46_SV_T2",0.379273080250184,-0.403772862411651,2008-12-05 20:50:56,0,-77.459312,-11.847992,0.999892893388587
"P1108_46_SV_T2",0.496501244437029,0.785275629714883,2008-12-05 20:51:56,0,-77.460387,-11.851253,0.998168463486015
"P1108_46_SV_T2",0.282344758315939,-0.0329013774038198,2008-12-05 20:52:56,0,-77.458318,-11.855252,0.999999967308171
"P1108_46_SV_T2",0.239277166234851,0.978289624694039,2008-12-05 20:53:56,0,-77.457218,-11.857563,0.99999999999904
"P1108_46_SV_T2",0.63216036177342,0.257166856699797,2008-12-05 20:54:56,0,-77.455048,-11.857895,0.290839543009303
"P1108_46_SV_T2",0.687290158696165,0.161048454749482,2008-12-05 20:55:56,0,-77.449277,-11.857307,0.0191498088373692
"P1108_46_SV_T2",0.773058961241344,0.277881131740254,2008-12-05 20:56:56,0,-77.443188,-11.855685,0.00226871051893916
"P1108_46_SV_T2",0.816898327521263,0.336575005287218,2008-12-05 20:57:56,0,-77.43711,-11.85208,0.000589618207575479
"P1108_46_SV_T2",0.846669914816975,-0.3027132344581,2008-12-05 20:58:56,0,-77.432325,-11.846395,0.000159477153920896
"P1108_46_SV_T2",0.931602773606863,-0.130363906777856,2008-12-05 20:59:56,0,-77.425808,-11.842227,5.64260572671162e-05
"P1108_46_SV_T2",0.840883238478449,0.240126729148414,2008-12-05 21:00:56,0,-77.418093,-11.838598,8.76616496791708e-05
"P1108_46_SV_T2",0.895087402603798,0.0163552054260833,2008-12-05 21:01:56,0,-77.41212,-11.833785,4.06402301638379e-05
"P1108_46_SV_T2",0.961304391380171,0.0729103857926312,2008-12-05 21:02:56,0,-77.405848,-11.82856,5.90579438149257e-05
"P1108_46_SV_T2",0.766514229165454,-0.387612200694875,2008-12-05 21:03:56,0,-77.399545,-11.82248,0.000470647555436477
"P1108_46_SV_T2",0.748423457297573,-0.0603097699682392,2008-12-05 21:04:56,0,-77.393032,-11.819863,0.00010182767875164
"P1108_46_SV_T2",0.753349885155099,-0.0643568020962656,2008-12-05 21:05:56,0,-77.386528,-11.81769,9.06730651606092e-05
"P1108_46_SV_T2",0.989168443245376,0.216466684813829,2008-12-05 21:06:56,0,-77.379852,-11.815922,0.000114896813677302
"P1108_46_SV_T2",0.823889016735381,0.0767640516362482,2008-12-05 21:07:56,0,-77.371797,-11.8118,4.99404122370728e-05
"P1108_46_SV_T2",0.895590745800656,-0.214925295021427,2008-12-05 21:08:56,0,-77.365375,-11.80787,7.20403519548655e-05
"P1108_46_SV_T2",0.959053763549928,0.136795995659629,2008-12-05 21:09:56,0,-77.35763,-11.805163,6.45131886928206e-05
"P1108_46_SV_T2",0.925700549958362,-0.0802840270655959,2008-12-05 21:10:56,0,-77.349815,-11.801177,4.70096290140334e-05
"P1108_46_SV_T2",0.953254218619236,-0.0181072689948802,2008-12-05 21:11:56,0,-77.341983,-11.797938,4.93628743451751e-05
"P1108_46_SV_T2",0.972773997303824,0.079400128219159,2008-12-05 21:12:56,0,-77.333858,-11.794747,6.00224323772053e-05
"P1108_46_SV_T2",0.911728632921133,-0.0241657550316582,2008-12-05 21:13:56,0,-77.325855,-11.790853,4.19784813581275e-05
"P1108_46_SV_T2",0.927843089226706,-0.206058317737212,2008-12-05 21:14:56,0,-77.318267,-11.787383,7.44897895395134e-05
"P1108_46_SV_T2",0.991854306478938,0.0792387325445912,2008-12-05 21:15:56,0,-77.309975,-11.785483,6.9804773044885e-05
"P1108_46_SV_T2",0.943284479001442,0.0816257839568017,2008-12-05 21:16:56,0,-77.301302,-11.782767,5.10582831359705e-05
"P1108_46_SV_T2",0.860878975348189,0.202521679527048,2008-12-05 21:17:56,0,-77.293295,-11.77953,7.28331386708727e-05
"P1108_46_SV_T2",0.818189684767808,-0.415212529075344,2008-12-05 21:18:56,0,-77.28674,-11.775188,0.000473148865192693
"P1108_46_SV_T2",0.877504704929755,0.0581840649856876,2008-12-05 21:19:56,0,-77.27935,-11.773888,0.00104059924600146
"P1108_46_SV_T2",0.679434823123723,-0.287800475771943,2008-12-05 21:20:56,0,-77.27152,-11.772042,0.118134085699338
"P1108_46_SV_T2",0.209189613341716,-1.18616208169553,2008-12-05 21:21:56,0,-77.265295,-11.772367,0.999999999999849
"P1108_46_SV_T2",NA,NA,2008-12-05 21:22:56,0,-77.26467,-11.774155,0.881309996316644
"P1111_41_SV_T4",0.645941627626174,NA,2011-11-23 23:00:01,0,-77.26458,-11.773493,0.146213543067611
"P1111_41_SV_T4",0.949641069049345,0.36153204089826,2011-11-23 23:01:01,0,-77.2702895,-11.7719275,0.0077008968181437
"P1111_41_SV_T4",0.985208629653247,-0.285024456288575,2011-11-23 23:02:01,0,-77.278967,-11.7727,0.000398412122645437
"P1111_41_SV_T4",1.03402919027728,-0.0860567638771477,2011-11-23 23:03:01,0,-77.287835,-11.770975,0.000129208217416168
"P1111_41_SV_T4",1.13399300543209,-0.171958880009258,2011-11-23 23:04:01,0,-77.29695,-11.768383,0.000925588406097558
"P1111_41_SV_T4",1.24641522067782,0.0210901208045275,2011-11-23 23:05:01,0,-77.306305,-11.763897,0.00413508647600859
"P1111_41_SV_T4",0.639170938842037,0.109755185059071,2011-11-23 23:06:01,1,-77.3166905,-11.759181,0.00163439997890769
"P1111_41_SV_T4",1.08214198742199,-0.292022295619749,2011-11-23 23:07:01,0,-77.322253,-11.757352,0.00101784173681709
"P1111_41_SV_T4",0.997349785313357,0.533276416823769,2011-11-23 23:08:01,0,-77.330367,-11.751715,0.00256666966223052
"P1111_41_SV_T4",1.00167304829737,0.0494648680261687,2011-11-23 23:09:01,0,-77.339487,-11.750987,0.000274651930046075
"P1111_41_SV_T4",0.841047817664522,0.259229676863154,2011-11-23 23:10:01,0,-77.348672,-11.750703,0.00946574407574466
"P1111_41_SV_T4",0.908411089190691,-0.931798346829759,2011-11-23 23:11:01,0,-77.3561885,-11.7524205,0.53618540080166
"P1111_41_SV_T4",0.812544769066043,0.126689163514873,2011-11-23 23:12:01,1,-77.3625415,-11.7471055,0.0267461695328935
"P1111_41_SV_T4",0.82768071794811,0.285864667615523,2011-11-23 23:13:01,0,-77.368788,-11.743097,0.0427360105055438
"P1111_41_SV_T4",0.130764902798128,0.865935539437019,2011-11-23 23:14:01,1,-77.376061,-11.7409475555556,1
"P1111_41_SV_T4",0.537364714890909,-0.109867187648012,2011-11-23 23:15:01,0,-77.377068,-11.74159,0.86780894120374
"P1111_41_SV_T4",0.838478562765214,-0.305569312990043,2011-11-23 23:16:01,0,-77.381475,-11.743767,0.751743464688278
"P1111_41_SV_T4",0.484690048683763,1.24378482952628,2011-11-23 23:17:01,0,-77.38907,-11.744968,0.999337503745727
"P1111_41_SV_T4",0.303837431556577,0.781884415643667,2011-11-23 23:18:01,1,-77.389813,-11.749288,0.999999980099063
"P1111_41_SV_T4",0.302193544447747,1.1951446255348,2011-11-23 23:19:01,1,-77.388207,-11.751533,0.999999999226708
"P1111_41_SV_T4",0.437238239441282,-0.450957745795966,2011-11-23 23:20:01,0,-77.385513,-11.750888,0.998596876498664
"P1111_41_SV_T4",0.295615230063327,-1.4987677657157,2011-11-23 23:21:01,0,-77.381592,-11.751722,0.999999999976424
"P1111_41_SV_T4",0.402042751091879,-0.826266016574359,2011-11-23 23:22:01,0,-77.381972,-11.754368,0.999967239136674
"P1111_41_SV_T4",0.423690711842969,-0.610735431589408,2011-11-23 23:23:01,0,-77.385008,-11.756432,0.999645059948664
"P1111_41_SV_T4",0.861986249795467,-2.6230641067521,2011-11-23 23:24:01,0,-77.388895,-11.756406,0.999999999994609
"P1111_41_SV_T4",0.832976324984841,-0.382852233573982,2011-11-23 23:25:01,0,-77.382,-11.75259,0.0472418269479805
"P1111_41_SV_T4",0.754658427075636,-0.185004730995128,2011-11-23 23:26:01,0,-77.3744215,-11.751622,0.00117432702656985
"P1111_41_SV_T4",0.7935726609941,-0.00897693859827322,2011-11-23 23:27:01,0,-77.367509,-11.7520045,6.83018025918432e-05
"P1111_41_SV_T4",0.762125185551274,0.0222428257418666,2011-11-23 23:28:01,0,-77.360244,-11.752471,7.63136342054863e-05
"P1111_41_SV_T4",0.804536113445566,-0.0619952896585323,2011-11-23 23:29:01,0,-77.3532585,-11.752766,5.46729257278445e-05
"P1111_41_SV_T4",0.784980487517368,0.0328946560881938,2011-11-23 23:30:01,0,-77.345918,-11.753527,6.50286704272802e-05
"P1111_41_SV_T4",0.7646376353913,0.00228943309587538,2011-11-23 23:31:01,0,-77.338735,-11.754037,0.000112486610707474
"P1111_41_SV_T4",0.789170067837168,0.0868844235673788,2011-11-23 23:32:01,0,-77.331737,-11.754518,0.000520411777239113
"P1111_41_SV_T4",0.742419350835899,-0.30473091850881,2011-11-23 23:33:01,0,-77.324498,-11.754395,0.00412139673782233
"P1111_41_SV_T4",0.622084081948523,0.167708812198299,2011-11-23 23:34:01,0,-77.3179663333333,-11.756298,0.00245131570653857
"P1111_41_SV_T4",0.628268934410767,-0.108083713466028,2011-11-23 23:35:01,0,-77.3123,-11.75697,0.000376102993237737
"P1111_41_SV_T4",0.642018455050808,0.0372696176713977,2011-11-23 23:36:01,0,-77.306685,-11.758253,0.00014395352964549
"P1111_41_SV_T4",0.642360611381508,0.0258228082057024,2011-11-23 23:37:01,0,-77.3009015,-11.7593525,0.000118153848291383
"P1111_41_SV_T4",0.642118814016725,-0.00137257125224488,2011-11-23 23:38:01,0,-77.295088,-11.760305,0.00011294340155973
"P1111_41_SV_T4",0.640892786872519,-0.118687387673325,2011-11-23 23:39:01,0,-77.289278,-11.761265,0.000119291153180354
"P1111_41_SV_T4",0.572458343030501,0.00446050682896834,2011-11-23 23:40:01,0,-77.283635,-11.762893,0.000147487647961301
"P1111_41_SV_T4",0.590681701252163,-0.217277039095043,2011-11-23 23:41:01,0,-77.278588,-11.764325,0.000247424235125719
"P1111_41_SV_T4",0.488313784187819,0.134517907260573,2011-11-23 23:42:01,0,-77.273826,-11.766874,0.0025827188703337
"P1111_41_SV_T4",0.681962791846799,0.187861206534634,2011-11-23 23:43:01,0,-77.269638,-11.768442,0.00514590024410154
"P1111_41_SV_T4",NA,NA,2011-11-23 23:44:01,0,-77.263477,-11.769517,0.101382920638587
"P1112_10_SV_T2",0.7482530744075,NA,2012-11-18 10:29:31,0,-77.267502,-11.777092,0.0458737754315796
"P1112_10_SV_T2",0.711590487759464,0.0262108095678548,2012-11-18 10:30:31,0,-77.272964,-11.78119,0.00262516594865662
"P1112_10_SV_T2",0.534547545229934,0.284199919520057,2012-11-18 10:31:31,0,-77.278053,-11.78522,0.00211378365544237
"P1112_10_SV_T2",0.508061835064383,-0.0656767722374117,2012-11-18 10:32:31,0,-77.280861,-11.789182,0.00066789790514013
"P1112_10_SV_T2",0.520066990480055,-0.194642630824533,2012-11-18 10:33:31,0,-77.283775,-11.792767,0.000502602160046268
"P1112_10_SV_T2",0.67277926625153,-0.0325406569418433,2012-11-18 10:34:31,0,-77.287422,-11.795799,0.000183291787933319
"P1112_10_SV_T2",0.735964158001376,-0.119157700834486,2012-11-18 10:35:31,0,-77.292267,-11.799568,0.000296833955154851
"P1112_10_SV_T2",0.721676324132732,0.272597880149299,2012-11-18 10:36:31,0,-77.298027,-11.803041,0.00034634722208704
"P1112_10_SV_T2",0.671169687015174,-0.621031973936027,2012-11-18 10:37:31,0,-77.302536,-11.807819,0.000765049278622052
"P1112_10_SV_T2",0.61297262141182,0.139620102504725,2012-11-18 10:38:31,0,-77.308571,-11.809029,0.0001453563747148
"P1112_10_SV_T2",0.647083203239999,0.29357177779657,2012-11-18 10:39:31,0,-77.313873,-11.810879,0.000188368412181553
"P1112_10_SV_T2",0.686058404933593,-0.060087855186703,2012-11-18 10:40:31,0,-77.318657,-11.814344,0.00042625760074215
"P1112_10_SV_T2",0.55237492999827,0.929187103358316,2012-11-18 10:41:31,0,-77.323944,-11.817711,0.00815340974215239
"P1112_10_SV_T2",0.593726201069045,-0.353550444183967,2012-11-18 10:42:31,0,-77.324287,-11.822693,0.000742703753098124
"P1112_10_SV_T2",0.577411661860265,0.130723444106912,2012-11-18 10:43:31,0,-77.326515,-11.827591,0.000967360797117195
"P1112_10_SV_T2",0.67174896843982,-0.857921213076342,2012-11-18 10:44:31,0,-77.328033,-11.832592,0.0200119627442435
"P1112_10_SV_T2",0.747398456351241,0.197957590790504,2012-11-18 10:45:31,0,-77.333656,-11.835081,0.00942896166586504
"P1112_10_SV_T2",0.70451155039566,-0.251501177632033,2012-11-18 10:46:31,0,-77.33923725,-11.83900825,0.0601052465812444
"P1112_10_SV_T2",0.287370427806083,-0.158204897822806,2012-11-18 10:47:31,1,-77.345268,-11.841304,0.997916229817959
"P1112_10_SV_T2",0.550582114541241,0.351958603131069,2012-11-18 10:48:31,0,-77.347847,-11.841847,0.0887053132912532
"P1112_10_SV_T2",0.591233242257907,0.383943024084829,2012-11-18 10:49:31,0,-77.35212125,-11.8445015,0.0156575569380815
"P1112_10_SV_T2",0.439125494530849,0.34424941043703,2012-11-18 10:50:31,0,-77.355293,-11.848838,0.0201368224157181
"P1112_10_SV_T2",0.606150783739935,-0.216025619303407,2012-11-18 10:51:31,0,-77.356407,-11.852653,0.00692622874488379
"P1112_10_SV_T2",0.675052207807419,-0.197109256490975,2012-11-18 10:52:31,0,-77.359055,-11.857472,0.0423478915114312
"P1112_10_SV_T2",0.238757152423042,0.637496214749028,2012-11-18 10:53:31,1,-77.363014,-11.862166,0.99999998154702
"P1112_10_SV_T2",0.50666642147158,0.024517030202145,2012-11-18 10:54:31,0,-77.363136,-11.864321,0.96462186743181
"P1112_10_SV_T2",0.30863270023359,-0.478058963770529,2012-11-18 10:55:31,0,-77.363281,-11.868899,0.999998474538807
"P1112_10_SV_T2",0.346550598201213,1.76992845763893,2012-11-18 10:56:31,0,-77.364662,-11.871335,0.999999999818847
"P1112_10_SV_T2",0.190767118372164,0.667941589412051,2012-11-18 10:57:31,0,-77.361633,-11.872291,0.999999999999996
"P1112_10_SV_T2",0.46513331231483,0.525144746821815,2012-11-18 10:58:31,1,-77.359993,-11.871687,0.9739462720802
"P1112_10_SV_T2",0.45390271032669,-0.283161280066173,2012-11-18 10:59:31,1,-77.35728275,-11.86843825,0.947512463816912
"P1112_10_SV_T2",0.487750845011159,0.288636273369805,2012-11-18 11:00:31,1,-77.353844,-11.866122,0.936198278022335
"P1112_10_SV_T2",0.69057128145121,1.16417715193345,2012-11-18 11:01:31,0,-77.351021,-11.8627,0.980573775974418
"P1112_10_SV_T2",0.457835446800718,0.0683765523484372,2012-11-18 11:02:31,1,-77.353958,-11.857168,0.97327684325243
"P1112_10_SV_T2",0.677265702341247,-0.969945821640427,2012-11-18 11:03:31,0,-77.356155,-11.85364,0.9889037141583
"P1112_10_SV_T2",0.244379633557723,-1.00844188804806,2012-11-18 11:04:31,0,-77.353622,-11.848049,0.999999999994256
"P1112_10_SV_T2",0.586247378957681,0.638140077094881,2012-11-18 11:05:31,0,-77.351402,-11.847735,0.990778108882673
"P1112_10_SV_T2",0.795495920293743,-0.0761600337390223,2012-11-18 11:06:31,0,-77.34758,-11.844005,0.0106606375797279
"P1112_10_SV_T2",0.739648835940124,-0.0302367732807992,2012-11-18 11:07:31,0,-77.342018,-11.839347,0.000313456435701586
"P1112_10_SV_T2",0.787040651791759,0.0142044257527464,2012-11-18 11:08:31,0,-77.336716,-11.835172,6.64869011971908e-05
"P1112_10_SV_T2",0.747129620686606,-0.0178440188692493,2012-11-18 11:09:31,0,-77.331139,-11.830651,9.2383810749385e-05
"P1112_10_SV_T2",0.788377128179894,-0.192791459553847,2012-11-18 11:10:31,0,-77.325768,-11.826453,9.40412615384627e-05
"P1112_10_SV_T2",0.825805504733854,0.0440193477804236,2012-11-18 11:11:31,0,-77.319344,-11.823175,4.67965815104231e-05
"P1112_10_SV_T2",0.876631129907067,-0.0254491184644787,2012-11-18 11:12:31,0,-77.312775,-11.819453,4.01571539800976e-05
"P1112_10_SV_T2",0.862451622010465,0.146846152122744,2012-11-18 11:13:31,0,-77.305702,-11.815678,5.31077713382108e-05
"P1112_10_SV_T2",0.84388199014279,-0.189011839021154,2012-11-18 11:14:31,0,-77.29937,-11.811001,7.29096134051379e-05
"P1112_10_SV_T2",0.795268861496539,0.0105338280371113,2012-11-18 11:15:31,0,-77.292412,-11.807653,0.000153019339506299
"P1112_10_SV_T2",0.736468494174798,0.330413796209407,2012-11-18 11:16:31,0,-77.285889,-11.80443,0.00133227001974621
"P1112_10_SV_T2",0.669834218047636,0.124823338874111,2012-11-18 11:17:31,0,-77.281158,-11.799676,0.000862242923783012
"P1112_10_SV_T2",0.670360096689042,0.025271456155207,2012-11-18 11:18:31,0,-77.277435,-11.794858,0.000546192742674172
"P1112_10_SV_T2",0.705159371156094,0.159443597088665,2012-11-18 11:19:31,0,-77.273834,-11.789945,0.000442118180032322
"P1112_10_SV_T2",0.725259962362997,-0.154308838080383,2012-11-18 11:20:31,0,-77.270927,-11.78425,0.000668329080452048
"P1112_10_SV_T2",0.664877867208262,0.262557443363728,2012-11-18 11:21:31,0,-77.267059,-11.778915,0.0082521334159342
"P1112_10_SV_T2",NA,NA,2012-11-18 11:22:31,0,-77.264923,-11.773285,0.0734622056711819
"P1112_15_SV_T3",0.296122187866908,NA,2012-11-20 13:41:46,0,-77.264472,-11.773682,0.999999850687698
"P1112_15_SV_T3",0.577309238213372,-1.75021889109592,2012-11-20 13:42:46,0,-77.2644,-11.776358,0.999999976061684
"P1112_15_SV_T3",0.839411365838633,0.21451463017997,2012-11-20 13:43:46,0,-77.269635,-11.775563,0.0134746894265896
"P1112_15_SV_T3",0.855828634832537,0.0201990424074994,2012-11-20 13:44:46,0,-77.277322,-11.77603,0.000139035547217807
"P1112_15_SV_T3",0.856135621484992,-0.0859152460486964,2012-11-20 13:45:46,0,-77.285148,-11.776662,4.55604587787732e-05
"P1112_15_SV_T3",0.909866717821854,-0.17530365621369,2012-11-20 13:46:46,0,-77.293003,-11.77663,6.08028533923649e-05
"P1112_15_SV_T3",0.977980319262513,-0.0673783373101697,2012-11-20 13:47:46,0,-77.301217,-11.775162,6.16659024233165e-05
"P1112_15_SV_T3",0.976440956789611,0.0804224930521982,2012-11-20 13:48:46,0,-77.309918,-11.773002,9.86494727210995e-05
"P1112_15_SV_T3",1.00907768961807,-0.0221784502363657,2012-11-20 13:49:46,0,-77.318753,-11.77154,0.00340113069302628
"P1112_15_SV_T3",0.602256949664787,-0.0531077575480378,2012-11-20 13:50:46,1,-77.327847,-11.76983,0.214786740761393
"P1112_15_SV_T3",0.495336766379012,-0.840574433434855,2012-11-20 13:51:46,1,-77.333212,-11.768527,0.922297809781779
"P1112_15_SV_T3",0.0528567253205445,-1.45121464784511,2012-11-20 13:52:46,1,-77.335345,-11.764573,1
"P1112_15_SV_T3",0.242850572903505,1.23065972695055,2012-11-20 13:53:46,0,-77.334947,-11.7643,0.999999999999831
"P1112_15_SV_T3",0.190966301095295,0.672124321206197,2012-11-20 13:54:46,1,-77.335537,-11.762183,0.999999999999999
"P1112_15_SV_T3",0.328893331984431,-0.12409475096786,2012-11-20 13:55:46,1,-77.336952,-11.761165,0.99999712263428
"P1112_15_SV_T3",0.0483448243801834,-0.225402802388603,2012-11-20 13:56:46,1,-77.33915,-11.759128,1
"P1112_15_SV_T3",0.0272836488468574,0.584775121116335,2012-11-20 13:57:46,0,-77.339397,-11.758765,1
"P1112_15_SV_T3",0.166283666921439,0.867054816946895,2012-11-20 13:58:46,0,-77.339628,-11.75867,1
"P1112_15_SV_T3",0.6979348961925,-0.240571311621255,2012-11-20 13:59:46,0,-77.340987,-11.759353,0.868382543317976
"P1112_15_SV_T3",0.207406329364127,-1.47388888846565,2012-11-20 14:00:46,1,-77.34722,-11.760798,0.999999999999999
"P1112_15_SV_T3",0.0915724567500348,-1.03388147646016,2012-11-20 14:01:46,1,-77.347833,-11.759023,1
"P1112_15_SV_T3",0.119432422748811,-2.26513349361175,2012-11-20 14:02:46,1,-77.347288,-11.758393,1
"P1112_15_SV_T3",0.517450830092493,-1.15714557014064,2012-11-20 14:03:46,0,-77.347102,-11.759457,0.959449289134282
"P1112_15_SV_T3",0.644501154530525,0.0916997972740901,2012-11-20 14:04:46,0,-77.351062,-11.762037,0.0274197211655587
"P1112_15_SV_T3",0.615101920367022,-0.0983425804109714,2012-11-20 14:05:46,0,-77.355675,-11.765682,0.00116816443126936
"P1112_15_SV_T3",0.544966378676562,-0.0323321551148932,2012-11-20 14:06:46,0,-77.360403,-11.768718,0.00152132247027842
"P1112_15_SV_T3",0.58451804082019,0.146847913445243,2012-11-20 14:07:46,1,-77.364678,-11.771273,0.0217166031216176
"P1112_15_SV_T3",0.443827631538721,-0.360277660183322,2012-11-20 14:08:46,0,-77.368807,-11.774645,0.604174547782192
"P1112_15_SV_T3",0.233678565438932,-0.392922025966021,2012-11-20 14:09:46,0,-77.372657,-11.775952,0.999999998957714
"P1112_15_SV_T3",0.396836015510164,0.531833961648999,2012-11-20 14:10:46,0,-77.374797,-11.775823,0.999874021196513
"P1112_15_SV_T3",0.27777491504564,1.359573569059,2012-11-20 14:11:46,0,-77.378042,-11.77745,0.999999999992177
"P1112_15_SV_T3",0.389839635988743,-0.590375458999078,2012-11-20 14:12:46,0,-77.377388,-11.779877,0.999938128266195
"P1112_15_SV_T3",0.282970717215202,2.33623313006269,2012-11-20 14:13:46,1,-77.37855,-11.78321,0.999999999999997
"P1112_15_SV_T3",0.0523047095414325,1.85776224763564,2012-11-20 14:14:46,1,-77.376195,-11.782133,1
"P1112_15_SV_T3",0.152247821213431,-0.700059602290045,2012-11-20 14:15:46,0,-77.376512,-11.781778,1
"P1112_15_SV_T3",0.208004248121622,-2.66067093610852,2012-11-20 14:16:46,1,-77.376542,-11.780402,1
"P1112_15_SV_T3",0.456708344099472,2.77251181080943,2012-11-20 14:17:46,0,-77.375623,-11.78205,0.999999999898832
"P1112_15_SV_T3",0.203774645035105,1.67308297676377,2012-11-20 14:18:46,1,-77.37618,-11.777958,1
"P1112_15_SV_T3",0.0831945674122132,-1.61261147080606,2012-11-20 14:19:46,0,-77.377998,-11.778388,1
"P1112_15_SV_T3",0.581002853561727,-1.00679621504465,2012-11-20 14:20:46,0,-77.378145,-11.77765,0.998521182333507
"P1112_15_SV_T3",0.032884738066265,0.643158573833712,2012-11-20 14:21:46,1,-77.374273,-11.77404,1
"P1112_15_SV_T3",0.179479230946573,1.82394928844616,2012-11-20 14:22:46,1,-77.374222,-11.773747,1
"P1112_15_SV_T3",0.106602472430694,-3.00805644939055,2012-11-20 14:23:46,0,-77.375863,-11.773882,1
"P1112_15_SV_T3",0.176454524830624,-2.84366939354493,2012-11-20 14:24:46,1,-77.3749078333333,-11.7736746666667,1
"P1112_15_SV_T3",0.380145592058611,-2.78934770153222,2012-11-20 14:25:46,1,-77.376317,-11.77446,0.999999999998014
"P1112_15_SV_T3",0.137412736585247,1.06282922771989,2012-11-20 14:26:46,1,-77.37406,-11.77184,1
"P1112_15_SV_T3",0.150360930102526,0.291065361386236,2012-11-20 14:27:46,1,-77.374503,-11.770677,1
"P1112_15_SV_T3",0.336849130529697,-2.98097863492092,2012-11-20 14:28:46,0,-77.375338,-11.769595,0.999999999999952
"P1112_15_SV_T3",0.186652544439201,2.56062160206882,2012-11-20 14:29:46,1,-77.373098,-11.771693,1
"P1112_15_SV_T3",0.76611749954442,-1.58150357650311,2012-11-20 14:30:46,0,-77.373488,-11.77005,0.999999977891871
"P1112_15_SV_T3",0.887623751822473,-0.0647837679177396,2012-11-20 14:31:46,0,-77.366627,-11.768545,0.00749879635871181
"P1112_15_SV_T3",0.923198356684636,-0.14984158520315,2012-11-20 14:32:46,0,-77.35858,-11.767312,0.000133066716443192
"P1112_15_SV_T3",0.787463607120691,-0.208410109693198,2012-11-20 14:33:46,0,-77.35011,-11.767275,0.000102871461359494
"P1112_15_SV_T3",0.823186076886402,0.178039849591611,2012-11-20 14:34:46,0,-77.343035,-11.768717,7.41476787702893e-05
"P1112_15_SV_T3",0.704298385567931,0.274615952918002,2012-11-20 14:35:46,0,-77.335485,-11.76891,0.000460697671159839
"P1112_15_SV_T3",0.762937874347062,-0.147589455861346,2012-11-20 14:36:46,0,-77.329222,-11.767343,0.000113174655715146
"P1112_15_SV_T3",0.708579605927288,-0.164355283158875,2012-11-20 14:37:46,0,-77.322258,-11.766647,0.000236720585581328
"P1112_15_SV_T3",0.812567430458891,0.2214366136587,2012-11-20 14:38:46,0,-77.31577,-11.767052,9.86853692936976e-05
"P1112_15_SV_T3",0.783413905079739,-0.299417267137695,2012-11-20 14:39:46,0,-77.308408,-11.765895,0.000188777487863674
"P1112_15_SV_T3",0.873675112373481,0.154542021095506,2012-11-20 14:40:46,0,-77.301292,-11.766892,5.7948083923162e-05
"P1112_15_SV_T3",0.746663196209957,-0.128514394097713,2012-11-20 14:41:46,0,-77.293277,-11.766787,0.000128733495282742
"P1112_15_SV_T3",0.763044246172707,-0.138287183472829,2012-11-20 14:42:46,0,-77.286472,-11.767563,0.000211802708551588
"P1112_15_SV_T3",0.7294550397654,-0.0808514534719822,2012-11-20 14:43:46,0,-77.279695,-11.769293,0.00264902318970532
"P1112_15_SV_T3",0.729803281554964,0.61921862041648,2012-11-20 14:44:46,0,-77.273373,-11.771457,0.104248740435711
"P1112_15_SV_T3",NA,NA,2012-11-20 14:45:46,0,-77.266947,-11.769603,0.144398881039439
"P1112_20_SV_T4",0.599771174883432,NA,2012-11-22 18:00:59,0,-77.26445,-11.773758,0.402919000492611
"P1112_20_SV_T4",0.755121254383585,-0.0947150721280141,2012-11-22 18:01:59,0,-77.2692550588235,-11.7764005882353,0.00784966190741209
"P1112_20_SV_T4",0.749901774012342,-0.198669813029069,2012-11-22 18:02:59,0,-77.275597,-11.779149,0.000688403656100414
"P1112_20_SV_T4",0.797734464360044,0.0998395311476521,2012-11-22 18:03:59,0,-77.282318,-11.7806,0.000110925557395822
"P1112_20_SV_T4",0.850248919863364,0.263169317128006,2012-11-22 18:04:59,0,-77.289276,-11.782838,0.000103551416149402
"P1112_20_SV_T4",0.821988194465261,0.0611768997984962,2012-11-22 18:05:59,0,-77.295807,-11.787042,4.87858686696744e-05
"P1112_20_SV_T4",0.86731136444957,0.0537872212195974,2012-11-22 18:06:59,0,-77.301857,-11.791479,4.16959254659999e-05
"P1112_20_SV_T4",0.788538481462281,-0.105361993592444,2012-11-22 18:07:59,0,-77.307976,-11.796492,6.6623249814911e-05
"P1112_20_SV_T4",0.807645849881906,-0.0530259683883128,2012-11-22 18:08:59,0,-77.313995,-11.800448,5.32114071461241e-05
"P1112_20_SV_T4",0.810266872657795,-0.156787096754419,2012-11-22 18:09:59,0,-77.32036925,-11.80417225,8.98181651158876e-05
"P1112_20_SV_T4",0.722975688725187,0.0181535687619861,2012-11-22 18:10:59,0,-77.327278,-11.806879,0.00044971682390478
"P1112_20_SV_T4",0.729421914995627,-0.103986718337458,2012-11-22 18:11:59,0,-77.333397,-11.809404,0.0111343915965506
"P1112_20_SV_T4",0.733070605729478,0.566252193184758,2012-11-22 18:12:59,0,-77.3398056666667,-11.8113064444444,0.463450555826814
"P1112_20_SV_T4",0.893071504788594,0.886870002312711,2012-11-22 18:13:59,0,-77.3442,-11.816324,0.992703015866034
"P1112_20_SV_T4",0.457380927294585,0.983170282993178,2012-11-22 18:14:59,1,-77.342773,-11.824274,0.999822901800704
"P1112_20_SV_T4",0.18691655261284,0.79404561873649,2012-11-22 18:15:59,1,-77.338928,-11.825932,1
"P1112_20_SV_T4",0.102752970444102,-1.26664321162441,2012-11-22 18:16:59,1,-77.337336,-11.825303,1
"P1112_20_SV_T4",0.289413353640292,2.33901637625859,2012-11-22 18:17:59,0,-77.336739,-11.826022,0.999999999999994
"P1112_20_SV_T4",0.221505894188806,0.412515537144181,2012-11-22 18:18:59,1,-77.336429,-11.8234236,0.99999999999894
"P1112_20_SV_T4",0.253142474434185,-2.18639500147653,2012-11-22 18:19:59,0,-77.337021,-11.821508,1
"P1112_20_SV_T4",0.139991350672356,2.54925747494313,2012-11-22 18:20:59,1,-77.334816,-11.822228,1
"P1112_20_SV_T4",0.202598370935402,-1.49578108175987,2012-11-22 18:21:59,0,-77.335602,-11.821227,1
"P1112_20_SV_T4",0.100250556559441,-0.376056846924548,2012-11-22 18:22:59,1,-77.3342208333333,-11.820001,1
"P1112_20_SV_T4",0.127773651827434,1.7639908402321,2012-11-22 18:23:59,0,-77.333359,-11.819684,1
"P1112_20_SV_T4",0.321562872060869,-0.435197278826593,2012-11-22 18:24:59,1,-77.3339724,-11.8186996,0.99999934963327
"P1112_20_SV_T4",0.322215942469793,0.14321352963523,2012-11-22 18:25:59,0,-77.334312,-11.815812,0.999997665027009
"P1112_20_SV_T4",0.37235879244667,-0.645696480272874,2012-11-22 18:26:59,0,-77.335068,-11.812996,0.997895374850794
"P1112_20_SV_T4",0.538583179463247,0.773440770294977,2012-11-22 18:27:59,0,-77.333778,-11.809879,0.451412973141968
"P1112_20_SV_T4",0.629482703235257,-0.148970972282461,2012-11-22 18:28:59,0,-77.33564,-11.805369,0.0136705865398543
"P1112_20_SV_T4",0.579647893400562,-0.237330224080846,2012-11-22 18:29:59,0,-77.336998,-11.799838,0.000790904977769535
"P1112_20_SV_T4",0.664630034115804,-0.418804516376704,2012-11-22 18:30:59,0,-77.336998,-11.794598,0.00034203524980406
"P1112_20_SV_T4",0.646512900106716,-0.547854213288182,2012-11-22 18:31:59,0,-77.334518,-11.789109,0.000482867749478697
"P1112_20_SV_T4",0.63226002114782,-0.173697513827048,2012-11-22 18:32:59,0,-77.329636,-11.785789,0.000265140014561823
"P1112_20_SV_T4",0.519084285048056,-0.514297889283866,2012-11-22 18:33:59,0,-77.324364,-11.783404,0.00396318829764055
"P1112_20_SV_T4",0.692103674350458,-0.0836944583201751,2012-11-22 18:34:59,0,-77.319618,-11.783797,0.011817562485563
"P1112_20_SV_T4",0.504666422023248,0.486674882206571,2012-11-22 18:35:59,1,-77.3133566666667,-11.7848403333333,0.255950545590093
"P1112_20_SV_T4",0.360815632850327,-0.185365574780757,2012-11-22 18:36:59,1,-77.30896,-11.783409,0.999879357192861
"P1112_20_SV_T4",0.755727597510931,0.0283934959806178,2012-11-22 18:37:59,0,-77.305679,-11.782974,0.0146405385087836
"P1112_20_SV_T4",0.780495428303869,-0.0468076308218128,2012-11-22 18:38:59,0,-77.298836,-11.781871,0.000253485570753331
"P1112_20_SV_T4",0.833360588444089,0.283377252138573,2012-11-22 18:39:59,0,-77.2917224,-11.7810589,0.000131397610035509
"P1112_20_SV_T4",0.754509951233164,-0.262992674731145,2012-11-22 18:40:59,0,-77.284676,-11.778134,0.000206009780364058
"P1112_20_SV_T4",0.740692567606547,0.241911808532922,2012-11-22 18:41:59,0,-77.277817,-11.777211,0.000230786400720732
"P1112_20_SV_T4",0.83253138673514,-0.0536514376514391,2012-11-22 18:42:59,0,-77.2715,-11.774742,0.000503407793994203
"P1112_20_SV_T4",NA,NA,2012-11-22 18:43:59,0,-77.264259,-11.772346,0.0523926688950284
"P1112_31_SV_T5",0.791183666074289,NA,2012-11-26 13:11:42,0,-77.264534,-11.773439,0.688100466574501
"P1112_31_SV_T5",0.691826694367069,-0.890388909889609,2012-11-26 13:12:42,0,-77.267715,-11.76701,0.971842121593521
"P1112_31_SV_T5",0.376253916542991,-0.71335926507216,2012-11-26 13:13:42,0,-77.26503,-11.761343,0.999895234990862
"P1112_31_SV_T5",0.387457137272878,0.624049676820278,2012-11-26 13:14:42,0,-77.261879,-11.759954,0.999996724578043
"P1112_31_SV_T5",0.887507091690441,0.434579677553116,2012-11-26 13:15:42,0,-77.260094,-11.756925,0.070046393387699
"P1112_31_SV_T5",0.888695752391473,0.248908574790168,2012-11-26 13:16:42,0,-77.25935,-11.7489355,0.00115895069110673
"P1112_31_SV_T5",0.910128884954163,0.157503803089291,2012-11-26 13:17:42,0,-77.260628,-11.741001,7.37223774969638e-05
"P1112_31_SV_T5",1.00462353822881,0.288855426753089,2012-11-26 13:18:42,0,-77.263214,-11.733178,0.00057670828484345
"P1112_31_SV_T5",0.83923543198093,-0.154459464278247,2012-11-26 13:19:42,1,-77.26844625,-11.72570175,0.0105305888897278
"P1112_31_SV_T5",0.551293505096432,2.15591744519837,2012-11-26 13:20:42,0,-77.27179,-11.718868,0.999999256021437
"P1112_31_SV_T5",0.454740767237589,0.28646766500445,2012-11-26 13:21:42,1,-77.2743743333333,-11.7231518333333,0.994992614839977
"P1112_31_SV_T5",0.473361085971254,-1.50110025023832,2012-11-26 13:22:42,1,-77.275406,-11.727135,0.999982721131504
"P1112_31_SV_T5",0.468685445758662,-0.279531039934604,2012-11-26 13:23:42,1,-77.279678,-11.726368,0.991001754924161
"P1112_31_SV_T5",0.396545220164909,0.373158890341652,2012-11-26 13:24:42,1,-77.283531,-11.724488,0.999131087387252
"P1112_31_SV_T5",0.423635100828921,0.511859006103006,2012-11-26 13:25:42,1,-77.287155,-11.724178,0.999310959139081
"P1112_31_SV_T5",0.275240042870045,0.803426569543145,2012-11-26 13:26:42,1,-77.290695,-11.725758,0.999999999392829
"P1112_31_SV_T5",0.146546430084611,-0.471482955594333,2012-11-26 13:27:42,1,-77.291542,-11.728102,1
"P1112_31_SV_T5",0.312562731751994,0.21104260899945,2012-11-26 13:28:42,1,-77.292519,-11.729012,0.999999476137703
"P1112_31_SV_T5",0.129980830790408,2.53793883799505,2012-11-26 13:29:42,1,-77.294144,-11.73134,1
"P1112_31_SV_T5",0.586939459329471,-1.64515533428679,2012-11-26 13:30:42,0,-77.29303,-11.730921,0.99999495140516
"P1112_31_SV_T5",0.175044881636812,-0.73715676032098,2012-11-26 13:31:42,1,-77.291489,-11.736005,0.999999999999999
"P1112_31_SV_T5",0.585022439794834,0.997504547686727,2012-11-26 13:32:42,0,-77.292183,-11.737432,0.708401901910156
"P1112_31_SV_T5",0.650644321231015,0.0921767698067028,2012-11-26 13:33:42,0,-77.289375,-11.741939,0.0207162449573043
"P1112_31_SV_T5",0.559532239254302,0.114154970741732,2012-11-26 13:34:42,0,-77.285797,-11.746647,0.00113353489987839
"P1112_31_SV_T5",0.536865041588292,0.214194344740639,2012-11-26 13:35:42,0,-77.282272,-11.750324,0.000373485446949507
"P1112_31_SV_T5",0.568721778251779,-0.425222381409807,2012-11-26 13:36:42,0,-77.278206,-11.753063,0.00037203894901137
"P1112_31_SV_T5",0.549604863756299,-0.0782706190189982,2012-11-26 13:37:42,0,-77.275497,-11.757457,0.000240421523689516
"P1112_31_SV_T5",0.496906587981059,0.0718687266435213,2012-11-26 13:38:42,0,-77.273224,-11.761892,0.000841096434961456
"P1112_31_SV_T5",0.494745499836017,-0.103987911945522,2012-11-26 13:39:42,0,-77.270882,-11.765746,0.00228335276531661
"P1112_31_SV_T5",0.60741628877406,0.49555043934178,2012-11-26 13:40:42,0,-77.268967,-11.769801,0.0110586049335107
"P1112_31_SV_T5",NA,NA,2012-11-26 13:41:42,0,-77.264496,-11.773079,0.106063457570501
"P1113_28_SV_T1",0.166624790718745,NA,2013-11-19 09:35:30,0,-77.26431,-11.77393,1
"P1113_28_SV_T1",0.330379395715805,1.61508605675383,2013-11-19 09:36:30,0,-77.26482,-11.77251,0.999999999985613
"P1113_28_SV_T1",0.693789412446485,-0.0123431808081627,2013-11-19 09:37:30,0,-77.26763,-11.77363,0.0379801094484407
"P1113_28_SV_T1",0.720779436513394,0.109871520059578,2013-11-19 09:38:30,0,-77.27356,-11.77591,0.00128887561311434
"P1113_28_SV_T1",0.793514604642026,-0.193557789479254,2013-11-19 09:39:30,0,-77.27942,-11.77893,0.000143768815787492
"P1113_28_SV_T1",0.818807888594173,-0.195012204515176,2013-11-19 09:40:30,0,-77.2864,-11.78097,7.98591594343713e-05
"P1113_28_SV_T1",0.760730758475027,0.067289647796084,2013-11-19 09:41:30,0,-77.29388,-11.78166,8.25925257109542e-05
"P1113_28_SV_T1",0.752800228690408,0.162342470183818,2013-11-19 09:42:30,0,-77.30077,-11.78276,0.000119091662533721
"P1113_28_SV_T1",0.831094399782927,-0.213624391360082,2013-11-19 09:43:30,0,-77.30732,-11.78492,8.05266664341524e-05
"P1113_28_SV_T1",0.774483483888751,0.149175505708841,2013-11-19 09:44:30,0,-77.3149,-11.78574,8.8422581977746e-05
"P1113_28_SV_T1",0.819307126781261,-0.2139669291288,2013-11-19 09:45:30,0,-77.32177,-11.78753,8.42614989251809e-05
"P1113_28_SV_T1",0.839078338344939,0.177413845487895,2013-11-19 09:46:30,0,-77.32928,-11.78786,6.43528993548139e-05
"P1113_28_SV_T1",0.859415976777739,0.225261016661711,2013-11-19 09:47:30,0,-77.33679,-11.78953,7.69298006460953e-05
"P1113_28_SV_T1",0.81388720032953,0.0702806597204607,2013-11-19 09:48:30,0,-77.3439,-11.79289,5.18783088589433e-05
"P1113_28_SV_T1",0.769197757298052,0.10596688691851,2013-11-19 09:49:30,0,-77.35039,-11.79653,8.04562960008891e-05
"P1113_28_SV_T1",0.802153836721189,0.0636794315465933,2013-11-19 09:50:30,0,-77.35612,-11.80059,5.59187951392121e-05
"P1113_28_SV_T1",0.760510025807906,0.163914506876885,2013-11-19 09:51:30,0,-77.36181,-11.80519,0.000108637792863897
"P1113_28_SV_T1",0.767214247041106,0.108508706993712,2013-11-19 09:52:30,0,-77.36641,-11.81036,8.93210457494227e-05
"P1113_28_SV_T1",0.767709348641844,0.358690136727383,2013-11-19 09:53:30,0,-77.37045,-11.81604,0.000398873107410151
"P1113_28_SV_T1",0.755782252032837,0.141248295327323,2013-11-19 09:54:30,0,-77.37221,-11.82276,0.000701054689834224
"P1113_28_SV_T1",0.838208282127668,0.334088000716847,2013-11-19 09:55:30,0,-77.37298,-11.82955,0.0304426907357497
"P1113_28_SV_T1",0.412026849136872,0.156435111192212,2013-11-19 09:56:30,0,-77.37128,-11.83694,0.990239129600823
"P1113_28_SV_T1",0.415289087610385,-0.332027980401569,2013-11-19 09:57:30,1,-77.36988,-11.8404,0.997420676943198
"P1113_28_SV_T1",0.394951723580635,-0.0334512978227523,2013-11-19 09:58:30,0,-77.3697,-11.84415,0.999339942703064
"P1113_28_SV_T1",0.139202023059367,1.28340807992807,2013-11-19 09:59:30,1,-77.36965,-11.84772,1
"P1113_28_SV_T1",0.168522174583003,1.08035791116588,2013-11-19 10:00:30,1,-77.36842,-11.84806,1
"P1113_28_SV_T1",0.380379173119305,-0.511689520772959,2013-11-19 10:01:30,1,-77.36735,-11.84696,0.999949864832317
"P1113_28_SV_T1",0.190435398339849,1.66915495578451,2013-11-19 10:02:30,1,-77.36401,-11.84596,1
"P1113_28_SV_T1",0.408278604730473,1.08239590993894,2013-11-19 10:03:30,1,-77.36468,-11.84437,0.999994039740902
"P1113_28_SV_T1",0.229042691012299,0.13845168787298,2013-11-19 10:04:30,1,-77.36841,-11.84402,0.999999999991776
"P1113_28_SV_T1",0.210415062468482,-3.03734034223454,2013-11-19 10:05:30,1,-77.37051,-11.84411,1
"P1113_28_SV_T1",0.613447745549595,0.774628968634185,2013-11-19 10:06:30,0,-77.3686,-11.84383,0.990261173653179
"P1113_28_SV_T1",0.480524078813598,-1.10057653487696,2013-11-19 10:07:30,1,-77.3652,-11.83941,0.999638945027185
"P1113_28_SV_T1",0.125774050424516,-2.55645967408942,2013-11-19 10:08:30,0,-77.36086,-11.84018,1
"P1113_28_SV_T1",0.235404512631938,2.04745372082411,2013-11-19 10:09:30,1,-77.36192,-11.84063,1
"P1113_28_SV_T1",0.825230446991737,1.29661517236792,2013-11-19 10:10:30,0,-77.36025,-11.84198,0.999998670877084
"P1113_28_SV_T1",0.926598777680711,0.0482167488241339,2013-11-19 10:11:30,0,-77.35404,-11.83771,0.00795379080042277
"P1113_28_SV_T1",0.955322598562939,0.00899698468196094,2013-11-19 10:12:30,0,-77.34731,-11.83259,0.000120032436563436
"P1113_28_SV_T1",1.02129240751747,0.0112461309685214,2013-11-19 10:13:30,0,-77.34042,-11.82725,8.53337575351199e-05
"P1113_28_SV_T1",0.93424679693623,-0.0976390686328749,2013-11-19 10:14:30,0,-77.33312,-11.82146,5.11089568213983e-05
"P1113_28_SV_T1",0.901962968492891,0.253980426583563,2013-11-19 10:15:30,0,-77.32595,-11.81683,9.20813713377405e-05
"P1113_28_SV_T1",1.04187491665025,-0.0167474421746474,2013-11-19 10:16:30,0,-77.32039,-11.81079,0.000106630706140114
"P1113_28_SV_T1",1.00614009364332,-0.0415801427673216,2013-11-19 10:17:30,0,-77.31385,-11.80392,7.66274920726933e-05
"P1113_28_SV_T1",1.07171168365107,-0.0868129600212205,2013-11-19 10:18:30,0,-77.30726,-11.79755,0.000169638666723113
"P1113_28_SV_T1",1.06225052589924,-0.0274360772386197,2013-11-19 10:19:30,0,-77.29967,-11.79139,0.00013911514752996
"P1113_28_SV_T1",1.01585968481178,-0.110361324100447,2013-11-19 10:20:30,0,-77.29198,-11.78549,9.46625494874552e-05
"P1113_28_SV_T1",0.975497847584035,-0.0548642431682451,2013-11-19 10:21:30,0,-77.28404,-11.78068,6.57482356213521e-05
"P1113_28_SV_T1",0.971544129868712,-0.105068280296694,2013-11-19 10:22:30,0,-77.27617,-11.77648,0.000670184012226325
"P1113_28_SV_T1",NA,NA,2013-11-19 10:23:30,0,-77.26793,-11.77313,0.052507943665316
