model,trip,real,p
ftp,P1108_46_SV_T2,0,0.5274849885646433
ftp,P1108_46_SV_T2,0,0.533743162157036
ftp,P1108_46_SV_T2,0,0.5425179343907308
ftp,P1108_46_SV_T2,0,0.5474868521931776
ftp,P1108_46_SV_T2,0,0.5431493981129291
ftp,P1108_46_SV_T2,0,0.5418863340200664
ftp,P1108_46_SV_T2,0,0.542202151161436
ftp,P1108_46_SV_T2,0,0.534455482366428
ftp,P1108_46_SV_T2,0,0.5290702313424492
ftp,P1108_46_SV_T2,0,0.5258198875178284
ftp,P1108_46_SV_T2,0,0.5262163936296563
ftp,P1108_46_SV_T2,0,0.5282776812432285
ftp,P1108_46_SV_T2,0,0.5297834012456245
ftp,P1108_46_SV_T2,0,0.5313677836935586
ftp,P1108_46_SV_T2,0,0.5317637817662106
ftp,P1108_46_SV_T2,0,0.5317637817662106
ftp,P1108_46_SV_T2,0,0.5319221698214066
ftp,P1108_46_SV_T2,0,0.5317637817662106
ftp,P1108_46_SV_T2,0,0.5325556574001561
ftp,P1108_46_SV_T2,0,0.5341389127815308
ftp,P1108_46_SV_T2,0,0.5341389127815308
ftp,P1108_46_SV_T2,0,0.5348511552897677
ftp,P1108_46_SV_T2,0,0.5347720241979459
ftp,P1108_46_SV_T2,0,0.533030704324122
ftp,P1108_46_SV_T2,0,0.5325556574001561
ftp,P1108_46_SV_T2,0,0.5313677836935586
ftp,P1108_46_SV_T2,0,0.5316053873101176
ftp,P1108_46_SV_T2,0,0.53215973983327
ftp,P1108_46_SV_T2,0,0.5318429765958995
ftp,P1108_46_SV_T2,0,0.5309717461100957
ftp,P1108_46_SV_T2,0,0.5293079679757381
ftp,P1108_46_SV_T2,0,0.5296249294514525
ftp,P1108_46_SV_T2,0,0.5304172280575654
ftp,P1108_46_SV_T2,0,0.5314469864847898
ftp,P1108_46_SV_T2,0,0.5312093733737563
ftp,P1108_46_SV_T2,0,0.5306548879281616
ftp,P1108_46_SV_T2,0,0.5297041660971505
ftp,P1108_46_SV_T2,0,0.5300210976680496
ftp,P1108_46_SV_T2,0,0.529941867035039
ftp,P1108_46_SV_T2,0,0.5296249294514525
ftp,P1108_46_SV_T2,0,0.5297041660971505
ftp,P1108_46_SV_T2,0,0.5288324815197517
ftp,P1108_46_SV_T2,0,0.5285947186147919
ftp,P1108_46_SV_T2,0,0.5278020824914395
ftp,P1108_46_SV_T2,0,0.5278020824914395
ftp,P1108_46_SV_T2,0,0.5288324815197517
ftp,P1108_46_SV_T2,0,0.5301795543908551
ftp,P1108_46_SV_T2,0,0.5312093733737563
ftp,P1108_46_SV_T2,0,0.5329515339724916
ftp,P1108_46_SV_T2,0,0.5323181117477349
ftp,P1108_46_SV_T2,0,0.5316053873101176
ftp,P1108_46_SV_T2,0,0.529941867035039
ftp,P1108_46_SV_T2,0,0.5273264332689125
ftp,P1108_46_SV_T2,0,0.5270885899993127
ftp,P1108_46_SV_T2,0,0.5281984183259212
ftp,P1108_46_SV_T2,0,0.5312093733737563
ftp,P1108_46_SV_T2,0,0.5317637817662106
ftp,P1108_46_SV_T2,0,0.5325556574001561
ftp,P1108_46_SV_T2,0,0.5305756695108023
ftp,P1108_46_SV_T2,0,0.5288324815197517
ftp,P1108_46_SV_T2,0,0.527722811102757
ftp,P1108_46_SV_T2,0,0.5293872105706724
ftp,P1108_46_SV_T2,0,0.530496449552616
ftp,P1108_46_SV_T2,0,0.5311301658531038
ftp,P1108_46_SV_T2,0,0.532793188294535
ftp,P1108_46_SV_T2,0,0.5331098730122504
ftp,P1108_46_SV_T2,0,0.533743162157036
ftp,P1108_46_SV_T2,0,0.5334265310507097
ftp,P1108_46_SV_T2,0,0.5339014675316491
ftp,P1108_46_SV_T2,0,0.5335848499861908
ftp,P1108_46_SV_T2,0,0.533743162157036
ftp,P1108_46_SV_T2,0,0.5340597660784396
ftp,P1108_46_SV_T2,0,0.53215973983327
ftp,P1108_46_SV_T2,0,0.5308133201245524
ftp,P1108_46_SV_T2,0,0.5308133201245524
ftp,P1108_46_SV_T2,0,0.531526187691629
ftp,P1108_46_SV_T2,0,0.5319221698214066
ftp,P1108_46_SV_T2,0,0.5324764771505257
ftp,P1108_46_SV_T2,0,0.5312885793218943
ftp,P1108_46_SV_T2,0,0.5308133201245524
ftp,P1108_46_SV_T2,0,0.5301795543908551
ftp,P1108_46_SV_T2,0,0.5294664516842472
ftp,P1108_46_SV_T2,0,0.5293872105706724
ftp,P1108_46_SV_T2,0,0.5285947186147919
ftp,P1108_46_SV_T2,0,0.5283569427347398
ftp,P1108_46_SV_T2,0,0.5278020824914395
ftp,P1108_46_SV_T2,0,0.5278020824914395
ftp,P1108_46_SV_T2,0,0.5281984183259212
ftp,P1108_46_SV_T2,0,0.5282776812432285
ftp,P1108_46_SV_T2,0,0.5284362027964843
ftp,P1108_46_SV_T2,0,0.5280398882298029
ftp,P1108_46_SV_T2,0,0.5281984183259212
ftp,P1108_46_SV_T2,0,0.5291494783576592
ftp,P1108_46_SV_T2,0,0.5294664516842472
ftp,P1108_46_SV_T2,0,0.5289909828617492
ftp,P1108_46_SV_T2,0,0.5284362027964843
ftp,P1108_46_SV_T2,0,0.5276435383160815
ftp,P1108_46_SV_T2,0,0.5275642641353858
ftp,P1108_46_SV_T2,0,0.5274057116078277
ftp,P1108_46_SV_T2,0,0.5278020824914395
ftp,P1108_46_SV_T2,0,0.5278020824914395
ftp,P1108_46_SV_T2,0,0.5283569427347398
ftp,P1108_46_SV_T2,0,0.5293872105706724
ftp,P1108_46_SV_T2,0,0.5297041660971505
ftp,P1108_46_SV_T2,0,0.5301795543908551
ftp,P1108_46_SV_T2,0,0.5293079679757381
ftp,P1108_46_SV_T2,0,0.5285947186147919
ftp,P1108_46_SV_T2,0,0.5283569427347398
ftp,P1108_46_SV_T2,0,0.5285947186147919
ftp,P1108_46_SV_T2,0,0.5289117329195272
ftp,P1108_46_SV_T2,0,0.5312885793218943
ftp,P1108_46_SV_T2,0,0.5365124969004601
ftp,P1108_46_SV_T2,0,0.5391215257428361
ftp,P1108_46_SV_T2,0,0.5366706782322599
ftp,P1108_46_SV_T2,0,0.5389634623321959
ftp,P1108_46_SV_T2,0,0.5340597660784396
ftp,P1108_46_SV_T2,0,0.648750092172172
ftp,P1108_46_SV_T2,0,0.7291783794475137
ftp,P1108_46_SV_T2,0,0.7282351873930114
ftp,P1108_46_SV_T2,0,0.7281722347640127
ftp,P1108_46_SV_T2,0,0.7276682848612169
ftp,P1108_46_SV_T2,0,0.7276682848612169
ftp,P1108_46_SV_T2,0,0.7276682848612169
ftp,P1108_46_SV_T2,0,0.7276682848612169
ftp,P1108_46_SV_T2,0,0.7275422060765316
ftp,P1108_46_SV_T2,0,0.7270375259913933
ftp,P1108_46_SV_T2,0,0.7273530194569218
ftp,P1108_46_SV_T2,0,0.7276682848612169
ftp,P1108_46_SV_T2,0,0.7274791529944641
ftp,P1108_46_SV_T2,0,0.727920332879036
ftp,P1108_46_SV_T2,0,0.7280463020929274
ftp,P1108_46_SV_T2,0,0.7277943271319288
ftp,P1108_46_SV_T2,0,0.7281092729969194
ftp,P1108_46_SV_T2,0,0.7279833220532336
ftp,P1108_46_SV_T2,0,0.7282981308827214
ftp,P1108_46_SV_T2,0,0.7284239904395038
ftp,P1108_46_SV_T2,0,0.7282351873930114
ftp,P1108_46_SV_T2,0,0.7279833220532336
ftp,P1108_46_SV_T2,0,0.7276682848612169
ftp,P1108_46_SV_T2,0,0.7278573345715341
ftp,P1108_46_SV_T2,0,0.7282981308827214
ftp,P1108_46_SV_T2,0,0.7277313105614219
ftp,P1108_46_SV_T2,0,0.7277313105614219
ftp,P1108_46_SV_T2,0,0.7277943271319288
ftp,P1108_46_SV_T2,0,0.7283610652319495
ftp,P1108_46_SV_T2,0,0.7310585786300049
ftp,P1108_46_SV_T2,0,0.727920332879036
ftp,P1108_46_SV_T2,0,0.5636633891822449
ftp,P1108_46_SV_T2,0,0.5370660992064942
ftp,P1108_46_SV_T2,0,0.5376196101466036
ftp,P1108_46_SV_T2,0,0.540306748392079
ftp,P1108_46_SV_T2,0,0.5427547494074667
ftp,P1108_46_SV_T2,0,0.5413335731742887
ftp,P1108_46_SV_T2,0,0.5376986756009373
ftp,P1108_46_SV_T2,0,0.5387263525341353
ftp,P1108_46_SV_T2,0,0.5338223156958462
ftp,P1108_46_SV_T2,0,0.53215973983327
ftp,P1108_46_SV_T2,0,0.5311301658531038
ftp,P1108_46_SV_T2,0,0.5283569427347398
ftp,P1108_46_SV_T2,0,0.530338005029613
ftp,P1108_46_SV_T2,0,0.5320013614387751
ftp,P1108_46_SV_T2,0,0.5320805514440483
ftp,P1108_46_SV_T2,0,0.5320013614387751
ftp,P1108_46_SV_T2,0,0.5301795543908551
ftp,P1108_46_SV_T2,0,0.5311301658531038
ftp,P1108_46_SV_T2,0,0.5312093733737563
ftp,P1108_46_SV_T2,0,0.5306548879281616
ftp,P1108_46_SV_T2,0,0.5285154614244918
ftp,P1108_46_SV_T2,0,0.5274057116078277
ftp,P1108_46_SV_T2,0,0.5278020824914395
ftp,P1108_46_SV_T2,0,0.5278020824914395
ftp,P1108_46_SV_T2,0,0.5278020824914395
ftp,P1108_46_SV_T2,0,0.5281191539867889
ftp,P1108_46_SV_T2,0,0.5285947186147919
ftp,P1108_46_SV_T2,0,0.5291494783576592
ftp,P1108_46_SV_T2,0,0.5286739743634149
ftp,P1108_46_SV_T2,0,0.5284362027964843
ftp,P1108_46_SV_T2,0,0.5278020824914395
ftp,P1108_46_SV_T2,0,0.5280398882298029
ftp,P1108_46_SV_T2,0,0.5285947186147919
ftp,P1108_46_SV_T2,0,0.5292287239034114
ftp,P1108_46_SV_T2,0,0.5301795543908551
ftp,P1108_46_SV_T2,0,0.530496449552616
ftp,P1108_46_SV_T2,0,0.5309717461100957
ftp,P1108_46_SV_T2,0,0.5301795543908551
ftp,P1108_46_SV_T2,0,0.5298626348929091
ftp,P1108_46_SV_T2,0,0.5285947186147919
ftp,P1108_46_SV_T2,0,0.5281984183259212
ftp,P1108_46_SV_T2,0,0.5278020824914395
ftp,P1108_46_SV_T2,0,0.5278020824914395
ftp,P1108_46_SV_T2,0,0.5293872105706724
ftp,P1108_46_SV_T2,0,0.5304172280575654
ftp,P1108_46_SV_T2,0,0.5314469864847898
ftp,P1108_46_SV_T2,0,0.5314469864847898
ftp,P1108_46_SV_T2,0,0.530338005029613
ftp,P1108_46_SV_T2,0,0.5297041660971505
ftp,P1108_46_SV_T2,0,0.5302587804727218
ftp,P1108_46_SV_T2,0,0.5327140129761145
ftp,P1108_46_SV_T2,0,0.534455482366428
ftp,P1108_46_SV_T2,0,0.5355632556988758
ftp,P1108_46_SV_T2,0,0.5354050235909209
ftp,P1108_46_SV_T2,0,0.534297201027367
ftp,P1108_46_SV_T2,0,0.533189040032925
ftp,P1108_46_SV_T2,0,0.5333473690561058
ftp,P1108_46_SV_T2,0,0.5339806176604964
ftp,P1108_46_SV_T2,0,0.5350094122065292
ftp,P1108_46_SV_T2,0,0.5359588045783558
ftp,P1108_46_SV_T2,0,0.535721480647643
ftp,P1108_46_SV_T2,0,0.5364334034769956
ftp,P1108_46_SV_T2,0,0.535721480647643
ftp,P1108_46_SV_T2,0,0.5356423690701283
ftp,P1108_46_SV_T2,0,0.5347720241979459
ftp,P1108_46_SV_T2,0,0.5351676620744892
ftp,P1108_46_SV_T2,0,0.5366706782322599
ftp,P1108_46_SV_T2,0,0.5359588045783558
ftp,P1108_46_SV_T2,0,0.5354050235909209
ftp,P1108_46_SV_T2,0,0.5353259048621016
ftp,P1108_46_SV_T2,0,0.5951980285704548
ftp,P1108_46_SV_T2,0,0.6434410404063424
ftp,P1108_46_SV_T2,0,0.5760589962590654
ftp,P1108_46_SV_T2,1,0.5517384422138393
ftp,P1108_46_SV_T2,0,0.5811772875116472
ftp,P1108_46_SV_T2,0,0.6480975053589476
ftp,P1108_46_SV_T2,0,0.6564655224499715
ftp,P1108_46_SV_T2,0,0.636405438575592
ftp,P1108_46_SV_T2,1,0.6385370967477291
ftp,P1108_46_SV_T2,0,0.6080043509424253
ftp,P1108_46_SV_T2,0,0.6491848415460838
ftp,P1108_46_SV_T2,0,0.659257530479581
ftp,P1108_46_SV_T2,0,0.6040554584540474
ftp,P1108_46_SV_T2,1,0.6362582288881078
ftp,P1108_46_SV_T2,0,0.6794558560504168
ftp,P1108_46_SV_T2,0,0.671718288129057
ftp,P1108_46_SV_T2,0,0.5926665999540698
ftp,P1108_46_SV_T2,1,0.6313121017404002
ftp,P1108_46_SV_T2,0,0.6826340314364241
ftp,P1108_46_SV_T2,0,0.6052719742837865
ftp,P1108_46_SV_T2,0,0.5606101481966894
ftp,P1108_46_SV_T2,1,0.5599832670965227
ftp,P1108_46_SV_T2,0,0.557473848242746
ftp,P1108_46_SV_T2,0,0.5539400365501074
ftp,P1108_46_SV_T2,0,0.5606884947804238
ftp,P1108_46_SV_T2,0,0.546777562560735
ftp,P1108_46_SV_T2,0,0.5744269659548362
ftp,P1108_46_SV_T2,1,0.5827248943632006
ftp,P1108_46_SV_T2,0,0.6122412419877764
ftp,P1108_46_SV_T2,0,0.600474539594515
ftp,P1108_46_SV_T2,0,0.5776117704543603
ftp,P1108_46_SV_T2,1,0.5746602133291658
ftp,P1108_46_SV_T2,0,0.5936644247636054
ftp,P1108_46_SV_T2,0,0.6041315286016414
ftp,P1108_46_SV_T2,0,0.6139765281601854
ftp,P1108_46_SV_T2,0,0.5898994241648063
ftp,P1108_46_SV_T2,0,0.578310020609195
ftp,P1108_46_SV_T2,1,0.5790854869207347
ftp,P1108_46_SV_T2,0,0.5775341678990481
ftp,P1108_46_SV_T2,0,0.5929737048018191
ftp,P1108_46_SV_T2,0,0.6016948029227496
ftp,P1108_46_SV_T2,0,0.5852748729528927
ftp,P1108_46_SV_T2,0,0.5687413063433325
ftp,P1108_46_SV_T2,0,0.5690533332524714
ftp,P1108_46_SV_T2,1,0.5671022751148209
ftp,P1108_46_SV_T2,0,0.5493773409176841
ftp,P1108_46_SV_T2,0,0.54914110663902
ftp,P1108_46_SV_T2,0,0.548038388751898
ftp,P1108_46_SV_T2,0,0.595274660261975
ftp,P1108_46_SV_T2,1,0.5881285103557631
ftp,P1108_46_SV_T2,1,0.5959641360779969
ftp,P1108_46_SV_T2,0,0.5635069280337521
ftp,P1108_46_SV_T2,0,0.5695212707526718
ftp,P1108_46_SV_T2,1,0.578310020609195
ftp,P1108_46_SV_T2,0,0.6099735451412475
ftp,P1108_46_SV_T2,0,0.5849660249881737
ftp,P1108_46_SV_T2,0,0.5497710151979672
ftp,P1108_46_SV_T2,0,0.5585720878128959
ftp,P1108_46_SV_T2,0,0.5793180509234336
ftp,P1108_46_SV_T2,0,0.548589807343327
ftp,P1108_46_SV_T2,1,0.5515811068031866
ftp,P1108_46_SV_T2,0,0.5578661417512716
ftp,P1108_46_SV_T2,0,0.5433861613709671
ftp,P1108_46_SV_T2,0,0.5458315480149322
ftp,P1108_46_SV_T2,0,0.552682236118351
ftp,P1108_46_SV_T2,0,0.5524463229583593
ftp,P1108_46_SV_T2,0,0.5482747255278289
ftp,P1108_46_SV_T2,0,0.5476444460270704
ftp,P1108_46_SV_T2,1,0.5499284674887682
ftp,P1108_46_SV_T2,0,0.5570030014044488
ftp,P1108_46_SV_T2,0,0.5512664050363659
ftp,P1108_46_SV_T2,0,0.5459892402754707
ftp,P1108_46_SV_T2,0,0.5427547494074667
ftp,P1108_46_SV_T2,0,0.5462257613570992
ftp,P1108_46_SV_T2,0,0.534297201027367
ftp,P1108_46_SV_T2,0,0.5331098730122504
ftp,P1108_46_SV_T2,0,0.5430704726889675
ftp,P1108_46_SV_T2,0,0.5500859097781675
ftp,P1108_46_SV_T2,0,0.5595129805656068
ftp,P1108_46_SV_T2,0,0.5631939678403024
ftp,P1108_46_SV_T2,0,0.5660087688873493
ftp,P1108_46_SV_T2,0,0.5661650236710393
ftp,P1108_46_SV_T2,0,0.5711580690607182
ftp,P1108_46_SV_T2,0,0.5812547060744053
ftp,P1108_46_SV_T2,0,0.5786978022919064
ftp,P1108_46_SV_T2,0,0.5855836539096974
ftp,P1108_46_SV_T2,0,0.584888802553748
ftp,P1108_46_SV_T2,0,0.5838845327212157
ftp,P1108_46_SV_T2,0,0.583729967617782
ftp,P1108_46_SV_T2,0,0.578775346996506
ftp,P1108_46_SV_T2,0,0.5773013372820419
ftp,P1108_46_SV_T2,0,0.578542701239868
ftp,P1108_46_SV_T2,0,0.578077305202596
ftp,P1108_46_SV_T2,0,0.5668680069984374
ftp,P1108_46_SV_T2,0,0.5592777971849702
ftp,P1108_46_SV_T2,0,0.5481959490164734
ftp,P1108_46_SV_T2,0,0.5475656503022445
ftp,P1108_46_SV_T2,0,0.548038388751898
ftp,P1108_46_SV_T2,0,0.5473292488378333
ftp,P1108_46_SV_T2,0,0.5525249633071908
ftp,P1108_46_SV_T2,0,0.5556683817243006
ftp,P1108_46_SV_T2,0,0.5653836188230829
ftp,P1108_46_SV_T2,0,0.57014499415881
ftp,P1108_46_SV_T2,0,0.5708464168053261
ftp,P1108_46_SV_T2,0,0.5808675733171003
ftp,P1108_46_SV_T2,0,0.5865867264914958
ftp,P1108_46_SV_T2,0,0.5868952201233464
ftp,P1108_46_SV_T2,0,0.5918216888696474
ftp,P1108_46_SV_T2,0,0.5818739102173863
ftp,P1108_46_SV_T2,0,0.5797055793226736
ftp,P1108_46_SV_T2,0,0.583729967617782
ftp,P1108_46_SV_T2,0,0.5824928564159522
ftp,P1108_46_SV_T2,0,0.5711580690607182
ftp,P1108_46_SV_T2,0,0.5674145859224504
ftp,P1108_46_SV_T2,0,0.5494560807357992
ftp,P1108_46_SV_T2,0,0.5462257613570992
ftp,P1108_46_SV_T2,0,0.5373033294471681
ftp,P1108_46_SV_T2,0,0.5345346204360518
ftp,P1108_46_SV_T2,0,0.5347720241979459
ftp,P1108_46_SV_T2,0,0.5331098730122504
ftp,P1108_46_SV_T2,0,0.5338223156958462
ftp,P1108_46_SV_T2,0,0.5361961122235888
ftp,P1108_46_SV_T2,0,0.5370660992064942
ftp,P1108_46_SV_T2,0,0.5364334034769956
ftp,P1108_46_SV_T2,0,0.5363543082204041
ftp,P1108_46_SV_T2,0,0.534613756767143
ftp,P1108_46_SV_T2,0,0.5334265310507097
ftp,P1108_46_SV_T2,0,0.5331098730122504
ftp,P1108_46_SV_T2,0,0.5320805514440483
ftp,P1108_46_SV_T2,0,0.5312885793218943
ftp,P1108_46_SV_T2,0,0.5308133201245524
ftp,P1108_46_SV_T2,0,0.5306548879281616
ftp,P1108_46_SV_T2,0,0.5308925338956606
ftp,P1108_46_SV_T2,0,0.5301795543908551
ftp,P1108_46_SV_T2,0,0.529941867035039
ftp,P1108_46_SV_T2,0,0.530338005029613
ftp,P1108_46_SV_T2,0,0.5300210976680496
ftp,P1108_46_SV_T2,0,0.529941867035039
ftp,P1108_46_SV_T2,0,0.5292287239034114
ftp,P1108_46_SV_T2,0,0.5281984183259212
ftp,P1108_46_SV_T2,0,0.5288324815197517
ftp,P1108_46_SV_T2,0,0.5301003267879764
ftp,P1108_46_SV_T2,0,0.5305756695108023
ftp,P1108_46_SV_T2,0,0.5317637817662106
ftp,P1108_46_SV_T2,0,0.5289909828617492
ftp,P1108_46_SV_T2,0,0.527247153551872
ftp,P1108_46_SV_T2,0,0.5259784938981095
ftp,P1108_46_SV_T2,0,0.5254233488418738
ftp,P1108_46_SV_T2,0,0.5263749868450225
ftp,P1108_46_SV_T2,0,0.5289117329195272
ftp,P1108_46_SV_T2,0,0.5296249294514525
ftp,P1108_46_SV_T2,0,0.5301795543908551
ftp,P1108_46_SV_T2,0,0.5296249294514525
ftp,P1108_46_SV_T2,0,0.5282776812432285
ftp,P1108_46_SV_T2,0,0.5286739743634149
ftp,P1108_46_SV_T2,0,0.5285947186147919
ftp,P1108_46_SV_T2,0,0.5289909828617492
ftp,P1108_46_SV_T2,0,0.5293872105706724
ftp,P1108_46_SV_T2,0,0.5282776812432285
ftp,P1108_46_SV_T2,0,0.5273264332689125
ftp,P1108_46_SV_T2,0,0.5266921572789612
ftp,P1108_46_SV_T2,0,0.5269300209819482
ftp,P1108_46_SV_T2,0,0.5276435383160815
ftp,P1108_46_SV_T2,0,0.5269300209819482
ftp,P1108_46_SV_T2,0,0.5263749868450225
ftp,P1108_46_SV_T2,0,0.5251854102124746
ftp,P1108_46_SV_T2,0,0.524709498751688
ftp,P1108_46_SV_T2,0,0.5250267780992951
ftp,P1108_46_SV_T2,0,0.5269300209819482
ftp,P1108_46_SV_T2,0,0.5305756695108023
ftp,P1108_46_SV_T2,0,0.533743162157036
ftp,P1108_46_SV_T2,0,0.5350885380235811
ftp,P1108_46_SV_T2,0,0.5365915884868603
ftp,P1108_46_SV_T2,0,0.5361170114912407
ftp,P1108_46_SV_T2,0,0.5351676620744892
ftp,P1108_46_SV_T2,0,0.5341389127815308
ftp,P1108_46_SV_T2,0,0.5328723619613117
ftp,P1108_46_SV_T2,0,0.5313677836935586
ftp,P1108_46_SV_T2,0,0.5301795543908551
ftp,P1108_46_SV_T2,0,0.5297041660971505
ftp,P1108_46_SV_T2,0,0.531526187691629
ftp,P1108_46_SV_T2,0,0.5338223156958462
ftp,P1108_46_SV_T2,0,0.5348511552897677
ftp,P1108_46_SV_T2,0,0.5340597660784396
ftp,P1108_46_SV_T2,0,0.5317637817662106
ftp,P1108_46_SV_T2,0,0.527247153551872
ftp,P1108_46_SV_T2,0,0.5255819681881143
ftp,P1108_46_SV_T2,0,0.5256612759272853
ftp,P1108_46_SV_T2,0,0.5262163936296563
ftp,P1108_46_SV_T2,0,0.5262163936296563
ftp,P1108_46_SV_T2,0,0.5267714465315811
ftp,P1108_46_SV_T2,0,0.5305756695108023
ftp,P1108_46_SV_T2,0,0.5308925338956606
ftp,P1108_46_SV_T2,0,0.5316845853362975
ftp,P1108_46_SV_T2,0,0.530496449552616
ftp,P1108_46_SV_T2,0,0.5273264332689125
ftp,P1108_46_SV_T2,0,0.5278813524781562
ftp,P1108_46_SV_T2,0,0.5278020824914395
ftp,P1108_46_SV_T2,0,0.5281984183259212
ftp,P1108_46_SV_T2,0,0.5280398882298029
ftp,P1108_46_SV_T2,0,0.5275642641353858
ftp,P1108_46_SV_T2,0,0.5278020824914395
ftp,P1108_46_SV_T2,0,0.5278020824914395
ftp,P1108_46_SV_T2,0,0.5273264332689125
ftp,P1108_46_SV_T2,0,0.5274849885646433
ftp,P1108_46_SV_T2,0,0.5262956909005579
ftp,P1108_46_SV_T2,0,0.5256612759272853
ftp,P1108_46_SV_T2,0,0.5249474601465762
ftp,P1108_46_SV_T2,0,0.5257405823718498
ftp,P1108_46_SV_T2,0,0.5266921572789612
ftp,P1108_46_SV_T2,0,0.5271678724606805
ftp,P1108_46_SV_T2,0,0.5269300209819482
ftp,P1108_46_SV_T2,0,0.5269300209819482
ftp,P1108_46_SV_T2,0,0.5271678724606805
ftp,P1108_46_SV_T2,0,0.5274849885646433
ftp,P1108_46_SV_T2,0,0.5266921572789612
ftp,P1108_46_SV_T2,0,0.5263749868450225
ftp,P1108_46_SV_T2,0,0.5265335747387301
ftp,P1108_46_SV_T2,0,0.5269300209819482
ftp,P1108_46_SV_T2,0,0.5269300209819482
ftp,P1108_46_SV_T2,0,0.5262163936296563
ftp,P1108_46_SV_T2,0,0.5262163936296563
ftp,P1108_46_SV_T2,0,0.5262163936296563
ftp,P1108_46_SV_T2,0,0.5262163936296563
ftp,P1108_46_SV_T2,0,0.5262163936296563
ftp,P1108_46_SV_T2,0,0.5255819681881143
ftp,P1108_46_SV_T2,0,0.5259784938981095
ftp,P1108_46_SV_T2,0,0.5267714465315811
ftp,P1108_46_SV_T2,0,0.5278813524781562
ftp,P1108_46_SV_T2,0,0.5278813524781562
ftp,P1108_46_SV_T2,0,0.5275642641353858
ftp,P1108_46_SV_T2,0,0.5270885899993127
ftp,P1108_46_SV_T2,0,0.5274849885646433
ftp,P1108_46_SV_T2,0,0.5278020824914395
ftp,P1108_46_SV_T2,0,0.5275642641353858
ftp,P1108_46_SV_T2,0,0.5270093061717436
ftp,P1108_46_SV_T2,0,0.5270885899993127
ftp,P1108_46_SV_T2,0,0.5266128666800187
ftp,P1108_46_SV_T2,0,0.5264542814590725
ftp,P1108_46_SV_T2,0,0.525344037242765
ftp,P1108_46_SV_T2,0,0.5246301757877568
ftp,P1108_46_SV_T2,0,0.5246301757877568
ftp,P1108_46_SV_T2,0,0.5247888204687902
ftp,P1108_46_SV_T2,0,0.5259784938981095
ftp,P1108_46_SV_T2,0,0.5261370950362955
ftp,P1108_46_SV_T2,0,0.5269300209819482
ftp,P1108_46_SV_T2,0,0.5260577951244537
ftp,P1108_46_SV_T2,0,0.5268507344339022
ftp,P1108_46_SV_T2,0,0.5271678724606805
ftp,P1108_46_SV_T2,0,0.5278020824914395
ftp,P1108_46_SV_T2,0,0.5278020824914395
ftp,P1108_46_SV_T2,0,0.5278020824914395
ftp,P1108_46_SV_T2,0,0.527247153551872
ftp,P1108_46_SV_T2,0,0.5286739743634149
ftp,P1108_46_SV_T2,0,0.5292287239034114
ftp,P1108_46_SV_T2,0,0.5296249294514525
ftp,P1108_46_SV_T2,0,0.529941867035039
ftp,P1108_46_SV_T2,0,0.5286739743634149
ftp,P1108_46_SV_T2,0,0.5297041660971505
ftp,P1108_46_SV_T2,0,0.5317637817662106
ftp,P1108_46_SV_T2,0,0.5316053873101176
ftp,P1108_46_SV_T2,0,0.5316053873101176
ftp,P1108_46_SV_T2,0,0.5301003267879764
ftp,P1108_46_SV_T2,0,0.5280398882298029
ftp,P1108_46_SV_T2,0,0.5283569427347398
ftp,P1108_46_SV_T2,0,0.5283569427347398
ftp,P1108_46_SV_T2,0,0.5292287239034114
ftp,P1108_46_SV_T2,0,0.5297834012456245
ftp,P1108_46_SV_T2,0,0.5296249294514525
ftp,P1108_46_SV_T2,0,0.5292287239034114
ftp,P1108_46_SV_T2,0,0.5314469864847898
ftp,P1108_46_SV_T2,0,0.5332682053821939
ftp,P1108_46_SV_T2,0,0.5364334034769956
ftp,P1108_46_SV_T2,0,0.5376986756009373
ftp,P1108_46_SV_T2,0,0.5474080517037478
ftp,P1108_46_SV_T2,0,0.5645236981741196
ftp,P1108_46_SV_T2,0,0.5568460296503962
ftp,P1108_46_SV_T2,0,0.5570030014044488
ftp,P1108_46_SV_T2,0,0.5528394983885373
ftp,P1108_46_SV_T2,0,0.5551971466303515
ftp,P1108_46_SV_T2,0,0.5570814830145199
ftp,P1108_46_SV_T2,0,0.5530753719622138
ftp,P1111_41_SV_T4,0,0.571184823265311
ftp,P1111_41_SV_T4,0,0.580054095085891
ftp,P1111_41_SV_T4,0,0.590336233890021
ftp,P1111_41_SV_T4,0,0.592164320652692
ftp,P1111_41_SV_T4,0,0.5732216231997244
ftp,P1111_41_SV_T4,0,0.5611522302560367
ftp,P1111_41_SV_T4,0,0.558915660051633
ftp,P1111_41_SV_T4,0,0.5611522302560367
ftp,P1111_41_SV_T4,0,0.5620834071384279
ftp,P1111_41_SV_T4,0,0.5641304484261873
ftp,P1111_41_SV_T4,0,0.5641304484261873
ftp,P1111_41_SV_T4,0,0.5639444429780237
ftp,P1111_41_SV_T4,0,0.5633863188669748
ftp,P1111_41_SV_T4,0,0.5632002417432267
ftp,P1111_41_SV_T4,0,0.5622695902548724
ftp,P1111_41_SV_T4,0,0.5620834071384279
ftp,P1111_41_SV_T4,0,0.5587291699454053
ftp,P1111_41_SV_T4,0,0.5583561400735388
ftp,P1111_41_SV_T4,0,0.5585426632689884
ftp,P1111_41_SV_T4,0,0.5587291699454053
ftp,P1111_41_SV_T4,0,0.5579830443302615
ftp,P1111_41_SV_T4,0,0.5576098831251965
ftp,P1111_41_SV_T4,0,0.5581696004102319
ftp,P1111_41_SV_T4,0,0.556863365969665
ftp,P1111_41_SV_T4,0,0.555743109530338
ftp,P1111_41_SV_T4,0,0.5542485542309968
ftp,P1111_41_SV_T4,0,0.5538747610010702
ftp,P1111_41_SV_T4,0,0.5512565253059085
ftp,P1111_41_SV_T4,0,0.5508822561604249
ftp,P1111_41_SV_T4,0,0.5516307364113173
ftp,P1111_41_SV_T4,0,0.5521919433373439
ftp,P1111_41_SV_T4,0,0.5503207445247192
ftp,P1111_41_SV_T4,0,0.5486354456983208
ftp,P1111_41_SV_T4,0,0.5478860633957116
ftp,P1111_41_SV_T4,0,0.5469490304894462
ftp,P1111_41_SV_T4,0,0.5503207445247192
ftp,P1111_41_SV_T4,0,0.5901532869308276
ftp,P1111_41_SV_T4,0,0.5965412474884949
ftp,P1111_41_SV_T4,1,0.5959949560575982
ftp,P1111_41_SV_T4,0,0.5989057289855588
ftp,P1111_41_SV_T4,0,0.5941722723366227
ftp,P1111_41_SV_T4,0,0.564502405135629
ftp,P1111_41_SV_T4,0,0.5570500194735215
ftp,P1111_41_SV_T4,0,0.5546222861112278
ftp,P1111_41_SV_T4,0,0.5546222861112278
ftp,P1111_41_SV_T4,0,0.5549959562292833
ftp,P1111_41_SV_T4,0,0.5561165918897727
ftp,P1111_41_SV_T4,0,0.5585426632689884
ftp,P1111_41_SV_T4,0,0.5583561400735388
ftp,P1111_41_SV_T4,0,0.5566766964080135
ftp,P1111_41_SV_T4,0,0.5585426632689884
ftp,P1111_41_SV_T4,0,0.5613385003030594
ftp,P1111_41_SV_T4,0,0.5630141468272233
ftp,P1111_41_SV_T4,0,0.5609659429754961
ftp,P1111_41_SV_T4,0,0.5585426632689884
ftp,P1111_41_SV_T4,0,0.5577964718848395
ftp,P1111_41_SV_T4,0,0.5570500194735215
ftp,P1111_41_SV_T4,0,0.5581696004102319
ftp,P1111_41_SV_T4,0,0.5615247530656728
ftp,P1111_41_SV_T4,0,0.5652461003915483
ftp,P1111_41_SV_T4,0,0.5695165518804071
ftp,P1111_41_SV_T4,0,0.5739616662258896
ftp,P1111_41_SV_T4,0,0.5739616662258896
ftp,P1111_41_SV_T4,0,0.5700728196731486
ftp,P1111_41_SV_T4,0,0.5669183364106687
ftp,P1111_41_SV_T4,0,0.5605933169175255
ftp,P1111_41_SV_T4,0,0.5583561400735388
ftp,P1111_41_SV_T4,0,0.5538747610010702
ftp,P1111_41_SV_T4,0,0.5501335454090845
ftp,P1111_41_SV_T4,0,0.5542485542309968
ftp,P1111_41_SV_T4,0,0.5894212500297376
ftp,P1111_41_SV_T4,0,0.5934424686259366
ftp,P1111_41_SV_T4,1,0.5943546584152268
ftp,P1111_41_SV_T4,0,0.5974512007892077
ftp,P1111_41_SV_T4,0,0.5850208141692594
ftp,P1111_41_SV_T4,0,0.5630141468272233
ftp,P1111_41_SV_T4,0,0.5570500194735215
ftp,P1111_41_SV_T4,0,0.5555563447006714
ftp,P1111_41_SV_T4,0,0.555743109530338
ftp,P1111_41_SV_T4,0,0.5574232781025816
ftp,P1111_41_SV_T4,0,0.5581696004102319
ftp,P1111_41_SV_T4,0,0.573591685908725
ftp,P1111_41_SV_T4,0,0.6513119187121313
ftp,P1111_41_SV_T4,0,0.6789314155766785
ftp,P1111_41_SV_T4,1,0.6807424901459408
ftp,P1111_41_SV_T4,0,0.6820562211157
ftp,P1111_41_SV_T4,0,0.6797553031314487
ftp,P1111_41_SV_T4,0,0.6771149401996074
ftp,P1111_41_SV_T4,1,0.6789314155766785
ftp,P1111_41_SV_T4,0,0.6832033642861801
ftp,P1111_41_SV_T4,0,0.6856540288866956
ftp,P1111_41_SV_T4,0,0.6101175485544332
ftp,P1111_41_SV_T4,0,0.604706207193186
ftp,P1111_41_SV_T4,0,0.6043445212093065
ftp,P1111_41_SV_T4,0,0.605971203557154
ftp,P1111_41_SV_T4,0,0.6050677786089497
ftp,P1111_41_SV_T4,0,0.5901532869308276
ftp,P1111_41_SV_T4,0,0.5789481368708179
ftp,P1111_41_SV_T4,0,0.5709995389243955
ftp,P1111_41_SV_T4,0,0.5695165518804071
ftp,P1111_41_SV_T4,0,0.5682179134008202
ftp,P1111_41_SV_T4,0,0.5813433635671594
ftp,P1111_41_SV_T4,0,0.591798905569238
ftp,P1111_41_SV_T4,0,0.5979968512868975
ftp,P1111_41_SV_T4,0,0.6079561824886489
ftp,P1111_41_SV_T4,0,0.6106572185914301
ftp,P1111_41_SV_T4,0,0.6079561824886489
ftp,P1111_41_SV_T4,0,0.605971203557154
ftp,P1111_41_SV_T4,0,0.6335913779554465
ftp,P1111_41_SV_T4,0,0.6696284984205432
ftp,P1111_41_SV_T4,0,0.6919773122836104
ftp,P1111_41_SV_T4,0,0.6916547607049585
ftp,P1111_41_SV_T4,1,0.6840213915333265
ftp,P1111_41_SV_T4,0,0.6813997161606891
ftp,P1111_41_SV_T4,0,0.7002973196698443
ftp,P1111_41_SV_T4,0,0.7055100725579515
ftp,P1111_41_SV_T4,1,0.6995029178169085
ftp,P1111_41_SV_T4,1,0.7077055149324591
ftp,P1111_41_SV_T4,0,0.6707988387618818
ftp,P1111_41_SV_T4,0,0.6632387856450754
ftp,P1111_41_SV_T4,0,0.6447558837544536
ftp,P1111_41_SV_T4,0,0.6409351142255856
ftp,P1111_41_SV_T4,0,0.6277772380494164
ftp,P1111_41_SV_T4,0,0.6268930259430162
ftp,P1111_41_SV_T4,0,0.6898773881754046
ftp,P1111_41_SV_T4,0,0.6632387856450754
ftp,P1111_41_SV_T4,0,0.6428477696548542
ftp,P1111_41_SV_T4,0,0.6576408860945733
ftp,P1111_41_SV_T4,0,0.6918160598946513
ftp,P1111_41_SV_T4,0,0.7310585786300049
ftp,P1111_41_SV_T4,0,0.6977510148755233
ftp,P1111_41_SV_T4,0,0.6786015479055406
ftp,P1111_41_SV_T4,0,0.6686236743390706
ftp,P1111_41_SV_T4,0,0.6468322250636213
ftp,P1111_41_SV_T4,0,0.6456216936264666
ftp,P1111_41_SV_T4,0,0.6574705561465716
ftp,P1111_41_SV_T4,0,0.6174691891176968
ftp,P1111_41_SV_T4,0,0.5848371628350935
ftp,P1111_41_SV_T4,0,0.577841385816224
ftp,P1111_41_SV_T4,0,0.5706289105837176
ftp,P1111_41_SV_T4,0,0.6099375985318822
ftp,P1111_41_SV_T4,0,0.6054292350974496
ftp,P1111_41_SV_T4,0,0.5885056470576246
ftp,P1111_41_SV_T4,0,0.6021720195494271
ftp,P1111_41_SV_T4,0,0.6074151754567095
ftp,P1111_41_SV_T4,0,0.563572378147791
ftp,P1111_41_SV_T4,0,0.5661753062404873
ftp,P1111_41_SV_T4,0,0.569887416662583
ftp,P1111_41_SV_T4,0,0.5739616662258896
ftp,P1111_41_SV_T4,0,0.5734066648284561
ftp,P1111_41_SV_T4,0,0.5715553320393268
ftp,P1111_41_SV_T4,0,0.570258203030125
ftp,P1111_41_SV_T4,0,0.5684034910444462
ftp,P1111_41_SV_T4,0,0.5709995389243955
ftp,P1111_41_SV_T4,0,0.572110944684574
ftp,P1111_41_SV_T4,0,0.5724812521909997
ftp,P1111_41_SV_T4,0,0.5745164813513622
ftp,P1111_41_SV_T4,0,0.5761797957646113
ftp,P1111_41_SV_T4,0,0.577472294435427
ftp,P1111_41_SV_T4,0,0.579869824222138
ftp,P1111_41_SV_T4,0,0.5795012157419531
ftp,P1111_41_SV_T4,0,0.5783948597893113
ftp,P1111_41_SV_T4,0,0.5783948597893113
ftp,P1111_41_SV_T4,0,0.5745164813513622
ftp,P1111_41_SV_T4,0,0.5728514784949931
ftp,P1111_41_SV_T4,0,0.5732216231997244
ftp,P1111_41_SV_T4,0,0.5724812521909997
ftp,P1111_41_SV_T4,0,0.5732216231997244
ftp,P1111_41_SV_T4,0,0.573776686391029
ftp,P1111_41_SV_T4,0,0.5732216231997244
ftp,P1111_41_SV_T4,0,0.578579307425155
ftp,P1111_41_SV_T4,0,0.5813433635671594
ftp,P1111_41_SV_T4,0,0.5802383436338449
ftp,P1111_41_SV_T4,0,0.5811592499347691
ftp,P1111_41_SV_T4,0,0.576918495245651
ftp,P1111_41_SV_T4,0,0.573591685908725
ftp,P1111_41_SV_T4,0,0.5732216231997244
ftp,P1111_41_SV_T4,0,0.5730365610720544
ftp,P1111_41_SV_T4,0,0.5730365610720544
ftp,P1111_41_SV_T4,0,0.5756255474519908
ftp,P1111_41_SV_T4,0,0.5772877162723001
ftp,P1111_41_SV_T4,0,0.5763645026905857
ftp,P1111_41_SV_T4,0,0.5754407556668896
ftp,P1111_41_SV_T4,0,0.5745164813513622
ftp,P1111_41_SV_T4,0,0.573776686391029
ftp,P1111_41_SV_T4,0,0.5765491882788337
ftp,P1111_41_SV_T4,0,0.5761797957646113
ftp,P1111_41_SV_T4,0,0.5758103180961243
ftp,P1111_41_SV_T4,0,0.5761797957646113
ftp,P1111_41_SV_T4,0,0.5758103180961243
ftp,P1111_41_SV_T4,0,0.5756255474519908
ftp,P1111_41_SV_T4,0,0.5761797957646113
ftp,P1111_41_SV_T4,0,0.5752559427900683
ftp,P1111_41_SV_T4,0,0.5728514784949931
ftp,P1111_41_SV_T4,0,0.5728514784949931
ftp,P1111_41_SV_T4,0,0.5719257606045571
ftp,P1111_41_SV_T4,0,0.5761797957646113
ftp,P1111_41_SV_T4,0,0.5791325185829733
ftp,P1111_41_SV_T4,0,0.5802383436338449
ftp,P1111_41_SV_T4,0,0.5813433635671594
ftp,P1111_41_SV_T4,0,0.5791325185829733
ftp,P1111_41_SV_T4,0,0.5789481368708179
ftp,P1111_41_SV_T4,0,0.5866726075014917
ftp,P1111_41_SV_T4,0,0.5892381787748484
ftp,P1111_41_SV_T4,0,0.590336233890021
ftp,P1111_41_SV_T4,0,0.5927122521231512
ftp,P1111_41_SV_T4,0,0.5928948447844368
ftp,P1111_41_SV_T4,0,0.5890550828027921
ftp,P1111_41_SV_T4,0,0.5908849245733081
ftp,P1111_41_SV_T4,0,0.5912505927286217
ftp,P1111_41_SV_T4,0,0.590336233890021
ftp,P1111_41_SV_T4,0,0.5888719621609557
ftp,P1111_41_SV_T4,0,0.5888719621609557
ftp,P1111_41_SV_T4,0,0.590336233890021
ftp,P1111_41_SV_T4,0,0.5896042965200996
ftp,P1111_41_SV_T4,0,0.591798905569238
ftp,P1111_41_SV_T4,0,0.5941722723366227
ftp,P1111_41_SV_T4,0,0.595266197383417
ftp,P1111_41_SV_T4,0,0.591798905569238
ftp,P1111_41_SV_T4,0,0.5923469900103975
ftp,P1111_41_SV_T4,0,0.5947193524271465
ftp,P1111_41_SV_T4,0,0.5928948447844368
ftp,P1111_41_SV_T4,0,0.5932599530826274
ftp,P1111_41_SV_T4,0,0.5936249583697049
ftp,P1111_41_SV_T4,0,0.592164320652692
ftp,P1111_41_SV_T4,0,0.5890550828027921
ftp,P1111_41_SV_T4,0,0.5874061146094688
ftp,P1111_41_SV_T4,0,0.5859387155729286
ftp,P1111_41_SV_T4,0,0.5883224526910384
ftp,P1111_41_SV_T4,0,0.5905191558482926
ftp,P1111_41_SV_T4,0,0.5916161599374182
ftp,P1111_41_SV_T4,0,0.5910677712457388
ftp,P1111_41_SV_T4,0,0.5916161599374182
ftp,P1111_41_SV_T4,0,0.5914333889748683
ftp,P1111_41_SV_T4,0,0.5916161599374182
ftp,P1111_41_SV_T4,0,0.5908849245733081
ftp,P1111_41_SV_T4,0,0.591798905569238
ftp,P1111_41_SV_T4,0,0.5901532869308276
ftp,P1111_41_SV_T4,0,0.5894212500297376
ftp,P1111_41_SV_T4,0,0.5894212500297376
ftp,P1111_41_SV_T4,0,0.5908849245733081
ftp,P1111_41_SV_T4,0,0.5899703150179372
ftp,P1111_41_SV_T4,0,0.5945370184609305
ftp,P1111_41_SV_T4,0,0.601084251290012
ftp,P1111_41_SV_T4,0,0.603620806976238
ftp,P1111_41_SV_T4,0,0.6034398073754235
ftp,P1111_41_SV_T4,0,0.607054357465907
ftp,P1111_41_SV_T4,0,0.6092174995642206
ftp,P1111_41_SV_T4,0,0.5996323420184532
ftp,P1111_41_SV_T4,0,0.6012656156089472
ftp,P1111_41_SV_T4,0,0.6028966387927006
ftp,P1111_41_SV_T4,0,0.607054357465907
ftp,P1111_41_SV_T4,0,0.6084969245097377
ftp,P1111_41_SV_T4,0,0.61101684815123
ftp,P1111_41_SV_T4,0,0.6163966025224579
ftp,P1111_41_SV_T4,0,0.6099375985318822
ftp,P1111_41_SV_T4,0,0.5969053089025531
ftp,P1111_41_SV_T4,0,0.5879559905654955
ftp,P1111_41_SV_T4,0,0.5741466253638502
ftp,P1111_41_SV_T4,0,0.5780258989359415
ftp,P1111_41_SV_T4,0,0.5848371628350935
ftp,P1111_41_SV_T4,0,0.591981625823322
ftp,P1111_41_SV_T4,0,0.587039409348985
ftp,P1111_41_SV_T4,0,0.5802383436338449
ftp,P1111_41_SV_T4,0,0.5750711088707986
ftp,P1111_41_SV_T4,0,0.5822635909226018
ftp,P1111_41_SV_T4,0,0.5802383436338449
ftp,P1111_41_SV_T4,0,0.5693310902087129
ftp,P1111_41_SV_T4,0,0.5615513591892503
ftp,P1112_10_SV_T2,0,0.5478649785915107
ftp,P1112_10_SV_T2,0,0.5689502276374736
ftp,P1112_10_SV_T2,0,0.5757440636903344
ftp,P1112_10_SV_T2,0,0.5772093367181685
ftp,P1112_10_SV_T2,0,0.5762936985789016
ftp,P1112_10_SV_T2,0,0.5762936985789016
ftp,P1112_10_SV_T2,0,0.5751942413809401
ftp,P1112_10_SV_T2,0,0.5779414657745726
ftp,P1112_10_SV_T2,0,0.5781244446604177
ftp,P1112_10_SV_T2,0,0.5828742287505677
ftp,P1112_10_SV_T2,0,0.5899699032000781
ftp,P1112_10_SV_T2,0,0.5944989890342743
ftp,P1112_10_SV_T2,0,0.5999126769544242
ftp,P1112_10_SV_T2,0,0.605481288357362
ftp,P1112_10_SV_T2,0,0.6074507636816426
ftp,P1112_10_SV_T2,0,0.6047642616464656
ftp,P1112_10_SV_T2,0,0.6024308249020387
ftp,P1112_10_SV_T2,0,0.601711901012163
ftp,P1112_10_SV_T2,0,0.605481288357362
ftp,P1112_10_SV_T2,0,0.6076296347261824
ftp,P1112_10_SV_T2,0,0.6110226476391898
ftp,P1112_10_SV_T2,0,0.613160097567545
ftp,P1112_10_SV_T2,0,0.6140494219422719
ftp,P1112_10_SV_T2,0,0.6156482856501425
ftp,P1112_10_SV_T2,0,0.6144049390291222
ftp,P1112_10_SV_T2,0,0.6126261400697378
ftp,P1112_10_SV_T2,0,0.609238169217184
ftp,P1112_10_SV_T2,0,0.6027901213433826
ftp,P1112_10_SV_T2,0,0.5997326053586539
ftp,P1112_10_SV_T2,0,0.5943181285534811
ftp,P1112_10_SV_T2,0,0.581414351071199
ftp,P1112_10_SV_T2,0,0.583238972319604
ftp,P1112_10_SV_T2,0,0.5837859167543005
ftp,P1112_10_SV_T2,0,0.5861536099392597
ftp,P1112_10_SV_T2,0,0.5857896056327818
ftp,P1112_10_SV_T2,0,0.5850613162371102
ftp,P1112_10_SV_T2,0,0.584150431883098
ftp,P1112_10_SV_T2,0,0.5808665276622318
ftp,P1112_10_SV_T2,0,0.5795874996586309
ftp,P1112_10_SV_T2,0,0.5799530460821379
ftp,P1112_10_SV_T2,0,0.5792218659241115
ftp,P1112_10_SV_T2,0,0.5788561452589854
ftp,P1112_10_SV_T2,0,0.5792218659241115
ftp,P1112_10_SV_T2,0,0.5790390164340842
ftp,P1112_10_SV_T2,0,0.5799530460821379
ftp,P1112_10_SV_T2,0,0.5801357864334885
ftp,P1112_10_SV_T2,0,0.5817794552468488
ftp,P1112_10_SV_T2,0,0.5823269434195465
ftp,P1112_10_SV_T2,0,0.5852434235670473
ftp,P1112_10_SV_T2,0,0.5852434235670473
ftp,P1112_10_SV_T2,0,0.5861536099392597
ftp,P1112_10_SV_T2,0,0.5850613162371102
ftp,P1112_10_SV_T2,0,0.5823269434195465
ftp,P1112_10_SV_T2,0,0.5872450568140294
ftp,P1112_10_SV_T2,0,0.5883356468023384
ftp,P1112_10_SV_T2,0,0.590876968182977
ftp,P1112_10_SV_T2,0,0.5941372424768463
ftp,P1112_10_SV_T2,0,0.5928703270802909
ftp,P1112_10_SV_T2,0,0.5937753937179854
ftp,P1112_10_SV_T2,0,0.5912396214080111
ftp,P1112_10_SV_T2,0,0.590876968182977
ftp,P1112_10_SV_T2,0,0.5925081234868514
ftp,P1112_10_SV_T2,0,0.590876968182977
ftp,P1112_10_SV_T2,0,0.5886989846453873
ftp,P1112_10_SV_T2,0,0.5872450568140294
ftp,P1112_10_SV_T2,0,0.5850613162371102
ftp,P1112_10_SV_T2,0,0.5819619737637464
ftp,P1112_10_SV_T2,0,0.5825093944640659
ftp,P1112_10_SV_T2,0,0.5834213099673833
ftp,P1112_10_SV_T2,0,0.5861536099392597
ftp,P1112_10_SV_T2,0,0.5894253698782412
ftp,P1112_10_SV_T2,0,0.593232429748679
ftp,P1112_10_SV_T2,0,0.596847825421033
ftp,P1112_10_SV_T2,0,0.5999126769544242
ftp,P1112_10_SV_T2,0,0.5995525068156186
ftp,P1112_10_SV_T2,0,0.5997326053586539
ftp,P1112_10_SV_T2,0,0.6031493069777559
ftp,P1112_10_SV_T2,0,0.5981107537325638
ftp,P1112_10_SV_T2,0,0.5961255740584609
ftp,P1112_10_SV_T2,0,0.5977500491205547
ftp,P1112_10_SV_T2,0,0.5963061760856536
ftp,P1112_10_SV_T2,0,0.592326983957487
ftp,P1112_10_SV_T2,0,0.5952221740904585
ftp,P1112_10_SV_T2,0,0.5952221740904585
ftp,P1112_10_SV_T2,0,0.59504141644725
ftp,P1112_10_SV_T2,0,0.5975696571100916
ftp,P1112_10_SV_T2,0,0.5988318440640521
ftp,P1112_10_SV_T2,0,0.6006326929730497
ftp,P1112_10_SV_T2,0,0.6038673444146706
ftp,P1112_10_SV_T2,0,0.6026104869515108
ftp,P1112_10_SV_T2,0,0.6004527296121704
ftp,P1112_10_SV_T2,0,0.5964867520185729
ftp,P1112_10_SV_T2,0,0.5894253698782412
ftp,P1112_10_SV_T2,0,0.5828742287505677
ftp,P1112_10_SV_T2,0,0.5790390164340842
ftp,P1112_10_SV_T2,0,0.5805012011780444
ftp,P1112_10_SV_T2,0,0.5810491576882111
ftp,P1112_10_SV_T2,0,0.5810491576882111
ftp,P1112_10_SV_T2,0,0.5792218659241115
ftp,P1112_10_SV_T2,0,0.5768431447512112
ftp,P1112_10_SV_T2,0,0.5748275896925442
ftp,P1112_10_SV_T2,0,0.578490338044035
ftp,P1112_10_SV_T2,0,0.5794046936814812
ftp,P1112_10_SV_T2,0,0.5801357864334885
ftp,P1112_10_SV_T2,0,0.5797702838080215
ftp,P1112_10_SV_T2,0,0.5797702838080215
ftp,P1112_10_SV_T2,0,0.596847825421033
ftp,P1112_10_SV_T2,0,0.6306214402439638
ftp,P1112_10_SV_T2,0,0.6467196966386809
ftp,P1112_10_SV_T2,0,0.6463768255303632
ftp,P1112_10_SV_T2,0,0.6332387737599041
ftp,P1112_10_SV_T2,0,0.6396610875593276
ftp,P1112_10_SV_T2,0,0.6492863996152991
ftp,P1112_10_SV_T2,1,0.6188384979144251
ftp,P1112_10_SV_T2,0,0.605481288357362
ftp,P1112_10_SV_T2,0,0.6053020741110362
ftp,P1112_10_SV_T2,0,0.5982910662442916
ftp,P1112_10_SV_T2,0,0.5984713521666701
ftp,P1112_10_SV_T2,0,0.5993723813699577
ftp,P1112_10_SV_T2,0,0.6051228315479483
ftp,P1112_10_SV_T2,0,0.6038673444146706
ftp,P1112_10_SV_T2,0,0.5991922290663405
ftp,P1112_10_SV_T2,0,0.5952221740904585
ftp,P1112_10_SV_T2,0,0.5954029059108532
ftp,P1112_10_SV_T2,0,0.583056611898313
ftp,P1112_10_SV_T2,0,0.5848791856644467
ftp,P1112_10_SV_T2,0,0.6063769333088403
ftp,P1112_10_SV_T2,0,0.6094167494898322
ftp,P1112_10_SV_T2,0,0.6128041560428754
ftp,P1112_10_SV_T2,0,0.6191923393505653
ftp,P1112_10_SV_T2,0,0.6257152372522973
ftp,P1112_10_SV_T2,0,0.6193692126388187
ftp,P1112_10_SV_T2,0,0.6040467839687864
ftp,P1112_10_SV_T2,0,0.6049435607118357
ftp,P1112_10_SV_T2,0,0.596847825421033
ftp,P1112_10_SV_T2,0,0.5912396214080111
ftp,P1112_10_SV_T2,0,0.5890622257940524
ftp,P1112_10_SV_T2,0,0.5846970318958669
ftp,P1112_10_SV_T2,0,0.5852434235670473
ftp,P1112_10_SV_T2,0,0.5817794552468488
ftp,P1112_10_SV_T2,0,0.5837859167543005
ftp,P1112_10_SV_T2,0,0.584150431883098
ftp,P1112_10_SV_T2,0,0.5890622257940524
ftp,P1112_10_SV_T2,0,0.5963061760856536
ftp,P1112_10_SV_T2,0,0.6429398770335243
ftp,P1112_10_SV_T2,1,0.6581169042924623
ftp,P1112_10_SV_T2,0,0.6648361784593864
ftp,P1112_10_SV_T2,0,0.6683374487788086
ftp,P1112_10_SV_T2,0,0.6688361249917089
ftp,P1112_10_SV_T2,0,0.6658384145594758
ftp,P1112_10_SV_T2,0,0.6681711393346605
ftp,P1112_10_SV_T2,0,0.6631624809811749
ftp,P1112_10_SV_T2,0,0.6444883495291532
ftp,P1112_10_SV_T2,0,0.605481288357362
ftp,P1112_10_SV_T2,0,0.6035083814523114
ftp,P1112_10_SV_T2,0,0.6195460542521529
ftp,P1112_10_SV_T2,0,0.6479185551299248
ftp,P1112_10_SV_T2,0,0.7077478890159998
ftp,P1112_10_SV_T2,0,0.7171224641158099
ftp,P1112_10_SV_T2,0,0.7285437732472058
ftp,P1112_10_SV_T2,0,0.7310585786300049
ftp,P1112_10_SV_T2,0,0.6903915546670266
ftp,P1112_10_SV_T2,0,0.6733070649203156
ftp,P1112_10_SV_T2,0,0.6986674151081884
ftp,P1112_10_SV_T2,0,0.7294330343502778
ftp,P1112_10_SV_T2,0,0.7222678582819674
ftp,P1112_10_SV_T2,0,0.6353270044813181
ftp,P1112_10_SV_T2,0,0.6614846812070736
ftp,P1112_10_SV_T2,0,0.6940675154070708
ftp,P1112_10_SV_T2,0,0.6701640739369666
ftp,P1112_10_SV_T2,0,0.6271196988546562
ftp,P1112_10_SV_T2,0,0.6184845302743065
ftp,P1112_10_SV_T2,0,0.6386229508217626
ftp,P1112_10_SV_T2,0,0.6367163391700853
ftp,P1112_10_SV_T2,0,0.6067349915446307
ftp,P1112_10_SV_T2,0,0.6095953004480492
ftp,P1112_10_SV_T2,1,0.6135159182474054
ftp,P1112_10_SV_T2,0,0.635153178439046
ftp,P1112_10_SV_T2,0,0.6356745506568937
ftp,P1112_10_SV_T2,0,0.6267687834059633
ftp,P1112_10_SV_T2,1,0.6191923393505653
ftp,P1112_10_SV_T2,0,0.6151156067810009
ftp,P1112_10_SV_T2,0,0.6088809209007985
ftp,P1112_10_SV_T2,0,0.6087022529432395
ftp,P1112_10_SV_T2,0,0.6078084768880967
ftp,P1112_10_SV_T2,0,0.60995231424917
ftp,P1112_10_SV_T2,0,0.6151156067810009
ftp,P1112_10_SV_T2,0,0.6257152372522973
ftp,P1112_10_SV_T2,0,0.6221948494963185
ftp,P1112_10_SV_T2,1,0.609238169217184
ftp,P1112_10_SV_T2,0,0.6076296347261824
ftp,P1112_10_SV_T2,0,0.6065559767377795
ftp,P1112_10_SV_T2,0,0.5881539417361875
ftp,P1112_10_SV_T2,0,0.5808665276622318
ftp,P1112_10_SV_T2,0,0.5735436629095255
ftp,P1112_10_SV_T2,0,0.5715240656375908
ftp,P1112_10_SV_T2,0,0.5674777795934893
ftp,P1112_10_SV_T2,0,0.5689502276374736
ftp,P1112_10_SV_T2,0,0.5689502276374736
ftp,P1112_10_SV_T2,0,0.5689502276374736
ftp,P1112_10_SV_T2,0,0.622371178724533
ftp,P1112_10_SV_T2,0,0.6117356097951685
ftp,P1112_10_SV_T2,1,0.613693783164649
ftp,P1112_10_SV_T2,0,0.6271196988546562
ftp,P1112_10_SV_T2,0,0.6361956045762313
ftp,P1112_10_SV_T2,0,0.6230761715153101
ftp,P1112_10_SV_T2,0,0.5892438099923208
ftp,P1112_10_SV_T2,0,0.5779414657745726
ftp,P1112_10_SV_T2,0,0.5781244446604177
ftp,P1112_10_SV_T2,0,0.5834213099673833
ftp,P1112_10_SV_T2,0,0.6465482799319222
ftp,P1112_10_SV_T2,0,0.638449801782669
ftp,P1112_10_SV_T2,0,0.6639998445098612
ftp,P1112_10_SV_T2,0,0.6716547769872055
ftp,P1112_10_SV_T2,0,0.6726466629745396
ftp,P1112_10_SV_T2,0,0.6714893133489329
ftp,P1112_10_SV_T2,0,0.6604760456545155
ftp,P1112_10_SV_T2,0,0.6480896689929673
ftp,P1112_10_SV_T2,0,0.6475762134991307
ftp,P1112_10_SV_T2,0,0.5944989890342743
ftp,P1112_10_SV_T2,0,0.5825093944640659
ftp,P1112_10_SV_T2,0,0.5797702838080215
ftp,P1112_10_SV_T2,0,0.5794046936814812
ftp,P1112_10_SV_T2,0,0.5742774578988126
ftp,P1112_10_SV_T2,0,0.5751942413809401
ftp,P1112_10_SV_T2,0,0.5742774578988126
ftp,P1112_10_SV_T2,0,0.5739106010907546
ftp,P1112_10_SV_T2,0,0.5718914444608073
ftp,P1112_10_SV_T2,0,0.5726259639832922
ftp,P1112_10_SV_T2,0,0.5757440636903344
ftp,P1112_10_SV_T2,0,0.5797702838080215
ftp,P1112_10_SV_T2,0,0.5819619737637464
ftp,P1112_10_SV_T2,0,0.5790390164340842
ftp,P1112_10_SV_T2,0,0.5772093367181685
ftp,P1112_10_SV_T2,0,0.5746442329479821
ftp,P1112_10_SV_T2,0,0.5744608556673518
ftp,P1112_10_SV_T2,0,0.5748275896925442
ftp,P1112_10_SV_T2,0,0.5744608556673518
ftp,P1112_10_SV_T2,0,0.5740940396905456
ftp,P1112_10_SV_T2,0,0.5761105078539183
ftp,P1112_10_SV_T2,0,0.5794046936814812
ftp,P1112_10_SV_T2,0,0.5834213099673833
ftp,P1112_10_SV_T2,0,0.5806838754763852
ftp,P1112_10_SV_T2,0,0.5762936985789016
ftp,P1112_10_SV_T2,0,0.5731766437411969
ftp,P1112_10_SV_T2,0,0.5678460044340399
ftp,P1112_10_SV_T2,0,0.5715240656375908
ftp,P1112_10_SV_T2,0,0.5753775362285674
ftp,P1112_10_SV_T2,0,0.5761105078539183
ftp,P1112_10_SV_T2,0,0.5761105078539183
ftp,P1112_10_SV_T2,0,0.5746442329479821
ftp,P1112_10_SV_T2,0,0.5720751041796139
ftp,P1112_10_SV_T2,0,0.570053765655393
ftp,P1112_10_SV_T2,0,0.5724423639892906
ftp,P1112_10_SV_T2,0,0.5711566079569332
ftp,P1112_10_SV_T2,0,0.570972849666406
ftp,P1112_10_SV_T2,0,0.5711566079569332
ftp,P1112_10_SV_T2,0,0.5706052744278254
ftp,P1112_10_SV_T2,0,0.5682141543157405
ftp,P1112_10_SV_T2,0,0.5665568921184182
ftp,P1112_10_SV_T2,0,0.5634224713182407
ftp,P1112_10_SV_T2,0,0.5634224713182407
ftp,P1112_10_SV_T2,0,0.5683982010247088
ftp,P1112_10_SV_T2,0,0.5711566079569332
ftp,P1112_10_SV_T2,0,0.5746442329479821
ftp,P1112_10_SV_T2,0,0.5713403466301792
ftp,P1112_10_SV_T2,0,0.567293639186036
ftp,P1112_10_SV_T2,0,0.5639759800536448
ftp,P1112_10_SV_T2,0,0.5658198507050919
ftp,P1112_10_SV_T2,0,0.5689502276374736
ftp,P1112_10_SV_T2,0,0.5689502276374736
ftp,P1112_10_SV_T2,0,0.5683982010247088
ftp,P1112_10_SV_T2,0,0.5674777795934893
ftp,P1112_10_SV_T2,0,0.5669253026417329
ftp,P1112_10_SV_T2,0,0.57225874403859
ftp,P1112_10_SV_T2,0,0.5753775362285674
ftp,P1112_10_SV_T2,0,0.5759272962084029
ftp,P1112_10_SV_T2,0,0.5751942413809401
ftp,P1112_10_SV_T2,0,0.570972849666406
ftp,P1112_10_SV_T2,0,0.5691341985075218
ftp,P1112_10_SV_T2,0,0.5751942413809401
ftp,P1112_10_SV_T2,0,0.5759272962084029
ftp,P1112_10_SV_T2,0,0.5764768683353968
ftp,P1112_10_SV_T2,0,0.5753775362285674
ftp,P1112_10_SV_T2,0,0.5759272962084029
ftp,P1112_10_SV_T2,0,0.5764768683353968
ftp,P1112_10_SV_T2,0,0.5786732524464246
ftp,P1112_10_SV_T2,0,0.5812317655069751
ftp,P1112_10_SV_T2,0,0.5803185048146053
ftp,P1112_10_SV_T2,0,0.5825093944640659
ftp,P1112_10_SV_T2,0,0.5856075683116301
ftp,P1112_10_SV_T2,0,0.5866994398595321
ftp,P1112_10_SV_T2,0,0.5888806173296582
ftp,P1112_10_SV_T2,0,0.587063208236323
ftp,P1112_10_SV_T2,0,0.5886989846453873
ftp,P1112_10_SV_T2,0,0.5859716195242196
ftp,P1112_10_SV_T2,0,0.5865175201535368
ftp,P1112_10_SV_T2,0,0.5801357864334885
ftp,P1112_10_SV_T2,0,0.5803185048146053
ftp,P1112_10_SV_T2,0,0.5775754438534417
ftp,P1112_10_SV_T2,0,0.5742774578988126
ftp,P1112_10_SV_T2,0,0.5766600170754701
ftp,P1112_10_SV_T2,0,0.5803185048146053
ftp,P1112_10_SV_T2,0,0.5806838754763852
ftp,P1112_10_SV_T2,0,0.583056611898313
ftp,P1112_10_SV_T2,0,0.5839681857994466
ftp,P1112_10_SV_T2,0,0.5819619737637464
ftp,P1112_10_SV_T2,0,0.5806838754763852
ftp,P1112_10_SV_T2,0,0.5801357864334885
ftp,P1112_10_SV_T2,0,0.5790390164340842
ftp,P1112_10_SV_T2,0,0.5764768683353968
ftp,P1112_10_SV_T2,0,0.5726259639832922
ftp,P1112_10_SV_T2,0,0.569869890681982
ftp,P1112_10_SV_T2,0,0.5720751041796139
ftp,P1112_10_SV_T2,0,0.5742774578988126
ftp,P1112_10_SV_T2,0,0.5766600170754701
ftp,P1112_10_SV_T2,0,0.5879722126354132
ftp,P1112_10_SV_T2,0,0.5773924009136779
ftp,P1112_10_SV_T2,0,0.5624996062317855
ftp,P1112_10_SV_T2,0,0.5597284389684304
ftp,P1112_15_SV_T3,0,0.5450651665621845
ftp,P1112_15_SV_T3,0,0.5420699823048367
ftp,P1112_15_SV_T3,0,0.5496347808238626
ftp,P1112_15_SV_T3,0,0.5651044666875625
ftp,P1112_15_SV_T3,0,0.57061797198947
ftp,P1112_15_SV_T3,0,0.5608967211877447
ftp,P1112_15_SV_T3,0,0.5591615364123081
ftp,P1112_15_SV_T3,0,0.5561835915854965
ftp,P1112_15_SV_T3,0,0.554941576171546
ftp,P1112_15_SV_T3,0,0.5454809115941307
ftp,P1112_15_SV_T3,0,0.5323992071205766
ftp,P1112_15_SV_T3,0,0.5285570835892502
ftp,P1112_15_SV_T3,0,0.5301444840095669
ftp,P1112_15_SV_T3,0,0.5304785969553398
ftp,P1112_15_SV_T3,0,0.5317312747730755
ftp,P1112_15_SV_T3,0,0.5329000803187672
ftp,P1112_15_SV_T3,0,0.5321487459685416
ftp,P1112_15_SV_T3,0,0.5320652553112916
ftp,P1112_15_SV_T3,0,0.5304785969553398
ftp,P1112_15_SV_T3,0,0.5308961996864462
ftp,P1112_15_SV_T3,0,0.5311467405949759
ftp,P1112_15_SV_T3,0,0.5317312747730755
ftp,P1112_15_SV_T3,0,0.5310632286971423
ftp,P1112_15_SV_T3,0,0.5312302507482782
ftp,P1112_15_SV_T3,0,0.5318147725847374
ftp,P1112_15_SV_T3,0,0.5317312747730755
ftp,P1112_15_SV_T3,0,0.5318147725847374
ftp,P1112_15_SV_T3,0,0.5304785969553398
ftp,P1112_15_SV_T3,0,0.5301444840095669
ftp,P1112_15_SV_T3,0,0.5301444840095669
ftp,P1112_15_SV_T3,0,0.5298103440428199
ftp,P1112_15_SV_T3,0,0.5297268048639516
ftp,P1112_15_SV_T3,0,0.5289748778609029
ftp,P1112_15_SV_T3,0,0.5286406456631445
ftp,P1112_15_SV_T3,0,0.5290584318626304
ftp,P1112_15_SV_T3,0,0.5284735199148785
ftp,P1112_15_SV_T3,0,0.5284735199148785
ftp,P1112_15_SV_T3,0,0.5277213755918736
ftp,P1112_15_SV_T3,0,0.5270526970874307
ftp,P1112_15_SV_T3,0,0.5272198759067457
ftp,P1112_15_SV_T3,0,0.5269691054004337
ftp,P1112_15_SV_T3,0,0.5273034630297465
ftp,P1112_15_SV_T3,0,0.5273870486220988
ftp,P1112_15_SV_T3,0,0.5273870486220988
ftp,P1112_15_SV_T3,0,0.5277213755918736
ftp,P1112_15_SV_T3,0,0.5278885297717859
ftp,P1112_15_SV_T3,0,0.5276377961686892
ftp,P1112_15_SV_T3,0,0.5269691054004337
ftp,P1112_15_SV_T3,0,0.5270526970874307
ftp,P1112_15_SV_T3,0,0.5268855122014225
ftp,P1112_15_SV_T3,0,0.5270526970874307
ftp,P1112_15_SV_T3,0,0.5266347235788983
ftp,P1112_15_SV_T3,0,0.5259658885521812
ftp,P1112_15_SV_T3,0,0.526049498075756
ftp,P1112_15_SV_T3,0,0.5273870486220988
ftp,P1112_15_SV_T3,0,0.5308961996864462
ftp,P1112_15_SV_T3,0,0.5473925132984474
ftp,P1112_15_SV_T3,1,0.5492196954227782
ftp,P1112_15_SV_T3,1,0.5488045415037245
ftp,P1112_15_SV_T3,0,0.5468108668158387
ftp,P1112_15_SV_T3,0,0.5588308597671249
ftp,P1112_15_SV_T3,0,0.5523725853585447
ftp,P1112_15_SV_T3,1,0.5536160032160754
ftp,P1112_15_SV_T3,0,0.5494687549218421
ftp,P1112_15_SV_T3,0,0.5511285121888335
ftp,P1112_15_SV_T3,0,0.571193024525849
ftp,P1112_15_SV_T3,0,0.621592058846676
ftp,P1112_15_SV_T3,0,0.5831409457188864
ftp,P1112_15_SV_T3,1,0.5723425515925797
ftp,P1112_15_SV_T3,0,0.5822439702960838
ftp,P1112_15_SV_T3,0,0.6127977690019791
ftp,P1112_15_SV_T3,1,0.6119221396274059
ftp,P1112_15_SV_T3,0,0.617719367067709
ftp,P1112_15_SV_T3,0,0.6135136514968754
ftp,P1112_15_SV_T3,0,0.5643625868439426
ftp,P1112_15_SV_T3,0,0.5845260966108479
ftp,P1112_15_SV_T3,0,0.6069733932986784
ftp,P1112_15_SV_T3,0,0.5599879978037411
ftp,P1112_15_SV_T3,1,0.5683981393086535
ftp,P1112_15_SV_T3,0,0.5538646068118762
ftp,P1112_15_SV_T3,0,0.5761959011734251
ftp,P1112_15_SV_T3,0,0.5898909089915492
ftp,P1112_15_SV_T3,1,0.5842817545869198
ftp,P1112_15_SV_T3,0,0.5968492782210015
ftp,P1112_15_SV_T3,0,0.5849332409230261
ftp,P1112_15_SV_T3,0,0.6845254664080004
ftp,P1112_15_SV_T3,1,0.6971300933829027
ftp,P1112_15_SV_T3,0,0.6969884651887066
ftp,P1112_15_SV_T3,0,0.6792152331202532
ftp,P1112_15_SV_T3,0,0.7010101366147453
ftp,P1112_15_SV_T3,0,0.6867661047869489
ftp,P1112_15_SV_T3,0,0.6872708560849076
ftp,P1112_15_SV_T3,1,0.6894290417171937
ftp,P1112_15_SV_T3,0,0.6889261971323194
ftp,P1112_15_SV_T3,0,0.6888543257478741
ftp,P1112_15_SV_T3,0,0.6884229063379529
ftp,P1112_15_SV_T3,0,0.6881351115648817
ftp,P1112_15_SV_T3,0,0.6882070738851856
ftp,P1112_15_SV_T3,0,0.6881351115648817
ftp,P1112_15_SV_T3,0,0.6816216039957547
ftp,P1112_15_SV_T3,0,0.6648783884643849
ftp,P1112_15_SV_T3,0,0.6645794422895167
ftp,P1112_15_SV_T3,0,0.6645794422895167
ftp,P1112_15_SV_T3,0,0.6646541912174007
ftp,P1112_15_SV_T3,0,0.664280364092512
ftp,P1112_15_SV_T3,0,0.6641307755424957
ftp,P1112_15_SV_T3,0,0.6665202244454829
ftp,P1112_15_SV_T3,0,0.6690496717462731
ftp,P1112_15_SV_T3,0,0.6174817713933526
ftp,P1112_15_SV_T3,0,0.538155054487708
ftp,P1112_15_SV_T3,0,0.5367378314572443
ftp,P1112_15_SV_T3,0,0.5349863268773679
ftp,P1112_15_SV_T3,0,0.5591615364123081
ftp,P1112_15_SV_T3,0,0.6014400202735307
ftp,P1112_15_SV_T3,1,0.6108863727638705
ftp,P1112_15_SV_T3,0,0.5878612254186693
ftp,P1112_15_SV_T3,0,0.5756225731036131
ftp,P1112_15_SV_T3,0,0.6850321724008792
ftp,P1112_15_SV_T3,0,0.6932217333560745
ftp,P1112_15_SV_T3,0,0.6691239204567652
ftp,P1112_15_SV_T3,0,0.6705330427458246
ftp,P1112_15_SV_T3,0,0.6888543257478741
ftp,P1112_15_SV_T3,1,0.6882790271223488
ftp,P1112_15_SV_T3,0,0.6911496819177043
ftp,P1112_15_SV_T3,0,0.6859720298952438
ftp,P1112_15_SV_T3,0,0.6521350381515556
ftp,P1112_15_SV_T3,1,0.649620363106742
ftp,P1112_15_SV_T3,1,0.6500782004676771
ftp,P1112_15_SV_T3,0,0.6495440300531571
ftp,P1112_15_SV_T3,0,0.6517545673937793
ftp,P1112_15_SV_T3,0,0.6504595204754622
ftp,P1112_15_SV_T3,1,0.6784109797124819
ftp,P1112_15_SV_T3,0,0.6854661416647347
ftp,P1112_15_SV_T3,0,0.691722055524969
ftp,P1112_15_SV_T3,0,0.6943616105018886
ftp,P1112_15_SV_T3,0,0.5628779655278932
ftp,P1112_15_SV_T3,0,0.5391550774274836
ftp,P1112_15_SV_T3,0,0.5400714885195886
ftp,P1112_15_SV_T3,0,0.5399881895218036
ftp,P1112_15_SV_T3,0,0.5400714885195886
ftp,P1112_15_SV_T3,0,0.5402380797945292
ftp,P1112_15_SV_T3,0,0.5394050342402381
ftp,P1112_15_SV_T3,0,0.5393217174984382
ftp,P1112_15_SV_T3,0,0.5406545185638958
ftp,P1112_15_SV_T3,0,0.5418202432684499
ftp,P1112_15_SV_T3,0,0.5426526243021959
ftp,P1112_15_SV_T3,0,0.5427358493865507
ftp,P1112_15_SV_T3,0,0.54256939683701
ftp,P1112_15_SV_T3,0,0.5423197002022471
ftp,P1112_15_SV_T3,0,0.5407377995236696
ftp,P1112_15_SV_T3,0,0.5406545185638958
ftp,P1112_15_SV_T3,0,0.5401547852786949
ftp,P1112_15_SV_T3,0,0.5431519389356753
ftp,P1112_15_SV_T3,0,0.5513773785170148
ftp,P1112_15_SV_T3,0,0.5504647438069777
ftp,P1112_15_SV_T3,0,0.5487215025476259
ftp,P1112_15_SV_T3,1,0.5490536420455828
ftp,P1112_15_SV_T3,0,0.5496347808238626
ftp,P1112_15_SV_T3,0,0.5446493586964672
ftp,P1112_15_SV_T3,0,0.5409876287321737
ftp,P1112_15_SV_T3,0,0.54256939683701
ftp,P1112_15_SV_T3,0,0.5501327920640053
ftp,P1112_15_SV_T3,0,0.5535331293846715
ftp,P1112_15_SV_T3,0,0.5558524554735748
ftp,P1112_15_SV_T3,0,0.5561008122251461
ftp,P1112_15_SV_T3,0,0.5563491409440654
ftp,P1112_15_SV_T3,0,0.5572594377919822
ftp,P1112_15_SV_T3,0,0.552787131541516
ftp,P1112_15_SV_T3,0,0.5539474686960125
ftp,P1112_15_SV_T3,0,0.5756225731036131
ftp,P1112_15_SV_T3,0,0.5690561581957428
ftp,P1112_15_SV_T3,0,0.5687271790833686
ftp,P1112_15_SV_T3,0,0.5729170231515319
ftp,P1112_15_SV_T3,0,0.5740653749077123
ftp,P1112_15_SV_T3,0,0.5793863628390451
ftp,P1112_15_SV_T3,0,0.5869672128525492
ftp,P1112_15_SV_T3,0,0.5622177704223785
ftp,P1112_15_SV_T3,0,0.5597400940908804
ftp,P1112_15_SV_T3,0,0.5630429795966252
ftp,P1112_15_SV_T3,0,0.5684804049241549
ftp,P1112_15_SV_T3,0,0.5763596715938519
ftp,P1112_15_SV_T3,0,0.5711108858945073
ftp,P1112_15_SV_T3,0,0.5720962896712527
ftp,P1112_15_SV_T3,0,0.5762777884782136
ftp,P1112_15_SV_T3,0,0.5807750205816044
ftp,P1112_15_SV_T3,0,0.5824886541844763
ftp,P1112_15_SV_T3,0,0.5688916762397976
ftp,P1112_15_SV_T3,0,0.5726708450452234
ftp,P1112_15_SV_T3,0,0.5739013732592098
ftp,P1112_15_SV_T3,0,0.593212942895235
ftp,P1112_15_SV_T3,0,0.5824070973946837
ftp,P1112_15_SV_T3,0,0.5688094295594629
ftp,P1112_15_SV_T3,0,0.5580039404269891
ftp,P1112_15_SV_T3,0,0.5520408959599432
ftp,P1112_15_SV_T3,0,0.5635379379388463
ftp,P1112_15_SV_T3,0,0.619539057097902
ftp,P1112_15_SV_T3,1,0.5992676280642452
ftp,P1112_15_SV_T3,1,0.594021915780756
ftp,P1112_15_SV_T3,0,0.6024845697664784
ftp,P1112_15_SV_T3,0,0.5848518213195582
ftp,P1112_15_SV_T3,0,0.5918365301257107
ftp,P1112_15_SV_T3,0,0.6162136482667021
ftp,P1112_15_SV_T3,1,0.6292124509221958
ftp,P1112_15_SV_T3,1,0.6013596319185217
ftp,P1112_15_SV_T3,0,0.6064932967791997
ftp,P1112_15_SV_T3,0,0.6247420097674857
ftp,P1112_15_SV_T3,0,0.579713219741631
ftp,P1112_15_SV_T3,0,0.5441503071201624
ftp,P1112_15_SV_T3,0,0.5689739191200112
ftp,P1112_15_SV_T3,0,0.6099293908416571
ftp,P1112_15_SV_T3,0,0.5964457583659847
ftp,P1112_15_SV_T3,0,0.590134266867221
ftp,P1112_15_SV_T3,1,0.5875361966780132
ftp,P1112_15_SV_T3,1,0.5846889682158027
ftp,P1112_15_SV_T3,0,0.5702892848311716
ftp,P1112_15_SV_T3,0,0.5637028959805156
ftp,P1112_15_SV_T3,0,0.5770145851958686
ftp,P1112_15_SV_T3,0,0.5604837153488079
ftp,P1112_15_SV_T3,0,0.6343611893864186
ftp,P1112_15_SV_T3,0,0.6630078131154901
ftp,P1112_15_SV_T3,0,0.6626330822560651
ftp,P1112_15_SV_T3,0,0.6537308917317548
ftp,P1112_15_SV_T3,0,0.594264508386383
ftp,P1112_15_SV_T3,0,0.6611321181509481
ftp,P1112_15_SV_T3,1,0.6644299196824301
ftp,P1112_15_SV_T3,1,0.6608315348638627
ftp,P1112_15_SV_T3,0,0.6237194188707437
ftp,P1112_15_SV_T3,0,0.6383963168895954
ftp,P1112_15_SV_T3,0,0.6306977350594003
ftp,P1112_15_SV_T3,0,0.6558533224268019
ftp,P1112_15_SV_T3,0,0.6454107582884605
ftp,P1112_15_SV_T3,0,0.6374668408983286
ftp,P1112_15_SV_T3,0,0.5880237110791637
ftp,P1112_15_SV_T3,0,0.6234832793328728
ftp,P1112_15_SV_T3,0,0.6587238301355901
ftp,P1112_15_SV_T3,0,0.6615076645551039
ftp,P1112_15_SV_T3,0,0.6572900146636191
ftp,P1112_15_SV_T3,0,0.5517920985032713
ftp,P1112_15_SV_T3,0,0.5463122108768976
ftp,P1112_15_SV_T3,0,0.6538826982153877
ftp,P1112_15_SV_T3,1,0.6910780938958633
ftp,P1112_15_SV_T3,0,0.655626214661864
ftp,P1112_15_SV_T3,0,0.5757864019621783
ftp,P1112_15_SV_T3,0,0.5702892848311716
ftp,P1112_15_SV_T3,0,0.620329183664096
ftp,P1112_15_SV_T3,0,0.6827122229888318
ftp,P1112_15_SV_T3,0,0.6988972808898171
ftp,P1112_15_SV_T3,0,0.6884948323117476
ftp,P1112_15_SV_T3,0,0.7310585786300049
ftp,P1112_15_SV_T3,0,0.6830027167974556
ftp,P1112_15_SV_T3,1,0.6802372910170017
ftp,P1112_15_SV_T3,0,0.6816216039957547
ftp,P1112_15_SV_T3,0,0.6816216039957547
ftp,P1112_15_SV_T3,0,0.6816216039957547
ftp,P1112_15_SV_T3,0,0.6814032405810979
ftp,P1112_15_SV_T3,0,0.6773125640621059
ftp,P1112_15_SV_T3,0,0.6573655505348928
ftp,P1112_15_SV_T3,0,0.706463515084032
ftp,P1112_15_SV_T3,1,0.7218631529649614
ftp,P1112_15_SV_T3,0,0.6486274371086777
ftp,P1112_15_SV_T3,0,0.6594773074675032
ftp,P1112_15_SV_T3,0,0.6639811540551394
ftp,P1112_15_SV_T3,1,0.6084124397548815
ftp,P1112_15_SV_T3,0,0.6609066928543114
ftp,P1112_15_SV_T3,0,0.6730469833945568
ftp,P1112_15_SV_T3,0,0.6940768635180979
ftp,P1112_15_SV_T3,0,0.5802850509816043
ftp,P1112_15_SV_T3,1,0.5696317248342477
ftp,P1112_15_SV_T3,0,0.5888358509576537
ftp,P1112_15_SV_T3,0,0.5993481572197883
ftp,P1112_15_SV_T3,1,0.5969299664840644
ftp,P1112_15_SV_T3,0,0.5975752834170741
ftp,P1112_15_SV_T3,0,0.5968492782210015
ftp,P1112_15_SV_T3,0,0.57586831014845
ftp,P1112_15_SV_T3,0,0.5768508820757844
ftp,P1112_15_SV_T3,0,0.6357601334707355
ftp,P1112_15_SV_T3,0,0.6296817535863607
ftp,P1112_15_SV_T3,0,0.61700641163522
ftp,P1112_15_SV_T3,0,0.6056926790245751
ftp,P1112_15_SV_T3,1,0.5865606534890081
ftp,P1112_15_SV_T3,0,0.5903775806123234
ftp,P1112_15_SV_T3,0,0.589809779912079
ftp,P1112_15_SV_T3,0,0.5895663633686069
ftp,P1112_15_SV_T3,0,0.5963650387152452
ftp,P1112_15_SV_T3,0,0.6779718493415209
ftp,P1112_15_SV_T3,0,0.6528193962296303
ftp,P1112_15_SV_T3,0,0.582162399995703
ftp,P1112_15_SV_T3,0,0.5537817419341762
ftp,P1112_15_SV_T3,0,0.5612270651656883
ftp,P1112_15_SV_T3,0,0.6017615189636923
ftp,P1112_15_SV_T3,0,0.578487148198562
ftp,P1112_15_SV_T3,1,0.5533673727996529
ftp,P1112_15_SV_T3,1,0.5519579663628404
ftp,P1112_15_SV_T3,0,0.6428740937671679
ftp,P1112_15_SV_T3,0,0.6162929524818289
ftp,P1112_15_SV_T3,0,0.5474755951260479
ftp,P1112_15_SV_T3,0,0.5339850767718123
ftp,P1112_15_SV_T3,0,0.5332339590079125
ftp,P1112_15_SV_T3,0,0.533150492114696
ftp,P1112_15_SV_T3,0,0.5324826905492313
ftp,P1112_15_SV_T3,0,0.531981762858483
ftp,P1112_15_SV_T3,0,0.5322322348255963
ftp,P1112_15_SV_T3,0,0.5318147725847374
ftp,P1112_15_SV_T3,0,0.5305621209349172
ftp,P1112_15_SV_T3,0,0.5283899546446821
ftp,P1112_15_SV_T3,0,0.5268855122014225
ftp,P1112_15_SV_T3,0,0.5278885297717859
ftp,P1112_15_SV_T3,0,0.5289748778609029
ftp,P1112_15_SV_T3,0,0.5291419842359709
ftp,P1112_15_SV_T3,0,0.5283899546446821
ftp,P1112_15_SV_T3,0,0.5287242061319087
ftp,P1112_15_SV_T3,0,0.5298103440428199
ftp,P1112_15_SV_T3,0,0.5323992071205766
ftp,P1112_15_SV_T3,0,0.5338181749090348
ftp,P1112_15_SV_T3,0,0.5344857365618494
ftp,P1112_15_SV_T3,0,0.5338181749090348
ftp,P1112_15_SV_T3,0,0.5329835527654917
ftp,P1112_15_SV_T3,0,0.5323992071205766
ftp,P1112_15_SV_T3,0,0.5328166060301378
ftp,P1112_15_SV_T3,0,0.5334008872084182
ftp,P1112_15_SV_T3,0,0.5326496519456951
ftp,P1112_15_SV_T3,0,0.5323992071205766
ftp,P1112_15_SV_T3,0,0.531397265802726
ftp,P1112_15_SV_T3,0,0.5303950712683716
ftp,P1112_15_SV_T3,0,0.5354868467197368
ftp,P1112_15_SV_T3,0,0.5367378314572443
ftp,P1112_15_SV_T3,0,0.5379883539223362
ftp,P1112_15_SV_T3,0,0.5394050342402381
ftp,P1112_15_SV_T3,0,0.5374882014050824
ftp,P1112_15_SV_T3,0,0.5358204869700044
ftp,P1112_15_SV_T3,0,0.5350697517720258
ftp,P1112_15_SV_T3,0,0.5340685248523741
ftp,P1112_15_SV_T3,0,0.5339850767718123
ftp,P1112_15_SV_T3,0,0.5338181749090348
ftp,P1112_15_SV_T3,0,0.5344022980611518
ftp,P1112_15_SV_T3,0,0.5365710598615062
ftp,P1112_15_SV_T3,0,0.5368212141755908
ftp,P1112_15_SV_T3,0,0.5375715654249544
ftp,P1112_15_SV_T3,0,0.5376549273441711
ftp,P1112_15_SV_T3,0,0.5369879734301771
ftp,P1112_15_SV_T3,0,0.535987295090891
ftp,P1112_15_SV_T3,0,0.5352365956700885
ftp,P1112_15_SV_T3,0,0.5363208871394854
ftp,P1112_15_SV_T3,0,0.535320014664251
ftp,P1112_15_SV_T3,0,0.5338181749090348
ftp,P1112_15_SV_T3,0,0.5326496519456951
ftp,P1112_15_SV_T3,0,0.5294761773524667
ftp,P1112_15_SV_T3,0,0.5298938815514623
ftp,P1112_15_SV_T3,0,0.5303115438786569
ftp,P1112_15_SV_T3,0,0.531397265802726
ftp,P1112_15_SV_T3,0,0.5321487459685416
ftp,P1112_15_SV_T3,0,0.5334843485064463
ftp,P1112_15_SV_T3,0,0.53431885763523
ftp,P1112_15_SV_T3,0,0.534569173132698
ftp,P1112_15_SV_T3,0,0.5337347211360745
ftp,P1112_15_SV_T3,0,0.5314807706945909
ftp,P1112_15_SV_T3,0,0.529977417385232
ftp,P1112_15_SV_T3,0,0.5293090840788914
ftp,P1112_15_SV_T3,0,0.5294761773524667
ftp,P1112_15_SV_T3,0,0.5312302507482782
ftp,P1112_15_SV_T3,0,0.5324826905492313
ftp,P1112_15_SV_T3,0,0.53431885763523
ftp,P1112_15_SV_T3,0,0.5349863268773679
ftp,P1112_15_SV_T3,0,0.5352365956700885
ftp,P1112_15_SV_T3,0,0.534736040466351
ftp,P1112_15_SV_T3,0,0.5349029000251213
ftp,P1112_15_SV_T3,0,0.53431885763523
ftp,P1112_15_SV_T3,0,0.5351531747044731
ftp,P1112_15_SV_T3,0,0.5351531747044731
ftp,P1112_15_SV_T3,0,0.5351531747044731
ftp,P1112_15_SV_T3,0,0.5346526077690732
ftp,P1112_15_SV_T3,0,0.5335678079301512
ftp,P1112_15_SV_T3,0,0.5339016267891566
ftp,P1112_15_SV_T3,0,0.5336512654749037
ftp,P1112_15_SV_T3,0,0.5346526077690732
ftp,P1112_15_SV_T3,0,0.5361540951596947
ftp,P1112_15_SV_T3,0,0.5382384015733469
ftp,P1112_15_SV_T3,0,0.5400714885195886
ftp,P1112_15_SV_T3,0,0.54148722521758
ftp,P1112_15_SV_T3,0,0.5387384390384757
ftp,P1112_15_SV_T3,0,0.5357370799015725
ftp,P1112_15_SV_T3,0,0.5317312747730755
ftp,P1112_15_SV_T3,0,0.5306456432024599
ftp,P1112_15_SV_T3,0,0.542902292394459
ftp,P1112_15_SV_T3,0,0.5403213720624991
ftp,P1112_15_SV_T3,0,0.5474755951260479
ftp,P1112_15_SV_T3,0,0.5517920985032713
ftp,P1112_15_SV_T3,0,0.5434015638023165
ftp,P1112_15_SV_T3,0,0.534736040466351
ftp,P1112_15_SV_T3,0,0.5246070330387569
ftp,P1112_20_SV_T4,0,0.5347447509378622
ftp,P1112_20_SV_T4,0,0.5413102288236213
ftp,P1112_20_SV_T4,0,0.5513902124361618
ftp,P1112_20_SV_T4,0,0.5480691088054754
ftp,P1112_20_SV_T4,0,0.5452635815610808
ftp,P1112_20_SV_T4,0,0.543391621089479
ftp,P1112_20_SV_T4,0,0.542142962850595
ftp,P1112_20_SV_T4,0,0.5422470381466137
ftp,P1112_20_SV_T4,0,0.5438077201315792
ftp,P1112_20_SV_T4,0,0.5439117353614964
ftp,P1112_20_SV_T4,0,0.5440157467613045
ftp,P1112_20_SV_T4,0,0.5445357459961828
ftp,P1112_20_SV_T4,0,0.5450556481393072
ftp,P1112_20_SV_T4,0,0.5442237580348721
ftp,P1112_20_SV_T4,0,0.5447437185669012
ftp,P1112_20_SV_T4,0,0.5437037010804849
ftp,P1112_20_SV_T4,0,0.5428714121816279
ftp,P1112_20_SV_T4,0,0.5428714121816279
ftp,P1112_20_SV_T4,0,0.5422470381466137
ftp,P1112_20_SV_T4,0,0.5422470381466137
ftp,P1112_20_SV_T4,0,0.542142962850595
ftp,P1112_20_SV_T4,0,0.5409978938111862
ftp,P1112_20_SV_T4,0,0.5407896525570112
ftp,P1112_20_SV_T4,0,0.5405813970564991
ftp,P1112_20_SV_T4,0,0.5397482340267533
ftp,P1112_20_SV_T4,0,0.5401648436035591
ftp,P1112_20_SV_T4,0,0.5393315689007817
ftp,P1112_20_SV_T4,0,0.537872811814655
ftp,P1112_20_SV_T4,0,0.5377685897628034
ftp,P1112_20_SV_T4,0,0.5377685897628034
ftp,P1112_20_SV_T4,0,0.5393315689007817
ftp,P1112_20_SV_T4,0,0.541102009073475
ftp,P1112_20_SV_T4,0,0.5417266249751982
ftp,P1112_20_SV_T4,0,0.5404772639862937
ftp,P1112_20_SV_T4,0,0.5390190339480555
ftp,P1112_20_SV_T4,0,0.5358920370974869
ftp,P1112_20_SV_T4,0,0.5358920370974869
ftp,P1112_20_SV_T4,0,0.5366219313114641
ftp,P1112_20_SV_T4,0,0.5377685897628034
ftp,P1112_20_SV_T4,0,0.5387064683150553
ftp,P1112_20_SV_T4,0,0.5390190339480555
ftp,P1112_20_SV_T4,0,0.5404772639862937
ftp,P1112_20_SV_T4,0,0.5407896525570112
ftp,P1112_20_SV_T4,0,0.5422470381466137
ftp,P1112_20_SV_T4,0,0.5418307149298349
ftp,P1112_20_SV_T4,0,0.5417266249751982
ftp,P1112_20_SV_T4,0,0.5418307149298349
ftp,P1112_20_SV_T4,0,0.5407896525570112
ftp,P1112_20_SV_T4,0,0.5400606964485261
ftp,P1112_20_SV_T4,0,0.5402689872508489
ftp,P1112_20_SV_T4,0,0.5400606964485261
ftp,P1112_20_SV_T4,0,0.5406855265830622
ftp,P1112_20_SV_T4,0,0.5415184341480953
ftp,P1112_20_SV_T4,0,0.5409978938111862
ftp,P1112_20_SV_T4,0,0.5416225313782985
ftp,P1112_20_SV_T4,0,0.5408937749693756
ftp,P1112_20_SV_T4,0,0.5407896525570112
ftp,P1112_20_SV_T4,0,0.5407896525570112
ftp,P1112_20_SV_T4,0,0.5415184341480953
ftp,P1112_20_SV_T4,0,0.5428714121816279
ftp,P1112_20_SV_T4,0,0.5437037010804849
ftp,P1112_20_SV_T4,0,0.5449516755315542
ftp,P1112_20_SV_T4,0,0.544847699004446
ftp,P1112_20_SV_T4,0,0.5449516755315542
ftp,P1112_20_SV_T4,0,0.5453675423572711
ftp,P1112_20_SV_T4,0,0.5459912237672255
ftp,P1112_20_SV_T4,0,0.5458872868347763
ftp,P1112_20_SV_T4,0,0.5449516755315542
ftp,P1112_20_SV_T4,0,0.544847699004446
ftp,P1112_20_SV_T4,0,0.5442237580348721
ftp,P1112_20_SV_T4,0,0.5442237580348721
ftp,P1112_20_SV_T4,0,0.5445357459961828
ftp,P1112_20_SV_T4,0,0.5432875868430225
ftp,P1112_20_SV_T4,0,0.5431835488200686
ftp,P1112_20_SV_T4,0,0.5416225313782985
ftp,P1112_20_SV_T4,0,0.5407896525570112
ftp,P1112_20_SV_T4,0,0.5396440729305386
ftp,P1112_20_SV_T4,0,0.5376643644100025
ftp,P1112_20_SV_T4,0,0.5371431884469753
ftp,P1112_20_SV_T4,0,0.5366219313114641
ftp,P1112_20_SV_T4,0,0.5366219313114641
ftp,P1112_20_SV_T4,0,0.5365176702428076
ftp,P1112_20_SV_T4,0,0.5355791780307854
ftp,P1112_20_SV_T4,0,0.5350576841412507
ftp,P1112_20_SV_T4,0,0.5352662909596431
ftp,P1112_20_SV_T4,0,0.5375601357652573
ftp,P1112_20_SV_T4,0,0.5854223776385818
ftp,P1112_20_SV_T4,0,0.5829780025750207
ftp,P1112_20_SV_T4,0,0.6063191228265411
ftp,P1112_20_SV_T4,1,0.6257544997930411
ftp,P1112_20_SV_T4,0,0.6489109873623817
ftp,P1112_20_SV_T4,1,0.6659995713414706
ftp,P1112_20_SV_T4,0,0.6605683707795386
ftp,P1112_20_SV_T4,0,0.6107139983159138
ftp,P1112_20_SV_T4,0,0.6438315987307981
ftp,P1112_20_SV_T4,0,0.724412744370814
ftp,P1112_20_SV_T4,1,0.7232393173293006
ftp,P1112_20_SV_T4,0,0.7221469490201133
ftp,P1112_20_SV_T4,0,0.6748006720808281
ftp,P1112_20_SV_T4,0,0.6258526857280633
ftp,P1112_20_SV_T4,0,0.6606623761047957
ftp,P1112_20_SV_T4,0,0.6764546687982147
ftp,P1112_20_SV_T4,0,0.6284997664303883
ftp,P1112_20_SV_T4,0,0.6594393211464847
ftp,P1112_20_SV_T4,0,0.6673971274177826
ftp,P1112_20_SV_T4,0,0.6812080652052847
ftp,P1112_20_SV_T4,0,0.6300647866760435
ftp,P1112_20_SV_T4,0,0.6186583389406817
ftp,P1112_20_SV_T4,0,0.6186583389406817
ftp,P1112_20_SV_T4,0,0.6195482043324505
ftp,P1112_20_SV_T4,0,0.6888073106091019
ftp,P1112_20_SV_T4,1,0.7310585786300049
ftp,P1112_20_SV_T4,0,0.6695343310306076
ftp,P1112_20_SV_T4,0,0.6438315987307981
ftp,P1112_20_SV_T4,0,0.5966712380359763
ftp,P1112_20_SV_T4,0,0.6570813232354185
ftp,P1112_20_SV_T4,0,0.721473405471557
ftp,P1112_20_SV_T4,0,0.7287440945173393
ftp,P1112_20_SV_T4,0,0.7295721299122925
ftp,P1112_20_SV_T4,0,0.7276652720834218
ftp,P1112_20_SV_T4,0,0.6362973021242746
ftp,P1112_20_SV_T4,1,0.5949547042595259
ftp,P1112_20_SV_T4,0,0.6286955422284611
ftp,P1112_20_SV_T4,0,0.719785168570209
ftp,P1112_20_SV_T4,0,0.6342571797574125
ftp,P1112_20_SV_T4,0,0.6273242274435992
ftp,P1112_20_SV_T4,0,0.6359090825780239
ftp,P1112_20_SV_T4,0,0.6355206860101232
ftp,P1112_20_SV_T4,0,0.6320172214255149
ftp,P1112_20_SV_T4,0,0.6326995562032598
ftp,P1112_20_SV_T4,0,0.6595334779964965
ftp,P1112_20_SV_T4,0,0.7158786054460764
ftp,P1112_20_SV_T4,1,0.7154520049280318
ftp,P1112_20_SV_T4,0,0.7147686423304723
ftp,P1112_20_SV_T4,0,0.7164751976607884
ftp,P1112_20_SV_T4,0,0.6654397299367398
ftp,P1112_20_SV_T4,0,0.6008013132238434
ftp,P1112_20_SV_T4,0,0.6055181796791672
ftp,P1112_20_SV_T4,0,0.6418099479691046
ftp,P1112_20_SV_T4,0,0.5609118891081293
ftp,P1112_20_SV_T4,0,0.5675097416912979
ftp,P1112_20_SV_T4,0,0.5599822812832064
ftp,P1112_20_SV_T4,0,0.6461357911664325
ftp,P1112_20_SV_T4,0,0.6640380893821404
ftp,P1112_20_SV_T4,1,0.5616346223549391
ftp,P1112_20_SV_T4,0,0.5766447362872819
ftp,P1112_20_SV_T4,0,0.5889795341285061
ftp,P1112_20_SV_T4,0,0.5790994320000095
ftp,P1112_20_SV_T4,1,0.57623524880346
ftp,P1112_20_SV_T4,1,0.5763376305133835
ftp,P1112_20_SV_T4,0,0.5749036939965425
ftp,P1112_20_SV_T4,0,0.6140978002947043
ftp,P1112_20_SV_T4,0,0.6098164832373385
ftp,P1112_20_SV_T4,0,0.6027104378887382
ftp,P1112_20_SV_T4,0,0.6020074365482483
ftp,P1112_20_SV_T4,0,0.6021078911529704
ftp,P1112_20_SV_T4,0,0.6013040141347806
ftp,P1112_20_SV_T4,0,0.6014045287304519
ftp,P1112_20_SV_T4,0,0.6016055322732923
ftp,P1112_20_SV_T4,0,0.6032123224369275
ftp,P1112_20_SV_T4,0,0.5938427644827977
ftp,P1112_20_SV_T4,0,0.5647290526147839
ftp,P1112_20_SV_T4,0,0.5566736438166223
ftp,P1112_20_SV_T4,0,0.5614281536886774
ftp,P1112_20_SV_T4,0,0.5672009828904941
ftp,P1112_20_SV_T4,0,0.552012418575328
ftp,P1112_20_SV_T4,0,0.555224514578349
ftp,P1112_20_SV_T4,0,0.5533599708134737
ftp,P1112_20_SV_T4,0,0.5519087288068388
ftp,P1112_20_SV_T4,0,0.5486921510220232
ftp,P1112_20_SV_T4,0,0.5487959766049625
ftp,P1112_20_SV_T4,0,0.5493150406170164
ftp,P1112_20_SV_T4,0,0.5505603542871087
ftp,P1112_20_SV_T4,0,0.5505603542871087
ftp,P1112_20_SV_T4,0,0.5519087288068388
ftp,P1112_20_SV_T4,0,0.5566736438166223
ftp,P1112_20_SV_T4,0,0.5529454219230867
ftp,P1112_20_SV_T4,0,0.5556386484563647
ftp,P1112_20_SV_T4,0,0.5575012864538581
ftp,P1112_20_SV_T4,0,0.5544995960195521
ftp,P1112_20_SV_T4,0,0.5531527056070197
ftp,P1112_20_SV_T4,0,0.5517013357377475
ftp,P1112_20_SV_T4,0,0.5494188405768667
ftp,P1112_20_SV_T4,0,0.5472381517509827
ftp,P1112_20_SV_T4,0,0.5460951566912098
ftp,P1112_20_SV_T4,0,0.5449516755315542
ftp,P1112_20_SV_T4,0,0.5481729596923226
ftp,P1112_20_SV_T4,0,0.5494188405768667
ftp,P1112_20_SV_T4,0,0.550145319357329
ftp,P1112_20_SV_T4,0,0.552012418575328
ftp,P1112_20_SV_T4,0,0.5524271323364799
ftp,P1112_20_SV_T4,0,0.5511827745394344
ftp,P1112_20_SV_T4,0,0.5530490660703374
ftp,P1112_20_SV_T4,0,0.5500415496940654
ftp,P1112_20_SV_T4,0,0.5504566021308425
ftp,P1112_20_SV_T4,0,0.5483806488717259
ftp,P1112_20_SV_T4,0,0.5477575310628554
ftp,P1112_20_SV_T4,0,0.5456794009801033
ftp,P1112_20_SV_T4,0,0.5458872868347763
ftp,P1112_20_SV_T4,0,0.5434956515504996
ftp,P1112_20_SV_T4,0,0.5523234607107446
ftp,P1112_20_SV_T4,0,0.5656564104681062
ftp,P1112_20_SV_T4,0,0.5652443077673062
ftp,P1112_20_SV_T4,0,0.5642136576027559
ftp,P1112_20_SV_T4,0,0.5658624278224105
ftp,P1112_20_SV_T4,0,0.5656564104681062
ftp,P1112_20_SV_T4,0,0.5480691088054754
ftp,P1112_20_SV_T4,0,0.5431835488200686
ftp,P1112_20_SV_T4,0,0.5472381517509827
ftp,P1112_20_SV_T4,0,0.5612216637500608
ftp,P1112_20_SV_T4,0,0.5634918716710653
ftp,P1112_20_SV_T4,1,0.5635950004890052
ftp,P1112_20_SV_T4,0,0.560705346291991
ftp,P1112_20_SV_T4,0,0.5591556096504775
ftp,P1112_20_SV_T4,0,0.5478613944818648
ftp,P1112_20_SV_T4,0,0.5426633023707801
ftp,P1112_20_SV_T4,0,0.5446397342278397
ftp,P1112_20_SV_T4,0,0.5615313906851844
ftp,P1112_20_SV_T4,0,0.5744937651336174
ftp,P1112_20_SV_T4,0,0.5729556239088739
ftp,P1112_20_SV_T4,1,0.5732633660386386
ftp,P1112_20_SV_T4,0,0.5742887622522195
ftp,P1112_20_SV_T4,0,0.5716214248702856
ftp,P1112_20_SV_T4,0,0.5600855919437988
ftp,P1112_20_SV_T4,0,0.539956545794728
ftp,P1112_20_SV_T4,0,0.5438077201315792
ftp,P1112_20_SV_T4,0,0.5434956515504996
ftp,P1112_20_SV_T4,0,0.5430795070295571
ftp,P1112_20_SV_T4,0,0.5437037010804849
ftp,P1112_20_SV_T4,0,0.5432875868430225
ftp,P1112_20_SV_T4,0,0.5430795070295571
ftp,P1112_20_SV_T4,0,0.5434956515504996
ftp,P1112_20_SV_T4,0,0.5413102288236213
ftp,P1112_20_SV_T4,0,0.5401648436035591
ftp,P1112_20_SV_T4,0,0.5390190339480555
ftp,P1112_20_SV_T4,0,0.5383938722445728
ftp,P1112_20_SV_T4,0,0.538185458074479
ftp,P1112_20_SV_T4,0,0.5394357403585683
ftp,P1112_20_SV_T4,0,0.5408937749693756
ftp,P1112_20_SV_T4,0,0.5407896525570112
ftp,P1112_20_SV_T4,0,0.5416225313782985
ftp,P1112_20_SV_T4,0,0.542142962850595
ftp,P1112_20_SV_T4,0,0.5428714121816279
ftp,P1112_20_SV_T4,0,0.5449516755315542
ftp,P1112_20_SV_T4,0,0.5445357459961828
ftp,P1112_20_SV_T4,0,0.5440157467613045
ftp,P1112_20_SV_T4,0,0.5439117353614964
ftp,P1112_20_SV_T4,0,0.5434956515504996
ftp,P1112_20_SV_T4,0,0.5428714121816279
ftp,P1112_20_SV_T4,0,0.5452635815610808
ftp,P1112_20_SV_T4,0,0.5423511097555924
ftp,P1112_20_SV_T4,0,0.542142962850595
ftp,P1112_20_SV_T4,0,0.5402689872508489
ftp,P1112_20_SV_T4,0,0.5387064683150553
ftp,P1112_20_SV_T4,0,0.5387064683150553
ftp,P1112_20_SV_T4,0,0.5387064683150553
ftp,P1112_20_SV_T4,0,0.543391621089479
ftp,P1112_20_SV_T4,0,0.5558456864496693
ftp,P1112_20_SV_T4,0,0.548588321199592
ftp,P1112_20_SV_T4,0,0.544847699004446
ftp,P1112_20_SV_T4,0,0.5477229089983846
ftp,P1112_31_SV_T5,0,0.5434605450888887
ftp,P1112_31_SV_T5,0,0.5612122957201872
ftp,P1112_31_SV_T5,0,0.566028556446566
ftp,P1112_31_SV_T5,0,0.5621765008857981
ftp,P1112_31_SV_T5,0,0.5567066718433094
ftp,P1112_31_SV_T5,0,0.5510615803169928
ftp,P1112_31_SV_T5,0,0.5518688625439778
ftp,P1112_31_SV_T5,0,0.5633008130541339
ftp,P1112_31_SV_T5,0,0.5778536713080579
ftp,P1112_31_SV_T5,0,0.5813527368931332
ftp,P1112_31_SV_T5,0,0.581829256909252
ftp,P1112_31_SV_T5,0,0.5851605747488213
ftp,P1112_31_SV_T5,0,0.6169213693598495
ftp,P1112_31_SV_T5,0,0.6104219387934607
ftp,P1112_31_SV_T5,0,0.6111977909909686
ftp,P1112_31_SV_T5,0,0.6136767178069694
ftp,P1112_31_SV_T5,0,0.6180006249478491
ftp,P1112_31_SV_T5,0,0.6144501821300101
ftp,P1112_31_SV_T5,0,0.6161497655723134
ftp,P1112_31_SV_T5,0,0.6161497655723134
ftp,P1112_31_SV_T5,0,0.6032583067529771
ftp,P1112_31_SV_T5,0,0.6046634813248131
ftp,P1112_31_SV_T5,0,0.6118180676043613
ftp,P1112_31_SV_T5,0,0.6108875174671377
ftp,P1112_31_SV_T5,0,0.5832578974565625
ftp,P1112_31_SV_T5,0,0.5657078496963733
ftp,P1112_31_SV_T5,0,0.5581559624012346
ftp,P1112_31_SV_T5,0,0.5568677522677686
ftp,P1112_31_SV_T5,0,0.5559010915037198
ftp,P1112_31_SV_T5,0,0.5570288207340801
ftp,P1112_31_SV_T5,0,0.5584778933761805
ftp,P1112_31_SV_T5,0,0.5596042630078126
ftp,P1112_31_SV_T5,0,0.5584778933761805
ftp,P1112_31_SV_T5,0,0.5576729743584374
ftp,P1112_31_SV_T5,0,0.5565455794936901
ftp,P1112_31_SV_T5,0,0.5568677522677686
ftp,P1112_31_SV_T5,0,0.5568677522677686
ftp,P1112_31_SV_T5,0,0.5568677522677686
ftp,P1112_31_SV_T5,0,0.5568677522677686
ftp,P1112_31_SV_T5,0,0.5554176019149483
ftp,P1112_31_SV_T5,0,0.5554176019149483
ftp,P1112_31_SV_T5,0,0.5538052170138752
ftp,P1112_31_SV_T5,0,0.5533212791064966
ftp,P1112_31_SV_T5,0,0.5526758714962469
ftp,P1112_31_SV_T5,0,0.5518688625439778
ftp,P1112_31_SV_T5,0,0.5518688625439778
ftp,P1112_31_SV_T5,0,0.5510615803169928
ftp,P1112_31_SV_T5,0,0.5504155605748435
ftp,P1112_31_SV_T5,0,0.5504155605748435
ftp,P1112_31_SV_T5,0,0.5513845257344586
ftp,P1112_31_SV_T5,0,0.5515459822131584
ftp,P1112_31_SV_T5,0,0.5523531009744893
ftp,P1112_31_SV_T5,0,0.6093348066961564
ftp,P1112_31_SV_T5,1,0.5853190174216808
ftp,P1112_31_SV_T5,0,0.5917996212333414
ftp,P1112_31_SV_T5,0,0.6139861726272758
ftp,P1112_31_SV_T5,0,0.6102667011115844
ftp,P1112_31_SV_T5,0,0.5864276202987566
ftp,P1112_31_SV_T5,0,0.589748135490394
ftp,P1112_31_SV_T5,0,0.5919572963942061
ftp,P1112_31_SV_T5,0,0.6060669289814973
ftp,P1112_31_SV_T5,0,0.6052874502886499
ftp,P1112_31_SV_T5,1,0.6060669289814973
ftp,P1112_31_SV_T5,0,0.6080910398773007
ftp,P1112_31_SV_T5,0,0.6071572920230179
ftp,P1112_31_SV_T5,0,0.5973067932968161
ftp,P1112_31_SV_T5,0,0.5773759116672434
ftp,P1112_31_SV_T5,0,0.5700326426191927
ftp,P1112_31_SV_T5,0,0.5876935226833402
ftp,P1112_31_SV_T5,1,0.6049755085622471
ftp,P1112_31_SV_T5,0,0.6062227600974059
ftp,P1112_31_SV_T5,0,0.6090239974944649
ftp,P1112_31_SV_T5,0,0.6060669289814973
ftp,P1112_31_SV_T5,0,0.6021642127852977
ftp,P1112_31_SV_T5,0,0.5810349724693266
ftp,P1112_31_SV_T5,0,0.5977777178796541
ftp,P1112_31_SV_T5,1,0.5899060539569071
ftp,P1112_31_SV_T5,0,0.5980915674831064
ftp,P1112_31_SV_T5,0,0.6043513688071828
ftp,P1112_31_SV_T5,0,0.6005994511331119
ftp,P1112_31_SV_T5,0,0.6090239974944649
ftp,P1112_31_SV_T5,1,0.6002862511016368
ftp,P1112_31_SV_T5,0,0.6023205747242836
ftp,P1112_31_SV_T5,0,0.6048195056179883
ftp,P1112_31_SV_T5,0,0.6098008540893501
ftp,P1112_31_SV_T5,0,0.6063785696053994
ftp,P1112_31_SV_T5,1,0.5922725899030838
ftp,P1112_31_SV_T5,0,0.5951067847868382
ftp,P1112_31_SV_T5,0,0.603102070560893
ftp,P1112_31_SV_T5,0,0.6082465878572579
ftp,P1112_31_SV_T5,0,0.6494996816168439
ftp,P1112_31_SV_T5,0,0.7006766729431011
ftp,P1112_31_SV_T5,0,0.7016340845928509
ftp,P1112_31_SV_T5,1,0.6984817127349593
ftp,P1112_31_SV_T5,0,0.6994431335797662
ftp,P1112_31_SV_T5,0,0.7004028037494969
ftp,P1112_31_SV_T5,0,0.6991686203207739
ftp,P1112_31_SV_T5,0,0.7010872077104482
ftp,P1112_31_SV_T5,1,0.7006766729431011
ftp,P1112_31_SV_T5,0,0.7012239808332486
ftp,P1112_31_SV_T5,0,0.7012239808332486
ftp,P1112_31_SV_T5,0,0.6250635092495038
ftp,P1112_31_SV_T5,0,0.5846851411578503
ftp,P1112_31_SV_T5,0,0.6335902316905062
ftp,P1112_31_SV_T5,0,0.6346503370341003
ftp,P1112_31_SV_T5,1,0.6138314567137584
ftp,P1112_31_SV_T5,0,0.6115079744450401
ftp,P1112_31_SV_T5,0,0.6409832923426315
ftp,P1112_31_SV_T5,0,0.7213251640580306
ftp,P1112_31_SV_T5,0,0.7084211840191483
ftp,P1112_31_SV_T5,0,0.6695756284278761
ftp,P1112_31_SV_T5,0,0.6863887113847253
ftp,P1112_31_SV_T5,1,0.7309302225046501
ftp,P1112_31_SV_T5,0,0.7310585786300049
ftp,P1112_31_SV_T5,0,0.7225045257732364
ftp,P1112_31_SV_T5,0,0.6751833112410546
ftp,P1112_31_SV_T5,0,0.6505391452913944
ftp,P1112_31_SV_T5,0,0.5838924017828269
ftp,P1112_31_SV_T5,0,0.5811938631017651
ftp,P1112_31_SV_T5,0,0.5810349724693266
ftp,P1112_31_SV_T5,0,0.5848436365860735
ftp,P1112_31_SV_T5,0,0.6564512887167596
ftp,P1112_31_SV_T5,0,0.6580687552239948
ftp,P1112_31_SV_T5,0,0.6530575922265593
ftp,P1112_31_SV_T5,0,0.6382750339757834
ftp,P1112_31_SV_T5,1,0.6448793706066046
ftp,P1112_31_SV_T5,0,0.6543874372761178
ftp,P1112_31_SV_T5,0,0.6580687552239948
ftp,P1112_31_SV_T5,0,0.61568652217419
ftp,P1112_31_SV_T5,0,0.5869024685016829
ftp,P1112_31_SV_T5,0,0.5840509845193871
ftp,P1112_31_SV_T5,0,0.5827818380299331
ftp,P1112_31_SV_T5,0,0.5815115938122675
ftp,P1112_31_SV_T5,0,0.5797632448753763
ftp,P1112_31_SV_T5,0,0.576898007224818
ftp,P1112_31_SV_T5,0,0.5765793242380011
ftp,P1112_31_SV_T5,0,0.5761011803509077
ftp,P1112_31_SV_T5,0,0.5781720968702291
ftp,P1112_31_SV_T5,0,0.5823056242346958
ftp,P1112_31_SV_T5,0,0.5872189442510498
ftp,P1112_31_SV_T5,0,0.5886421898288953
ftp,P1112_31_SV_T5,0,0.5899060539569071
ftp,P1112_31_SV_T5,0,0.5919572963942061
ftp,P1112_31_SV_T5,0,0.5919572963942061
ftp,P1112_31_SV_T5,0,0.5952640561532603
ftp,P1112_31_SV_T5,0,0.5966786147659092
ftp,P1112_31_SV_T5,0,0.5951067847868382
ftp,P1112_31_SV_T5,0,0.5933755174843358
ftp,P1112_31_SV_T5,0,0.5908531744809824
ftp,P1112_31_SV_T5,0,0.5870607153687306
ftp,P1112_31_SV_T5,0,0.5850021144600105
ftp,P1112_31_SV_T5,0,0.5807171408059584
ftp,P1112_31_SV_T5,0,0.5851605747488213
ftp,P1112_31_SV_T5,0,0.5881679381510259
ftp,P1112_31_SV_T5,0,0.5862693017994558
ftp,P1112_31_SV_T5,0,0.5891162768929347
ftp,P1112_31_SV_T5,0,0.5924302081907675
ftp,P1112_31_SV_T5,0,0.5911687319182699
ftp,P1112_31_SV_T5,0,0.5903796980313857
ftp,P1112_31_SV_T5,0,0.5910109625727283
ftp,P1112_31_SV_T5,0,0.5947921834996596
ftp,P1112_31_SV_T5,0,0.5941627475450828
ftp,P1112_31_SV_T5,0,0.5919572963942061
ftp,P1112_31_SV_T5,0,0.5966786147659092
ftp,P1112_31_SV_T5,0,0.5985621911189674
ftp,P1112_31_SV_T5,0,0.5971497785069708
ftp,P1112_31_SV_T5,0,0.5966786147659092
ftp,P1112_31_SV_T5,0,0.5969927438020877
ftp,P1112_31_SV_T5,0,0.5963644064258423
ftp,P1112_31_SV_T5,0,0.5962072725911585
ftp,P1112_31_SV_T5,0,0.5969927438020877
ftp,P1112_31_SV_T5,0,0.599972969049887
ftp,P1112_31_SV_T5,0,0.5965215204940043
ftp,P1112_31_SV_T5,0,0.5933755174843358
ftp,P1112_31_SV_T5,0,0.5957357527855648
ftp,P1112_31_SV_T5,0,0.5916419271751049
ftp,P1112_31_SV_T5,0,0.5853190174216808
ftp,P1112_31_SV_T5,0,0.5810349724693266
ftp,P1112_31_SV_T5,0,0.5813527368931332
ftp,P1112_31_SV_T5,0,0.5674710489404975
ftp,P1112_31_SV_T5,0,0.5505770815404414
ftp,P1112_31_SV_T5,0,0.5504155605748435
ftp,P1113_28_SV_T1,0,0.6258834365399842
ftp,P1113_28_SV_T1,0,0.6361364939330438
ftp,P1113_28_SV_T1,0,0.6323486398612215
ftp,P1113_28_SV_T1,0,0.6281977375760645
ftp,P1113_28_SV_T1,0,0.6157502563975494
ftp,P1113_28_SV_T1,0,0.6232148588732551
ftp,P1113_28_SV_T1,0,0.6313127244748836
ftp,P1113_28_SV_T1,0,0.6288908884169068
ftp,P1113_28_SV_T1,0,0.6407052686504207
ftp,P1113_28_SV_T1,0,0.5987589872885622
ftp,P1113_28_SV_T1,0,0.572469709935221
ftp,P1113_28_SV_T1,0,0.5677402453805089
ftp,P1113_28_SV_T1,0,0.5573906828838496
ftp,P1113_28_SV_T1,0,0.5566581301773191
ftp,P1113_28_SV_T1,0,0.5532363420631904
ftp,P1113_28_SV_T1,0,0.5542145251184033
ftp,P1113_28_SV_T1,0,0.5550700912141312
ftp,P1113_28_SV_T1,0,0.5556810103525002
ftp,P1113_28_SV_T1,0,0.5566581301773191
ftp,P1113_28_SV_T1,0,0.5565360140119935
ftp,P1113_28_SV_T1,0,0.5545812359430204
ftp,P1113_28_SV_T1,0,0.5537254855980631
ftp,P1113_28_SV_T1,0,0.5522577466513551
ftp,P1113_28_SV_T1,0,0.5512787462938088
ftp,P1113_28_SV_T1,0,0.550544234745199
ftp,P1113_28_SV_T1,0,0.5496870261756552
ftp,P1113_28_SV_T1,0,0.5491970598944385
ftp,P1113_28_SV_T1,0,0.5477265922186916
ftp,P1113_28_SV_T1,0,0.5477265922186916
ftp,P1113_28_SV_T1,0,0.5474814325424784
ftp,P1113_28_SV_T1,0,0.5471136498642245
ftp,P1113_28_SV_T1,0,0.5468684328064861
ftp,P1113_28_SV_T1,0,0.5462552908950655
ftp,P1113_28_SV_T1,0,0.5468684328064861
ftp,P1113_28_SV_T1,0,0.5478491633802142
ftp,P1113_28_SV_T1,0,0.5493195604474219
ftp,P1113_28_SV_T1,0,0.5495645436025853
ftp,P1113_28_SV_T1,0,0.5507890965797233
ftp,P1113_28_SV_T1,0,0.5517682966271237
ftp,P1113_28_SV_T1,0,0.5516459184115224
ftp,P1113_28_SV_T1,0,0.5501768960983737
ftp,P1113_28_SV_T1,0,0.5498095027263153
ftp,P1113_28_SV_T1,0,0.5473588440569831
ftp,P1113_28_SV_T1,0,0.5479717287378886
ftp,P1113_28_SV_T1,0,0.5496870261756552
ftp,P1113_28_SV_T1,0,0.552502433757678
ftp,P1113_28_SV_T1,0,0.5534809267746383
ftp,P1113_28_SV_T1,0,0.5539700184178421
ftp,P1113_28_SV_T1,0,0.5517682966271237
ftp,P1113_28_SV_T1,0,0.5484619318383342
ftp,P1113_28_SV_T1,0,0.5456420086358523
ftp,P1113_28_SV_T1,0,0.5456420086358523
ftp,P1113_28_SV_T1,0,0.5460099947307107
ftp,P1113_28_SV_T1,0,0.5468684328064861
ftp,P1113_28_SV_T1,0,0.5479717287378886
ftp,P1113_28_SV_T1,0,0.5490745533772654
ftp,P1113_28_SV_T1,0,0.5483393898419308
ftp,P1113_28_SV_T1,0,0.5491970598944385
ftp,P1113_28_SV_T1,0,0.5494420550216563
ftp,P1113_28_SV_T1,0,0.5490745533772654
ftp,P1113_28_SV_T1,0,0.550544234745199
ftp,P1113_28_SV_T1,0,0.5482168419833334
ftp,P1113_28_SV_T1,0,0.5478491633802142
ftp,P1113_28_SV_T1,0,0.5462552908950655
ftp,P1113_28_SV_T1,0,0.5465005646037547
ftp,P1113_28_SV_T1,0,0.5457646762277347
ftp,P1113_28_SV_T1,0,0.5465005646037547
ftp,P1113_28_SV_T1,0,0.5467458157397765
ftp,P1113_28_SV_T1,0,0.5472362498260303
ftp,P1113_28_SV_T1,0,0.5478491633802142
ftp,P1113_28_SV_T1,0,0.5465005646037547
ftp,P1113_28_SV_T1,0,0.5460099947307107
ftp,P1113_28_SV_T1,0,0.5451512830073253
ftp,P1113_28_SV_T1,0,0.544415030393048
ftp,P1113_28_SV_T1,0,0.5441695695449691
ftp,P1113_28_SV_T1,0,0.544415030393048
ftp,P1113_28_SV_T1,0,0.5450285878581778
ftp,P1113_28_SV_T1,0,0.5456420086358523
ftp,P1113_28_SV_T1,0,0.5456420086358523
ftp,P1113_28_SV_T1,0,0.546377930563682
ftp,P1113_28_SV_T1,0,0.5468684328064861
ftp,P1113_28_SV_T1,0,0.5478491633802142
ftp,P1113_28_SV_T1,0,0.5484619318383342
ftp,P1113_28_SV_T1,0,0.5493195604474219
ftp,P1113_28_SV_T1,0,0.5494420550216563
ftp,P1113_28_SV_T1,0,0.5504217946343989
ftp,P1113_28_SV_T1,0,0.5499319732400179
ftp,P1113_28_SV_T1,0,0.550544234745199
ftp,P1113_28_SV_T1,0,0.5517682966271237
ftp,P1113_28_SV_T1,0,0.5506666687318161
ftp,P1113_28_SV_T1,0,0.5514011432303602
ftp,P1113_28_SV_T1,0,0.5498095027263153
ftp,P1113_28_SV_T1,0,0.5488295225086022
ftp,P1113_28_SV_T1,0,0.5472362498260303
ftp,P1113_28_SV_T1,0,0.5471136498642245
ftp,P1113_28_SV_T1,0,0.5480942882771244
ftp,P1113_28_SV_T1,0,0.5502993484139461
ftp,P1113_28_SV_T1,0,0.5517682966271237
ftp,P1113_28_SV_T1,0,0.5517682966271237
ftp,P1113_28_SV_T1,0,0.550544234745199
ftp,P1113_28_SV_T1,0,0.5498095027263153
ftp,P1113_28_SV_T1,0,0.5493195604474219
ftp,P1113_28_SV_T1,0,0.550054437702218
ftp,P1113_28_SV_T1,0,0.550054437702218
ftp,P1113_28_SV_T1,0,0.5493195604474219
ftp,P1113_28_SV_T1,0,0.5496870261756552
ftp,P1113_28_SV_T1,0,0.5489520409104649
ftp,P1113_28_SV_T1,0,0.5502993484139461
ftp,P1113_28_SV_T1,0,0.5501768960983737
ftp,P1113_28_SV_T1,0,0.5504217946343989
ftp,P1113_28_SV_T1,0,0.5494420550216563
ftp,P1113_28_SV_T1,0,0.5499319732400179
ftp,P1113_28_SV_T1,0,0.550054437702218
ftp,P1113_28_SV_T1,0,0.5510339338013128
ftp,P1113_28_SV_T1,0,0.552502433757678
ftp,P1113_28_SV_T1,0,0.5517682966271237
ftp,P1113_28_SV_T1,0,0.5517682966271237
ftp,P1113_28_SV_T1,0,0.5510339338013128
ftp,P1113_28_SV_T1,0,0.5495645436025853
ftp,P1113_28_SV_T1,0,0.5484619318383342
ftp,P1113_28_SV_T1,0,0.546132645612532
ftp,P1113_28_SV_T1,0,0.5456420086358523
ftp,P1113_28_SV_T1,0,0.5449058872415268
ftp,P1113_28_SV_T1,0,0.5456420086358523
ftp,P1113_28_SV_T1,0,0.5469910441861731
ftp,P1113_28_SV_T1,0,0.5527470954389637
ftp,P1113_28_SV_T1,0,0.563363578086502
ftp,P1113_28_SV_T1,0,0.5756153986245919
ftp,P1113_28_SV_T1,0,0.5939948248229082
ftp,P1113_28_SV_T1,0,0.590768924682374
ftp,P1113_28_SV_T1,0,0.5969745603691066
ftp,P1113_28_SV_T1,0,0.6058701237834437
ftp,P1113_28_SV_T1,0,0.6089379364478817
ftp,P1113_28_SV_T1,0,0.6017272018458502
ftp,P1113_28_SV_T1,0,0.5932786483381796
ftp,P1113_28_SV_T1,1,0.5910081520630484
ftp,P1113_28_SV_T1,0,0.5769444403560213
ftp,P1113_28_SV_T1,1,0.5673759169879566
ftp,P1113_28_SV_T1,0,0.5707734302362799
ftp,P1113_28_SV_T1,0,0.5953067751812965
ftp,P1113_28_SV_T1,0,0.6555985658113921
ftp,P1113_28_SV_T1,0,0.6642597522889516
ftp,P1113_28_SV_T1,0,0.6845721187696718
ftp,P1113_28_SV_T1,0,0.703274358730036
ftp,P1113_28_SV_T1,1,0.6845721187696718
ftp,P1113_28_SV_T1,0,0.6844652643159759
ftp,P1113_28_SV_T1,0,0.6776944332725066
ftp,P1113_28_SV_T1,1,0.7077974087026794
ftp,P1113_28_SV_T1,0,0.7310585786300049
ftp,P1113_28_SV_T1,0,0.726854838415184
ftp,P1113_28_SV_T1,0,0.7181251346741268
ftp,P1113_28_SV_T1,1,0.6649215331877701
ftp,P1113_28_SV_T1,0,0.6734650380943539
ftp,P1113_28_SV_T1,0,0.6717216544506811
ftp,P1113_28_SV_T1,1,0.7024476499281426
ftp,P1113_28_SV_T1,0,0.5989967143198776
ftp,P1113_28_SV_T1,0,0.6492027984098329
ftp,P1113_28_SV_T1,0,0.6617169605948865
ftp,P1113_28_SV_T1,1,0.6410469122635665
ftp,P1113_28_SV_T1,0,0.5986401063394826
ftp,P1113_28_SV_T1,0,0.6213540283706629
ftp,P1113_28_SV_T1,0,0.6162184357326246
ftp,P1113_28_SV_T1,0,0.6057519624663872
ftp,P1113_28_SV_T1,0,0.6017272018458502
ftp,P1113_28_SV_T1,0,0.60184577656591
ftp,P1113_28_SV_T1,0,0.5937561435878522
ftp,P1113_28_SV_T1,1,0.6010155032824691
ftp,P1113_28_SV_T1,0,0.6078769619729825
ftp,P1113_28_SV_T1,0,0.5800813554326703
ftp,P1113_28_SV_T1,0,0.5820085706413587
ftp,P1113_28_SV_T1,0,0.5840534953382533
ftp,P1113_28_SV_T1,0,0.5854952357433303
ftp,P1113_28_SV_T1,1,0.5822492978385837
ftp,P1113_28_SV_T1,0,0.5756153986245919
ftp,P1113_28_SV_T1,0,0.6445688023994962
ftp,P1113_28_SV_T1,0,0.6673425065988632
ftp,P1113_28_SV_T1,0,0.6510036387577255
ftp,P1113_28_SV_T1,0,0.6453619220455369
ftp,P1113_28_SV_T1,0,0.6488646654061075
ftp,P1113_28_SV_T1,1,0.6536968229865645
ftp,P1113_28_SV_T1,1,0.6543685910374059
ftp,P1113_28_SV_T1,0,0.6543685910374059
ftp,P1113_28_SV_T1,0,0.6536968229865645
ftp,P1113_28_SV_T1,0,0.650103753591286
ftp,P1113_28_SV_T1,0,0.6581635897660556
ftp,P1113_28_SV_T1,0,0.6697546758492119
ftp,P1113_28_SV_T1,0,0.5632418597468372
ftp,P1113_28_SV_T1,0,0.5422051200883456
ftp,P1113_28_SV_T1,0,0.5490745533772654
ftp,P1113_28_SV_T1,0,0.5751318384141356
ftp,P1113_28_SV_T1,0,0.5725908080847513
ftp,P1113_28_SV_T1,0,0.5744062286850947
ftp,P1113_28_SV_T1,0,0.5792374265800072
ftp,P1113_28_SV_T1,1,0.5806838754763852
ftp,P1113_28_SV_T1,0,0.5823696467497312
ftp,P1113_28_SV_T1,0,0.5966173651252062
ftp,P1113_28_SV_T1,0,0.6729207427342407
ftp,P1113_28_SV_T1,0,0.6893602544206643
ftp,P1113_28_SV_T1,0,0.6994397386922477
ftp,P1113_28_SV_T1,0,0.6966237458848432
ftp,P1113_28_SV_T1,0,0.6959959505754866
ftp,P1113_28_SV_T1,0,0.6973552478271248
ftp,P1113_28_SV_T1,0,0.6964145620987937
ftp,P1113_28_SV_T1,0,0.6966237458848432
ftp,P1113_28_SV_T1,1,0.6966237458848432
ftp,P1113_28_SV_T1,0,0.6966237458848432
ftp,P1113_28_SV_T1,0,0.6965191641621852
ftp,P1113_28_SV_T1,0,0.6954722293319782
ftp,P1113_28_SV_T1,0,0.6734650380943539
ftp,P1113_28_SV_T1,0,0.6723759814652084
ftp,P1113_28_SV_T1,0,0.5729540502840637
ftp,P1113_28_SV_T1,0,0.550054437702218
ftp,P1113_28_SV_T1,0,0.5467458157397765
ftp,P1113_28_SV_T1,0,0.5455193355032261
ftp,P1113_28_SV_T1,0,0.5462552908950655
ftp,P1113_28_SV_T1,0,0.5460099947307107
ftp,P1113_28_SV_T1,0,0.5447831811720284
ftp,P1113_28_SV_T1,0,0.544415030393048
ftp,P1113_28_SV_T1,0,0.5419594703354931
ftp,P1113_28_SV_T1,0,0.5404851475142008
ftp,P1113_28_SV_T1,0,0.5397477186414471
ftp,P1113_28_SV_T1,0,0.5404851475142008
ftp,P1113_28_SV_T1,0,0.5401164550345484
ftp,P1113_28_SV_T1,0,0.5398706356271595
ftp,P1113_28_SV_T1,0,0.5395018701797907
ftp,P1113_28_SV_T1,0,0.5412223991402044
ftp,P1113_28_SV_T1,0,0.5412223991402044
ftp,P1113_28_SV_T1,0,0.5415909574905636
ftp,P1113_28_SV_T1,0,0.5407309179075824
ftp,P1113_28_SV_T1,0,0.5410995363131667
ftp,P1113_28_SV_T1,0,0.5390101157090017
ftp,P1113_28_SV_T1,0,0.5367962944693618
ftp,P1113_28_SV_T1,0,0.5359349672332027
ftp,P1113_28_SV_T1,0,0.5375344004284118
ftp,P1113_28_SV_T1,0,0.5391330614832096
ftp,P1113_28_SV_T1,0,0.5409766684888919
ftp,P1113_28_SV_T1,0,0.5422051200883456
ftp,P1113_28_SV_T1,0,0.542082297769442
ftp,P1113_28_SV_T1,0,0.5413452569552709
ftp,P1113_28_SV_T1,0,0.5423279372774896
ftp,P1113_28_SV_T1,0,0.5441695695449691
ftp,P1113_28_SV_T1,0,0.5441695695449691
ftp,P1113_28_SV_T1,0,0.5431875127326894
ftp,P1113_28_SV_T1,0,0.5402393574267105
ftp,P1113_28_SV_T1,0,0.5387642099362102
ftp,P1113_28_SV_T1,0,0.5375344004284118
ftp,P1113_28_SV_T1,0,0.5377803993547606
ftp,P1113_28_SV_T1,0,0.5369193234157402
ftp,P1113_28_SV_T1,0,0.5369193234157402
ftp,P1113_28_SV_T1,0,0.5369193234157402
ftp,P1113_28_SV_T1,0,0.538641249967183
ftp,P1113_28_SV_T1,0,0.5398706356271595
ftp,P1113_28_SV_T1,0,0.5417138001813329
ftp,P1113_28_SV_T1,0,0.5412223991402044
ftp,P1113_28_SV_T1,0,0.5401164550345484
ftp,P1113_28_SV_T1,0,0.5372883832264285
ftp,P1113_28_SV_T1,0,0.5363041340315204
ftp,P1113_28_SV_T1,0,0.5358119028614214
ftp,P1113_28_SV_T1,0,0.5364271808091908
ftp,P1113_28_SV_T1,0,0.5369193234157402
ftp,P1113_28_SV_T1,0,0.5380263798870678
ftp,P1113_28_SV_T1,0,0.5379033919275684
ftp,P1113_28_SV_T1,0,0.5370423478672526
ftp,P1113_28_SV_T1,0,0.5360580272286993
ftp,P1113_28_SV_T1,0,0.5360580272286993
ftp,P1113_28_SV_T1,0,0.5369193234157402
ftp,P1113_28_SV_T1,0,0.5374113941044727
ftp,P1113_28_SV_T1,0,0.5374113941044727
ftp,P1113_28_SV_T1,0,0.5365502231512687
ftp,P1113_28_SV_T1,0,0.5369193234157402
ftp,P1113_28_SV_T1,0,0.5369193234157402
ftp,P1113_28_SV_T1,0,0.5375344004284118
ftp,P1113_28_SV_T1,0,0.5381493632184635
ftp,P1113_28_SV_T1,0,0.5397477186414471
ftp,P1113_28_SV_T1,0,0.540362254924845
ftp,P1113_28_SV_T1,0,0.5398706356271595
ftp,P1113_28_SV_T1,0,0.5388871651884096
ftp,P1113_28_SV_T1,0,0.5383953159377741
ftp,P1113_28_SV_T1,0,0.5385182852961097
ftp,P1113_28_SV_T1,0,0.5401164550345484
ftp,P1113_28_SV_T1,0,0.5414681097436339
ftp,P1113_28_SV_T1,0,0.5428191544422549
ftp,P1113_28_SV_T1,0,0.5431875127326894
ftp,P1113_28_SV_T1,0,0.5422051200883456
ftp,P1113_28_SV_T1,0,0.5406080351800289
ftp,P1113_28_SV_T1,0,0.5393789387333754
ftp,P1113_28_SV_T1,0,0.538641249967183
ftp,P1113_28_SV_T1,0,0.5396247968207365
ftp,P1113_28_SV_T1,0,0.5425735562076506
ftp,P1113_28_SV_T1,0,0.5527470954389637
ftp,P1113_28_SV_T1,0,0.544415030393048
ftp,P1113_28_SV_T1,0,0.5402393574267105
ftp,P1113_28_SV_T1,0,0.5370423478672526
