"model","trip","real","p"
"hmm","P1108_46_SV_T2",0,0.982918362691598
"hmm","P1108_46_SV_T2",0,0.0101756149097998
"hmm","P1108_46_SV_T2",0,0.000863896919609011
"hmm","P1108_46_SV_T2",0,0.000340025971386316
"hmm","P1108_46_SV_T2",0,0.999999999999978
"hmm","P1108_46_SV_T2",0,0.866225398136186
"hmm","P1108_46_SV_T2",0,0.0309768349890539
"hmm","P1108_46_SV_T2",0,0.0239908223477709
"hmm","P1108_46_SV_T2",0,4.56415679863475e-06
"hmm","P1108_46_SV_T2",0,4.77510032322569e-06
"hmm","P1108_46_SV_T2",0,5.14189463048212e-06
"hmm","P1108_46_SV_T2",0,3.20235088944671e-06
"hmm","P1108_46_SV_T2",0,1.14950988328444e-05
"hmm","P1108_46_SV_T2",0,1.66148322400536e-05
"hmm","P1108_46_SV_T2",0,0.000409030993512399
"hmm","P1108_46_SV_T2",0,1.4323964103156e-05
"hmm","P1108_46_SV_T2",0,1.10550184810176e-05
"hmm","P1108_46_SV_T2",0,6.27885683399425e-06
"hmm","P1108_46_SV_T2",0,5.70781294871481e-06
"hmm","P1108_46_SV_T2",0,7.47142723761557e-05
"hmm","P1108_46_SV_T2",0,0.0120127992005252
"hmm","P1108_46_SV_T2",0,0.00045055791544597
"hmm","P1108_46_SV_T2",0,0.000103941595884605
"hmm","P1108_46_SV_T2",0,6.33939238170288e-05
"hmm","P1108_46_SV_T2",0,2.68243230885824e-05
"hmm","P1108_46_SV_T2",0,5.8247938945311e-06
"hmm","P1108_46_SV_T2",0,4.92585169194184e-06
"hmm","P1108_46_SV_T2",0,7.28473191186259e-06
"hmm","P1108_46_SV_T2",0,0.0153565287753246
"hmm","P1108_46_SV_T2",0,2.57448211567599e-05
"hmm","P1108_46_SV_T2",0,4.81405046481042e-06
"hmm","P1108_46_SV_T2",0,0.000235970520387672
"hmm","P1108_46_SV_T2",0,0.00451816746553009
"hmm","P1108_46_SV_T2",0,1.25484671532924e-05
"hmm","P1108_46_SV_T2",0,1.73556446190254e-05
"hmm","P1108_46_SV_T2",0,9.13163893179214e-06
"hmm","P1108_46_SV_T2",0,0.00186781612414441
"hmm","P1108_46_SV_T2",0,0.000118270131357926
"hmm","P1108_46_SV_T2",0,7.43013748520202e-06
"hmm","P1108_46_SV_T2",0,5.73711588449484e-06
"hmm","P1108_46_SV_T2",0,0.000187889978551495
"hmm","P1108_46_SV_T2",0,0.000115205370788283
"hmm","P1108_46_SV_T2",0,2.38579118637952e-06
"hmm","P1108_46_SV_T2",0,7.57936163745736e-06
"hmm","P1108_46_SV_T2",0,1.27673055927031e-05
"hmm","P1108_46_SV_T2",0,2.79605370946535e-06
"hmm","P1108_46_SV_T2",0,0.000535605965976126
"hmm","P1108_46_SV_T2",0,0.000950750580432204
"hmm","P1108_46_SV_T2",0,0.000573881631405237
"hmm","P1108_46_SV_T2",0,0.002173606155218
"hmm","P1108_46_SV_T2",0,0.000902595449691996
"hmm","P1108_46_SV_T2",0,8.75190039261317e-06
"hmm","P1108_46_SV_T2",0,9.35620571127617e-06
"hmm","P1108_46_SV_T2",0,6.80654889567383e-06
"hmm","P1108_46_SV_T2",0,0.000866874641399391
"hmm","P1108_46_SV_T2",0,0.0133723675806745
"hmm","P1108_46_SV_T2",0,0.0234065306094114
"hmm","P1108_46_SV_T2",0,0.000176109681031977
"hmm","P1108_46_SV_T2",0,0.000321406915985028
"hmm","P1108_46_SV_T2",0,3.77808498425468e-06
"hmm","P1108_46_SV_T2",0,3.57933164878764e-06
"hmm","P1108_46_SV_T2",0,5.15200110436887e-06
"hmm","P1108_46_SV_T2",0,0.000766577410992217
"hmm","P1108_46_SV_T2",0,0.00164482793382404
"hmm","P1108_46_SV_T2",0,1.22844345336095e-05
"hmm","P1108_46_SV_T2",0,0.00072673895033321
"hmm","P1108_46_SV_T2",0,0.0029871338574063
"hmm","P1108_46_SV_T2",0,0.000255683151594136
"hmm","P1108_46_SV_T2",0,5.8524683874841e-06
"hmm","P1108_46_SV_T2",0,0.000914489894794442
"hmm","P1108_46_SV_T2",0,0.00158977819873832
"hmm","P1108_46_SV_T2",0,0.0103999538670524
"hmm","P1108_46_SV_T2",0,0.117909167510306
"hmm","P1108_46_SV_T2",0,6.2972323119748e-05
"hmm","P1108_46_SV_T2",0,6.13468842444094e-06
"hmm","P1108_46_SV_T2",0,0.000873413279986055
"hmm","P1108_46_SV_T2",0,0.000424459846257232
"hmm","P1108_46_SV_T2",0,4.5944784450595e-06
"hmm","P1108_46_SV_T2",0,9.39651127650395e-06
"hmm","P1108_46_SV_T2",0,1.42575264608431e-05
"hmm","P1108_46_SV_T2",0,7.72691862013752e-06
"hmm","P1108_46_SV_T2",0,4.52673347115169e-06
"hmm","P1108_46_SV_T2",0,2.98303988528954e-06
"hmm","P1108_46_SV_T2",0,5.4428954370554e-06
"hmm","P1108_46_SV_T2",0,2.59060451741583e-06
"hmm","P1108_46_SV_T2",0,0.000183698520002059
"hmm","P1108_46_SV_T2",0,2.68174262333427e-06
"hmm","P1108_46_SV_T2",0,2.49135840382261e-06
"hmm","P1108_46_SV_T2",0,3.91422127361169e-06
"hmm","P1108_46_SV_T2",0,5.40924220739526e-06
"hmm","P1108_46_SV_T2",0,2.36295579818688e-06
"hmm","P1108_46_SV_T2",0,4.91065073486244e-06
"hmm","P1108_46_SV_T2",0,1.17000638729314e-05
"hmm","P1108_46_SV_T2",0,0.436363059529001
"hmm","P1108_46_SV_T2",0,2.69269807774959e-05
"hmm","P1108_46_SV_T2",0,2.64340359089863e-06
"hmm","P1108_46_SV_T2",0,2.83587867961287e-06
"hmm","P1108_46_SV_T2",0,2.6897900319119e-06
"hmm","P1108_46_SV_T2",0,5.03364942219807e-06
"hmm","P1108_46_SV_T2",0,3.26443525008846e-06
"hmm","P1108_46_SV_T2",0,3.22370085387528e-06
"hmm","P1108_46_SV_T2",0,3.35572775453368e-06
"hmm","P1108_46_SV_T2",0,0.000155087763409991
"hmm","P1108_46_SV_T2",0,0.00270461858675897
"hmm","P1108_46_SV_T2",0,5.36634515825893e-06
"hmm","P1108_46_SV_T2",0,2.40612275295569e-06
"hmm","P1108_46_SV_T2",0,3.03043374517291e-06
"hmm","P1108_46_SV_T2",0,2.39521275050193e-06
"hmm","P1108_46_SV_T2",0,2.4106114899632e-06
"hmm","P1108_46_SV_T2",0,2.44651806274696e-06
"hmm","P1108_46_SV_T2",0,5.89151639501605e-06
"hmm","P1108_46_SV_T2",0,0.000700019237782987
"hmm","P1108_46_SV_T2",0,0.0015555819941331
"hmm","P1108_46_SV_T2",0,0.0173307629866759
"hmm","P1108_46_SV_T2",0,7.78081918150513e-06
"hmm","P1108_46_SV_T2",0,0.00219125379095647
"hmm","P1108_46_SV_T2",0,0.0121136255973169
"hmm","P1108_46_SV_T2",0,0.0114960533057517
"hmm","P1108_46_SV_T2",0,1
"hmm","P1108_46_SV_T2",0,1
"hmm","P1108_46_SV_T2",0,1
"hmm","P1108_46_SV_T2",0,1
"hmm","P1108_46_SV_T2",0,1
"hmm","P1108_46_SV_T2",0,1
"hmm","P1108_46_SV_T2",0,1
"hmm","P1108_46_SV_T2",0,1
"hmm","P1108_46_SV_T2",0,1
"hmm","P1108_46_SV_T2",0,1
"hmm","P1108_46_SV_T2",0,1
"hmm","P1108_46_SV_T2",0,1
"hmm","P1108_46_SV_T2",0,1
"hmm","P1108_46_SV_T2",0,1
"hmm","P1108_46_SV_T2",0,1
"hmm","P1108_46_SV_T2",0,1
"hmm","P1108_46_SV_T2",0,1
"hmm","P1108_46_SV_T2",0,1
"hmm","P1108_46_SV_T2",0,1
"hmm","P1108_46_SV_T2",0,1
"hmm","P1108_46_SV_T2",0,1
"hmm","P1108_46_SV_T2",0,1
"hmm","P1108_46_SV_T2",0,1
"hmm","P1108_46_SV_T2",0,1
"hmm","P1108_46_SV_T2",0,1
"hmm","P1108_46_SV_T2",0,1
"hmm","P1108_46_SV_T2",0,1
"hmm","P1108_46_SV_T2",0,0.00188892627793648
"hmm","P1108_46_SV_T2",0,0.000650686069800714
"hmm","P1108_46_SV_T2",0,0.000492187492499809
"hmm","P1108_46_SV_T2",0,2.22491676067476e-05
"hmm","P1108_46_SV_T2",0,0.00128550197110449
"hmm","P1108_46_SV_T2",0,0.000502962862097557
"hmm","P1108_46_SV_T2",0,0.0158710751176412
"hmm","P1108_46_SV_T2",0,0.0016528655243868
"hmm","P1108_46_SV_T2",0,0.000291506043212269
"hmm","P1108_46_SV_T2",0,0.000745737142680832
"hmm","P1108_46_SV_T2",0,0.0111576114569978
"hmm","P1108_46_SV_T2",0,0.0121158721805863
"hmm","P1108_46_SV_T2",0,2.54898017621619e-05
"hmm","P1108_46_SV_T2",0,7.46200398405808e-06
"hmm","P1108_46_SV_T2",0,0.00369062536200959
"hmm","P1108_46_SV_T2",0,0.00114687796954394
"hmm","P1108_46_SV_T2",0,0.0369981829177696
"hmm","P1108_46_SV_T2",0,1.75743447297314e-05
"hmm","P1108_46_SV_T2",0,5.73996239914207e-06
"hmm","P1108_46_SV_T2",0,5.11498690319159e-05
"hmm","P1108_46_SV_T2",0,3.95562971105078e-05
"hmm","P1108_46_SV_T2",0,5.82021412089336e-06
"hmm","P1108_46_SV_T2",0,7.01715485771775e-06
"hmm","P1108_46_SV_T2",0,4.02229289178561e-06
"hmm","P1108_46_SV_T2",0,3.69815429183633e-06
"hmm","P1108_46_SV_T2",0,2.08260369577821e-06
"hmm","P1108_46_SV_T2",0,3.16254215935404e-06
"hmm","P1108_46_SV_T2",0,2.64643554828719e-06
"hmm","P1108_46_SV_T2",0,3.91306151657812e-06
"hmm","P1108_46_SV_T2",0,5.63402138671594e-06
"hmm","P1108_46_SV_T2",0,3.21216178317892e-06
"hmm","P1108_46_SV_T2",0,2.57112162515254e-06
"hmm","P1108_46_SV_T2",0,2.44607789831262e-06
"hmm","P1108_46_SV_T2",0,2.28343676932785e-06
"hmm","P1108_46_SV_T2",0,2.59849102918179e-06
"hmm","P1108_46_SV_T2",0,4.21456803177008e-06
"hmm","P1108_46_SV_T2",0,5.36010827190619e-06
"hmm","P1108_46_SV_T2",0,1.38910918652174e-05
"hmm","P1108_46_SV_T2",0,1.63771727052802e-05
"hmm","P1108_46_SV_T2",0,1.12658842674031e-05
"hmm","P1108_46_SV_T2",0,3.4998762412166e-06
"hmm","P1108_46_SV_T2",0,2.5136079704906e-06
"hmm","P1108_46_SV_T2",0,3.21032557162179e-06
"hmm","P1108_46_SV_T2",0,3.06173529825285e-06
"hmm","P1108_46_SV_T2",0,2.27775934991295e-06
"hmm","P1108_46_SV_T2",0,2.68934867073834e-06
"hmm","P1108_46_SV_T2",0,0.00169610058422716
"hmm","P1108_46_SV_T2",0,0.0171901128261278
"hmm","P1108_46_SV_T2",0,8.64335716349259e-06
"hmm","P1108_46_SV_T2",0,5.99177679876976e-06
"hmm","P1108_46_SV_T2",0,3.79352837542395e-06
"hmm","P1108_46_SV_T2",0,3.72003277028527e-06
"hmm","P1108_46_SV_T2",0,0.000107346309718206
"hmm","P1108_46_SV_T2",0,0.000702321871942619
"hmm","P1108_46_SV_T2",0,0.0408313762313588
"hmm","P1108_46_SV_T2",0,0.000587971541778661
"hmm","P1108_46_SV_T2",0,4.4214386304333e-05
"hmm","P1108_46_SV_T2",0,8.36427651074543e-06
"hmm","P1108_46_SV_T2",0,2.3929382973188e-05
"hmm","P1108_46_SV_T2",0,0.000109371908549545
"hmm","P1108_46_SV_T2",0,0.000219129563136617
"hmm","P1108_46_SV_T2",0,0.000719531859925088
"hmm","P1108_46_SV_T2",0,0.000264537474342562
"hmm","P1108_46_SV_T2",0,0.000280926652990236
"hmm","P1108_46_SV_T2",0,0.000231495937139597
"hmm","P1108_46_SV_T2",0,0.000231105545506637
"hmm","P1108_46_SV_T2",0,0.000267937965629233
"hmm","P1108_46_SV_T2",0,0.000391903563342178
"hmm","P1108_46_SV_T2",0,0.000464428555777791
"hmm","P1108_46_SV_T2",0,0.00690132746796927
"hmm","P1108_46_SV_T2",0,0.000716666225543136
"hmm","P1108_46_SV_T2",0,0.000148278098415728
"hmm","P1108_46_SV_T2",0,0.000325475837368114
"hmm","P1108_46_SV_T2",0,0.000362248967846468
"hmm","P1108_46_SV_T2",0,0.999999999999422
"hmm","P1108_46_SV_T2",1,1
"hmm","P1108_46_SV_T2",0,0.996118336203217
"hmm","P1108_46_SV_T2",0,0.376539909625635
"hmm","P1108_46_SV_T2",0,0.998942736177989
"hmm","P1108_46_SV_T2",0,1
"hmm","P1108_46_SV_T2",1,0.0271233112516784
"hmm","P1108_46_SV_T2",0,0.0102599766157887
"hmm","P1108_46_SV_T2",0,0.00288888007842112
"hmm","P1108_46_SV_T2",0,0.0157003402337884
"hmm","P1108_46_SV_T2",0,1
"hmm","P1108_46_SV_T2",1,0.00783636820395472
"hmm","P1108_46_SV_T2",0,0.0108394645532739
"hmm","P1108_46_SV_T2",0,0.145611397683559
"hmm","P1108_46_SV_T2",0,1
"hmm","P1108_46_SV_T2",1,0.999996700264604
"hmm","P1108_46_SV_T2",0,0.00188359375594213
"hmm","P1108_46_SV_T2",0,0.999999999999986
"hmm","P1108_46_SV_T2",0,1
"hmm","P1108_46_SV_T2",1,0.926860490691985
"hmm","P1108_46_SV_T2",0,0.000335559950062777
"hmm","P1108_46_SV_T2",0,0.885392608297738
"hmm","P1108_46_SV_T2",0,6.84112164845964e-06
"hmm","P1108_46_SV_T2",0,0.159924572132274
"hmm","P1108_46_SV_T2",0,1
"hmm","P1108_46_SV_T2",1,0.152611978484107
"hmm","P1108_46_SV_T2",0,0.559505002076146
"hmm","P1108_46_SV_T2",0,0.00198381579504353
"hmm","P1108_46_SV_T2",0,1
"hmm","P1108_46_SV_T2",1,0.999999999999978
"hmm","P1108_46_SV_T2",0,0.542414828902546
"hmm","P1108_46_SV_T2",0,0.0838900000678636
"hmm","P1108_46_SV_T2",0,0.99693365258776
"hmm","P1108_46_SV_T2",0,0.501197830989025
"hmm","P1108_46_SV_T2",0,1
"hmm","P1108_46_SV_T2",1,0.999546884796498
"hmm","P1108_46_SV_T2",0,0.00402990480594667
"hmm","P1108_46_SV_T2",0,0.819784563176681
"hmm","P1108_46_SV_T2",0,1
"hmm","P1108_46_SV_T2",0,0.00408301568006523
"hmm","P1108_46_SV_T2",0,0.00338656110679116
"hmm","P1108_46_SV_T2",0,1
"hmm","P1108_46_SV_T2",1,0.0876310614604327
"hmm","P1108_46_SV_T2",0,0.00196671406644275
"hmm","P1108_46_SV_T2",0,0.00202821345975163
"hmm","P1108_46_SV_T2",0,0.0133474235173578
"hmm","P1108_46_SV_T2",0,0.0411427505098065
"hmm","P1108_46_SV_T2",1,1
"hmm","P1108_46_SV_T2",1,0.998982117852508
"hmm","P1108_46_SV_T2",0,0.990169385920334
"hmm","P1108_46_SV_T2",0,0.999999995601226
"hmm","P1108_46_SV_T2",1,1
"hmm","P1108_46_SV_T2",0,0.000574745777929737
"hmm","P1108_46_SV_T2",0,0.26967107031533
"hmm","P1108_46_SV_T2",0,0.804229463986019
"hmm","P1108_46_SV_T2",0,0.0244613277800109
"hmm","P1108_46_SV_T2",0,0.000892612345686222
"hmm","P1108_46_SV_T2",0,1
"hmm","P1108_46_SV_T2",1,0.934851436331011
"hmm","P1108_46_SV_T2",0,0.00443628589604723
"hmm","P1108_46_SV_T2",0,0.00356676562404291
"hmm","P1108_46_SV_T2",0,0.00336225044585168
"hmm","P1108_46_SV_T2",0,0.000187102802075687
"hmm","P1108_46_SV_T2",0,0.000272121778505728
"hmm","P1108_46_SV_T2",0,0.999999987159908
"hmm","P1108_46_SV_T2",0,0.999999987160134
"hmm","P1108_46_SV_T2",1,0.00583561342620012
"hmm","P1108_46_SV_T2",0,0.000410114200968157
"hmm","P1108_46_SV_T2",0,0.00203790952291446
"hmm","P1108_46_SV_T2",0,0.674295026243612
"hmm","P1108_46_SV_T2",0,0.999879694099367
"hmm","P1108_46_SV_T2",0,0.00102786657098689
"hmm","P1108_46_SV_T2",0,0.00216500991213301
"hmm","P1108_46_SV_T2",0,4.45209952465894e-06
"hmm","P1108_46_SV_T2",0,0.0052920123674966
"hmm","P1108_46_SV_T2",0,0.000168428220611744
"hmm","P1108_46_SV_T2",0,1
"hmm","P1108_46_SV_T2",0,1
"hmm","P1108_46_SV_T2",0,0.000367137533073968
"hmm","P1108_46_SV_T2",0,0.999999987324096
"hmm","P1108_46_SV_T2",0,0.972510132958056
"hmm","P1108_46_SV_T2",0,0.999857498555944
"hmm","P1108_46_SV_T2",0,1
"hmm","P1108_46_SV_T2",0,0.997730549061797
"hmm","P1108_46_SV_T2",0,1
"hmm","P1108_46_SV_T2",0,1
"hmm","P1108_46_SV_T2",0,1
"hmm","P1108_46_SV_T2",0,0.00493541993525178
"hmm","P1108_46_SV_T2",0,0.164956013752497
"hmm","P1108_46_SV_T2",0,1
"hmm","P1108_46_SV_T2",0,0.999843156340021
"hmm","P1108_46_SV_T2",0,0.000330698998707181
"hmm","P1108_46_SV_T2",0,0.0019017266517128
"hmm","P1108_46_SV_T2",0,0.00214365149936044
"hmm","P1108_46_SV_T2",0,0.00141980240092435
"hmm","P1108_46_SV_T2",0,0.335363901604188
"hmm","P1108_46_SV_T2",0,0.000249971966047257
"hmm","P1108_46_SV_T2",0,0.0013393307511767
"hmm","P1108_46_SV_T2",0,0.0215328709207667
"hmm","P1108_46_SV_T2",0,0.00367158231498329
"hmm","P1108_46_SV_T2",0,1
"hmm","P1108_46_SV_T2",0,1
"hmm","P1108_46_SV_T2",0,0.987510261113249
"hmm","P1108_46_SV_T2",0,1
"hmm","P1108_46_SV_T2",0,1
"hmm","P1108_46_SV_T2",0,0.694231712544195
"hmm","P1108_46_SV_T2",0,0.998747825391567
"hmm","P1108_46_SV_T2",0,1
"hmm","P1108_46_SV_T2",0,0.980304338992513
"hmm","P1108_46_SV_T2",0,0.00202802278924364
"hmm","P1108_46_SV_T2",0,1
"hmm","P1108_46_SV_T2",0,0.999998314201791
"hmm","P1108_46_SV_T2",0,0.000451790693211097
"hmm","P1108_46_SV_T2",0,0.00140044127405306
"hmm","P1108_46_SV_T2",0,0.00135177801150531
"hmm","P1108_46_SV_T2",0,0.00186460861589422
"hmm","P1108_46_SV_T2",0,0.00157798594385624
"hmm","P1108_46_SV_T2",0,3.48939787475923e-05
"hmm","P1108_46_SV_T2",0,0.000915466151740842
"hmm","P1108_46_SV_T2",0,0.00119873442510293
"hmm","P1108_46_SV_T2",0,0.000297269806395562
"hmm","P1108_46_SV_T2",0,0.000481473991111564
"hmm","P1108_46_SV_T2",0,0.000796790532253725
"hmm","P1108_46_SV_T2",0,0.00999441595724413
"hmm","P1108_46_SV_T2",0,0.00124768722061334
"hmm","P1108_46_SV_T2",0,1.06874446417101e-05
"hmm","P1108_46_SV_T2",0,0.000688528337531654
"hmm","P1108_46_SV_T2",0,0.00217320977360118
"hmm","P1108_46_SV_T2",0,9.03864161502943e-06
"hmm","P1108_46_SV_T2",0,4.41533763123861e-06
"hmm","P1108_46_SV_T2",0,7.25128990205914e-06
"hmm","P1108_46_SV_T2",0,4.23781117575028e-06
"hmm","P1108_46_SV_T2",0,4.13182962074197e-06
"hmm","P1108_46_SV_T2",0,3.37728295665236e-06
"hmm","P1108_46_SV_T2",0,2.1001341797801e-05
"hmm","P1108_46_SV_T2",0,9.77850056013377e-06
"hmm","P1108_46_SV_T2",0,6.14339785367288e-06
"hmm","P1108_46_SV_T2",0,3.84497334904657e-06
"hmm","P1108_46_SV_T2",0,3.34303121746691e-06
"hmm","P1108_46_SV_T2",0,0.00084679263293549
"hmm","P1108_46_SV_T2",0,0.00229325854828675
"hmm","P1108_46_SV_T2",0,8.43739579137365e-06
"hmm","P1108_46_SV_T2",0,0.00109450780052158
"hmm","P1108_46_SV_T2",0,0.0098737253034256
"hmm","P1108_46_SV_T2",0,0.000180055408899481
"hmm","P1108_46_SV_T2",0,4.39247959444339e-06
"hmm","P1108_46_SV_T2",0,1.53732894218017e-05
"hmm","P1108_46_SV_T2",0,2.52954771591752e-05
"hmm","P1108_46_SV_T2",0,0.00954281126999889
"hmm","P1108_46_SV_T2",0,2.26600039856679e-05
"hmm","P1108_46_SV_T2",0,1.49067537702793e-05
"hmm","P1108_46_SV_T2",0,7.47393990834779e-06
"hmm","P1108_46_SV_T2",0,3.30243269635801e-06
"hmm","P1108_46_SV_T2",0,3.49241364693898e-06
"hmm","P1108_46_SV_T2",0,6.94042879296368e-06
"hmm","P1108_46_SV_T2",0,0.00113664767880022
"hmm","P1108_46_SV_T2",0,2.08026195150282e-05
"hmm","P1108_46_SV_T2",0,3.824269598135e-06
"hmm","P1108_46_SV_T2",0,7.43430007512693e-06
"hmm","P1108_46_SV_T2",0,3.33931677542571e-06
"hmm","P1108_46_SV_T2",0,3.06328439557482e-06
"hmm","P1108_46_SV_T2",0,5.00994292041463e-06
"hmm","P1108_46_SV_T2",0,5.10622296887665e-06
"hmm","P1108_46_SV_T2",0,4.24933291459564e-06
"hmm","P1108_46_SV_T2",0,9.04617844843923e-06
"hmm","P1108_46_SV_T2",0,6.92162550415772e-06
"hmm","P1108_46_SV_T2",0,2.88975658112836e-06
"hmm","P1108_46_SV_T2",0,3.11534328059549e-06
"hmm","P1108_46_SV_T2",0,0.000539314878243403
"hmm","P1108_46_SV_T2",0,0.000199364551282642
"hmm","P1108_46_SV_T2",0,0.000686688079254993
"hmm","P1108_46_SV_T2",0,0.00051004780105057
"hmm","P1108_46_SV_T2",0,0.000363436143142207
"hmm","P1108_46_SV_T2",0,6.16543735254317e-05
"hmm","P1108_46_SV_T2",0,2.75697934064389e-05
"hmm","P1108_46_SV_T2",0,5.09492543274061e-06
"hmm","P1108_46_SV_T2",0,3.49320084797724e-06
"hmm","P1108_46_SV_T2",0,2.52031473594352e-06
"hmm","P1108_46_SV_T2",0,3.28261612446438e-06
"hmm","P1108_46_SV_T2",0,0.00693683469153804
"hmm","P1108_46_SV_T2",0,0.000200939707324067
"hmm","P1108_46_SV_T2",0,0.00193447107834501
"hmm","P1108_46_SV_T2",0,4.44261319188453e-05
"hmm","P1108_46_SV_T2",0,6.69799291361735e-06
"hmm","P1108_46_SV_T2",0,4.497164965411e-06
"hmm","P1108_46_SV_T2",0,3.42986011287447e-06
"hmm","P1108_46_SV_T2",0,2.78774072819576e-05
"hmm","P1108_46_SV_T2",0,1.25996751129087e-05
"hmm","P1108_46_SV_T2",0,8.64242920925541e-06
"hmm","P1108_46_SV_T2",0,0.000134995040313279
"hmm","P1108_46_SV_T2",0,0.0121362355164552
"hmm","P1108_46_SV_T2",0,0.148554721503624
"hmm","P1108_46_SV_T2",0,4.08368767168911e-06
"hmm","P1108_46_SV_T2",0,5.93271704073085e-06
"hmm","P1108_46_SV_T2",0,8.63186483395413e-06
"hmm","P1108_46_SV_T2",0,0.0451737062497741
"hmm","P1108_46_SV_T2",0,0.000259248924874113
"hmm","P1108_46_SV_T2",0,4.08901941614273e-06
"hmm","P1108_46_SV_T2",0,0.000591237789582618
"hmm","P1108_46_SV_T2",0,2.95265145086999e-06
"hmm","P1108_46_SV_T2",0,6.72142021455071e-06
"hmm","P1108_46_SV_T2",0,5.73647406333287e-06
"hmm","P1108_46_SV_T2",0,3.49011978196336e-06
"hmm","P1108_46_SV_T2",0,6.69747245153522e-06
"hmm","P1108_46_SV_T2",0,1.01601236004846e-05
"hmm","P1108_46_SV_T2",0,4.87800343751735e-06
"hmm","P1108_46_SV_T2",0,1.62288129522173e-05
"hmm","P1108_46_SV_T2",0,4.87984080608332e-05
"hmm","P1108_46_SV_T2",0,0.819341388165753
"hmm","P1108_46_SV_T2",0,0.00150964202659195
"hmm","P1108_46_SV_T2",0,5.05551793599789e-06
"hmm","P1108_46_SV_T2",0,0.000479251915152376
"hmm","P1108_46_SV_T2",0,0.000246132419550323
"hmm","P1108_46_SV_T2",0,3.58806264758685e-06
"hmm","P1108_46_SV_T2",0,5.40569343328054e-06
"hmm","P1108_46_SV_T2",0,9.09811071899745e-06
"hmm","P1108_46_SV_T2",0,3.31394197643633e-06
"hmm","P1108_46_SV_T2",0,2.50440950232314e-05
"hmm","P1108_46_SV_T2",0,7.9893581087433e-06
"hmm","P1108_46_SV_T2",0,6.56288307327745e-06
"hmm","P1108_46_SV_T2",0,5.2740698726537e-06
"hmm","P1108_46_SV_T2",0,3.44576515746722e-05
"hmm","P1108_46_SV_T2",0,6.42674271420076e-06
"hmm","P1108_46_SV_T2",0,5.28751506237555e-06
"hmm","P1108_46_SV_T2",0,6.40411909643965e-06
"hmm","P1108_46_SV_T2",0,4.18924629049498e-06
"hmm","P1108_46_SV_T2",0,3.41903028700553e-06
"hmm","P1108_46_SV_T2",0,1.03622903351823e-05
"hmm","P1108_46_SV_T2",0,3.35377604899155e-05
"hmm","P1108_46_SV_T2",0,1.25647912724781e-05
"hmm","P1108_46_SV_T2",0,3.16834506688115e-05
"hmm","P1108_46_SV_T2",0,6.21862090934834e-06
"hmm","P1108_46_SV_T2",0,4.23132054190616e-06
"hmm","P1108_46_SV_T2",0,8.47121683133741e-06
"hmm","P1108_46_SV_T2",0,4.81096161582622e-05
"hmm","P1108_46_SV_T2",0,6.54345593660566e-05
"hmm","P1108_46_SV_T2",0,3.40921335347398e-06
"hmm","P1108_46_SV_T2",0,1.7663354100164e-05
"hmm","P1108_46_SV_T2",0,7.42181967694113e-06
"hmm","P1108_46_SV_T2",0,7.62096654997013e-06
"hmm","P1108_46_SV_T2",0,5.06134344400345e-06
"hmm","P1108_46_SV_T2",0,1.7959405232743e-05
"hmm","P1108_46_SV_T2",0,6.92003273359294e-05
"hmm","P1108_46_SV_T2",0,3.46293192322948e-06
"hmm","P1108_46_SV_T2",0,4.75613094168167e-06
"hmm","P1108_46_SV_T2",0,3.69195618590869e-05
"hmm","P1108_46_SV_T2",0,7.97332489230835e-06
"hmm","P1108_46_SV_T2",0,5.72433094521342e-06
"hmm","P1108_46_SV_T2",0,5.48273435488236e-06
"hmm","P1108_46_SV_T2",0,2.94050486250453e-06
"hmm","P1108_46_SV_T2",0,4.20665420035182e-06
"hmm","P1108_46_SV_T2",0,3.44735511899198e-06
"hmm","P1108_46_SV_T2",0,0.00923408636270969
"hmm","P1108_46_SV_T2",0,0.00128288343279004
"hmm","P1108_46_SV_T2",0,4.58279120114966e-06
"hmm","P1108_46_SV_T2",0,7.72486011321145e-05
"hmm","P1108_46_SV_T2",0,0.659305551352499
"hmm","P1108_46_SV_T2",0,0.00184291092946921
"hmm","P1108_46_SV_T2",0,0.000271757008617515
"hmm","P1108_46_SV_T2",0,0.000657782655069051
"hmm","P1108_46_SV_T2",0,0.007103595553181
"hmm","P1108_46_SV_T2",0,5.27125185035123e-06
"hmm","P1108_46_SV_T2",0,5.24486912503545e-06
"hmm","P1108_46_SV_T2",0,4.81266543255041e-06
"hmm","P1108_46_SV_T2",0,4.79256140166905e-06
"hmm","P1108_46_SV_T2",0,4.07800686532534e-06
"hmm","P1108_46_SV_T2",0,3.85452715937458e-05
"hmm","P1108_46_SV_T2",0,0.000498052236108261
"hmm","P1108_46_SV_T2",0,2.85507458074947e-06
"hmm","P1108_46_SV_T2",0,0.000734094865406774
"hmm","P1108_46_SV_T2",0,0.000630465046449803
"hmm","P1108_46_SV_T2",0,0.15451374947232
"hmm","P1108_46_SV_T2",0,0.837802044919944
"hmm","P1108_46_SV_T2",0,0.984035481309401
"hmm","P1108_46_SV_T2",0,0.999971008307699
"hmm","P1108_46_SV_T2",0,1
"hmm","P1108_46_SV_T2",0,0.999999981079932
"hmm","P1108_46_SV_T2",0,0.999999967235219
"hmm","P1108_46_SV_T2",0,0.987911989961271
"hmm","P1111_41_SV_T4",0,0.774539023302273
"hmm","P1111_41_SV_T4",0,0.999999999992285
"hmm","P1111_41_SV_T4",0,0.997159696552645
"hmm","P1111_41_SV_T4",0,0.965940156744043
"hmm","P1111_41_SV_T4",0,0.981001095942847
"hmm","P1111_41_SV_T4",0,0.000256844164032368
"hmm","P1111_41_SV_T4",0,5.32285510323497e-05
"hmm","P1111_41_SV_T4",0,0.298566378679165
"hmm","P1111_41_SV_T4",0,0.00718532984456968
"hmm","P1111_41_SV_T4",0,0.000628930061948487
"hmm","P1111_41_SV_T4",0,0.183356635980819
"hmm","P1111_41_SV_T4",0,0.210044284251659
"hmm","P1111_41_SV_T4",0,0.00110465695933366
"hmm","P1111_41_SV_T4",0,0.00109459656511771
"hmm","P1111_41_SV_T4",0,9.77352700595142e-05
"hmm","P1111_41_SV_T4",0,1.22164251223981e-05
"hmm","P1111_41_SV_T4",0,2.75552302863172e-05
"hmm","P1111_41_SV_T4",0,4.18708273389298e-05
"hmm","P1111_41_SV_T4",0,1.80875315798089e-05
"hmm","P1111_41_SV_T4",0,1.22604279949338e-05
"hmm","P1111_41_SV_T4",0,0.485092870331454
"hmm","P1111_41_SV_T4",0,0.000980051294855368
"hmm","P1111_41_SV_T4",0,3.43539712777934e-05
"hmm","P1111_41_SV_T4",0,3.15480298258832e-05
"hmm","P1111_41_SV_T4",0,6.30007418819301e-05
"hmm","P1111_41_SV_T4",0,0.999999966904354
"hmm","P1111_41_SV_T4",0,0.999999432443308
"hmm","P1111_41_SV_T4",0,0.185787735391512
"hmm","P1111_41_SV_T4",0,0.860244881325368
"hmm","P1111_41_SV_T4",0,0.000744558832366978
"hmm","P1111_41_SV_T4",0,0.160102628419426
"hmm","P1111_41_SV_T4",0,0.00816568923198702
"hmm","P1111_41_SV_T4",0,0.182645847750285
"hmm","P1111_41_SV_T4",0,0.919899977709535
"hmm","P1111_41_SV_T4",0,0.999999994264433
"hmm","P1111_41_SV_T4",0,0.999979668152485
"hmm","P1111_41_SV_T4",0,0.0179635562414
"hmm","P1111_41_SV_T4",0,1
"hmm","P1111_41_SV_T4",1,1
"hmm","P1111_41_SV_T4",0,0.0333579473129501
"hmm","P1111_41_SV_T4",0,0.803937896087282
"hmm","P1111_41_SV_T4",0,1.18388710426076e-05
"hmm","P1111_41_SV_T4",0,0.00604370049176131
"hmm","P1111_41_SV_T4",0,3.156285863351e-05
"hmm","P1111_41_SV_T4",0,5.90863634911991e-05
"hmm","P1111_41_SV_T4",0,4.85989661753343e-05
"hmm","P1111_41_SV_T4",0,3.86114456254838e-05
"hmm","P1111_41_SV_T4",0,0.000125810106136487
"hmm","P1111_41_SV_T4",0,0.000115460249049022
"hmm","P1111_41_SV_T4",0,0.00123578321272358
"hmm","P1111_41_SV_T4",0,0.999999995800662
"hmm","P1111_41_SV_T4",0,0.999875225018371
"hmm","P1111_41_SV_T4",0,0.0417678551282331
"hmm","P1111_41_SV_T4",0,0.996532988125939
"hmm","P1111_41_SV_T4",0,0.00207772142708474
"hmm","P1111_41_SV_T4",0,0.163764938900299
"hmm","P1111_41_SV_T4",0,0.999785047429093
"hmm","P1111_41_SV_T4",0,2.37686799630016e-05
"hmm","P1111_41_SV_T4",0,8.71530768024445e-06
"hmm","P1111_41_SV_T4",0,0.00449202217393158
"hmm","P1111_41_SV_T4",0,0.0016433462482393
"hmm","P1111_41_SV_T4",0,0.000245978983402114
"hmm","P1111_41_SV_T4",0,0.00103801938057404
"hmm","P1111_41_SV_T4",0,0.00589479768494691
"hmm","P1111_41_SV_T4",0,0.174262703267432
"hmm","P1111_41_SV_T4",0,0.110691736291404
"hmm","P1111_41_SV_T4",0,0.0144620757413393
"hmm","P1111_41_SV_T4",0,0.999970061188733
"hmm","P1111_41_SV_T4",0,0.999999994079498
"hmm","P1111_41_SV_T4",0,0.999959740522665
"hmm","P1111_41_SV_T4",0,0.0456005108473247
"hmm","P1111_41_SV_T4",0,1
"hmm","P1111_41_SV_T4",1,1
"hmm","P1111_41_SV_T4",0,0.063328205668049
"hmm","P1111_41_SV_T4",0,0.00027465710325368
"hmm","P1111_41_SV_T4",0,0.000283759379343407
"hmm","P1111_41_SV_T4",0,3.82689805310646e-05
"hmm","P1111_41_SV_T4",0,6.51361881346278e-05
"hmm","P1111_41_SV_T4",0,0.00010853870645641
"hmm","P1111_41_SV_T4",0,1.94615857433195e-05
"hmm","P1111_41_SV_T4",0,0.919629470296212
"hmm","P1111_41_SV_T4",0,0.484664870271636
"hmm","P1111_41_SV_T4",0,0.880546413947118
"hmm","P1111_41_SV_T4",0,1
"hmm","P1111_41_SV_T4",1,1
"hmm","P1111_41_SV_T4",0,1
"hmm","P1111_41_SV_T4",0,0.764311381782768
"hmm","P1111_41_SV_T4",0,1
"hmm","P1111_41_SV_T4",1,1
"hmm","P1111_41_SV_T4",0,0.999420813064059
"hmm","P1111_41_SV_T4",0,0.976729620871132
"hmm","P1111_41_SV_T4",0,0.0037106740073736
"hmm","P1111_41_SV_T4",0,0.948768516679401
"hmm","P1111_41_SV_T4",0,1
"hmm","P1111_41_SV_T4",0,0.97749343295883
"hmm","P1111_41_SV_T4",0,0.11153991452071
"hmm","P1111_41_SV_T4",0,0.00115166761962428
"hmm","P1111_41_SV_T4",0,1.56937180595059e-05
"hmm","P1111_41_SV_T4",0,6.77423595153408e-05
"hmm","P1111_41_SV_T4",0,5.03639733718601e-06
"hmm","P1111_41_SV_T4",0,0.0632415718808186
"hmm","P1111_41_SV_T4",0,0.000141167948360961
"hmm","P1111_41_SV_T4",0,0.0311888701504699
"hmm","P1111_41_SV_T4",0,0.978649774257715
"hmm","P1111_41_SV_T4",0,1
"hmm","P1111_41_SV_T4",0,0.00594186113068087
"hmm","P1111_41_SV_T4",0,0.773125790050254
"hmm","P1111_41_SV_T4",0,0.00104218636659242
"hmm","P1111_41_SV_T4",0,0.325895624606062
"hmm","P1111_41_SV_T4",0,0.00329129180991894
"hmm","P1111_41_SV_T4",0,0.999995982773259
"hmm","P1111_41_SV_T4",0,1
"hmm","P1111_41_SV_T4",1,1
"hmm","P1111_41_SV_T4",0,0.999999746573934
"hmm","P1111_41_SV_T4",0,0.999999988573239
"hmm","P1111_41_SV_T4",0,0.999999998497015
"hmm","P1111_41_SV_T4",1,1
"hmm","P1111_41_SV_T4",1,0.999972857183953
"hmm","P1111_41_SV_T4",0,0.506172989300304
"hmm","P1111_41_SV_T4",0,0.999993893630333
"hmm","P1111_41_SV_T4",0,0.0586651739004476
"hmm","P1111_41_SV_T4",0,1
"hmm","P1111_41_SV_T4",0,0.983175734408551
"hmm","P1111_41_SV_T4",0,0.845881406124789
"hmm","P1111_41_SV_T4",0,1
"hmm","P1111_41_SV_T4",0,0.999999999999976
"hmm","P1111_41_SV_T4",0,0.0373995495167241
"hmm","P1111_41_SV_T4",0,0.999448465734817
"hmm","P1111_41_SV_T4",0,0.999999999988111
"hmm","P1111_41_SV_T4",0,0.99999999999998
"hmm","P1111_41_SV_T4",0,1
"hmm","P1111_41_SV_T4",0,0.999892988430208
"hmm","P1111_41_SV_T4",0,0.724708303342169
"hmm","P1111_41_SV_T4",0,1
"hmm","P1111_41_SV_T4",0,0.999965727648997
"hmm","P1111_41_SV_T4",0,0.000913428320466926
"hmm","P1111_41_SV_T4",0,0.00184968085872518
"hmm","P1111_41_SV_T4",0,0.00184814947492065
"hmm","P1111_41_SV_T4",0,0.0117487379675252
"hmm","P1111_41_SV_T4",0,0.00611575965467704
"hmm","P1111_41_SV_T4",0,0.0145211506384795
"hmm","P1111_41_SV_T4",0,0.151067089690306
"hmm","P1111_41_SV_T4",0,0.989137808516511
"hmm","P1111_41_SV_T4",0,0.527353604774434
"hmm","P1111_41_SV_T4",0,0.00403053976799216
"hmm","P1111_41_SV_T4",0,6.24489593958913e-06
"hmm","P1111_41_SV_T4",0,0.385382450268895
"hmm","P1111_41_SV_T4",0,0.00306077707525654
"hmm","P1111_41_SV_T4",0,1.09199073767811e-05
"hmm","P1111_41_SV_T4",0,0.000300598046083624
"hmm","P1111_41_SV_T4",0,0.999999956190932
"hmm","P1111_41_SV_T4",0,0.00675370367515951
"hmm","P1111_41_SV_T4",0,0.00165841591918062
"hmm","P1111_41_SV_T4",0,1.07125618618019e-05
"hmm","P1111_41_SV_T4",0,0.119992808323526
"hmm","P1111_41_SV_T4",0,6.51253724739002e-06
"hmm","P1111_41_SV_T4",0,0.000750926135796011
"hmm","P1111_41_SV_T4",0,0.00108165812329199
"hmm","P1111_41_SV_T4",0,0.0134470798769716
"hmm","P1111_41_SV_T4",0,0.0010816054526179
"hmm","P1111_41_SV_T4",0,0.999999994339454
"hmm","P1111_41_SV_T4",0,0.510201604659663
"hmm","P1111_41_SV_T4",0,0.953061714272268
"hmm","P1111_41_SV_T4",0,0.709868460386081
"hmm","P1111_41_SV_T4",0,0.0103516191612566
"hmm","P1111_41_SV_T4",0,0.22714689571719
"hmm","P1111_41_SV_T4",0,0.0144854667670213
"hmm","P1111_41_SV_T4",0,0.734859567511532
"hmm","P1111_41_SV_T4",0,0.997960063687924
"hmm","P1111_41_SV_T4",0,0.0552531478124532
"hmm","P1111_41_SV_T4",0,0.00301451645925397
"hmm","P1111_41_SV_T4",0,0.999997822723854
"hmm","P1111_41_SV_T4",0,0.999999999995311
"hmm","P1111_41_SV_T4",0,0.0105535487419308
"hmm","P1111_41_SV_T4",0,0.000282638777157339
"hmm","P1111_41_SV_T4",0,1.50615435837403e-05
"hmm","P1111_41_SV_T4",0,0.000778340697898483
"hmm","P1111_41_SV_T4",0,0.000133989971560548
"hmm","P1111_41_SV_T4",0,0.000180859535492302
"hmm","P1111_41_SV_T4",0,0.633204037916292
"hmm","P1111_41_SV_T4",0,0.112891904194555
"hmm","P1111_41_SV_T4",0,0.0145635695734025
"hmm","P1111_41_SV_T4",0,0.00824641315697709
"hmm","P1111_41_SV_T4",0,0.00299343427071626
"hmm","P1111_41_SV_T4",0,0.36921605238002
"hmm","P1111_41_SV_T4",0,5.19195426527064e-05
"hmm","P1111_41_SV_T4",0,0.999999999868913
"hmm","P1111_41_SV_T4",0,0.00710717632819763
"hmm","P1111_41_SV_T4",0,0.000709723278967367
"hmm","P1111_41_SV_T4",0,0.999954664189408
"hmm","P1111_41_SV_T4",0,0.0748656129354853
"hmm","P1111_41_SV_T4",0,0.986552408238821
"hmm","P1111_41_SV_T4",0,0.103604491374223
"hmm","P1111_41_SV_T4",0,0.821578480615137
"hmm","P1111_41_SV_T4",0,0.000691191234116331
"hmm","P1111_41_SV_T4",0,0.999899440882409
"hmm","P1111_41_SV_T4",0,0.999634068245357
"hmm","P1111_41_SV_T4",0,1
"hmm","P1111_41_SV_T4",0,0.872558539264784
"hmm","P1111_41_SV_T4",0,0.00400986145611964
"hmm","P1111_41_SV_T4",0,0.999459493916005
"hmm","P1111_41_SV_T4",0,0.631900702757439
"hmm","P1111_41_SV_T4",0,0.000282988576150239
"hmm","P1111_41_SV_T4",0,0.625069757805382
"hmm","P1111_41_SV_T4",0,0.999999999746428
"hmm","P1111_41_SV_T4",0,0.999999953716366
"hmm","P1111_41_SV_T4",0,0.00675459157467105
"hmm","P1111_41_SV_T4",0,0.999999998131151
"hmm","P1111_41_SV_T4",0,0.0125618278236481
"hmm","P1111_41_SV_T4",0,0.0297158248827354
"hmm","P1111_41_SV_T4",0,0.287086688972019
"hmm","P1111_41_SV_T4",0,0.000866366655052942
"hmm","P1111_41_SV_T4",0,0.000321531608373872
"hmm","P1111_41_SV_T4",0,0.00881231016892443
"hmm","P1111_41_SV_T4",0,0.000524046716978667
"hmm","P1111_41_SV_T4",0,0.99999998624236
"hmm","P1111_41_SV_T4",0,0.34531011760405
"hmm","P1111_41_SV_T4",0,0.97489934106948
"hmm","P1111_41_SV_T4",0,0.113191088503306
"hmm","P1111_41_SV_T4",0,0.979005086398165
"hmm","P1111_41_SV_T4",0,0.335879894880324
"hmm","P1111_41_SV_T4",0,0.00501377573182426
"hmm","P1111_41_SV_T4",0,0.332980806922035
"hmm","P1111_41_SV_T4",0,0.128190653622994
"hmm","P1111_41_SV_T4",0,0.957814202400971
"hmm","P1111_41_SV_T4",0,0.733750330483677
"hmm","P1111_41_SV_T4",0,0.000399276353202049
"hmm","P1111_41_SV_T4",0,0.00075024156135336
"hmm","P1111_41_SV_T4",0,0.00663461084473767
"hmm","P1111_41_SV_T4",0,0.0100048650547228
"hmm","P1111_41_SV_T4",0,0.270944425273544
"hmm","P1111_41_SV_T4",0,0.0765577945802013
"hmm","P1111_41_SV_T4",0,0.00106956384817919
"hmm","P1111_41_SV_T4",0,0.000449749730965807
"hmm","P1111_41_SV_T4",0,0.000261083638904581
"hmm","P1111_41_SV_T4",0,0.999999487830765
"hmm","P1111_41_SV_T4",0,0.926371643407746
"hmm","P1111_41_SV_T4",0,0.998924625290335
"hmm","P1111_41_SV_T4",0,0.0761702816757821
"hmm","P1111_41_SV_T4",0,0.735038305033702
"hmm","P1111_41_SV_T4",0,0.428915802761885
"hmm","P1111_41_SV_T4",0,0.0254781199561183
"hmm","P1111_41_SV_T4",0,0.0883784266747701
"hmm","P1111_41_SV_T4",0,0.999978010140071
"hmm","P1111_41_SV_T4",0,0.999999999999879
"hmm","P1111_41_SV_T4",0,1
"hmm","P1111_41_SV_T4",0,0.000592732273521487
"hmm","P1111_41_SV_T4",0,0.000996187255858834
"hmm","P1111_41_SV_T4",0,0.00145853240226588
"hmm","P1111_41_SV_T4",0,0.00579850500219831
"hmm","P1111_41_SV_T4",0,0.000853680295397561
"hmm","P1111_41_SV_T4",0,0.00205045069231798
"hmm","P1111_41_SV_T4",0,0.999999999968705
"hmm","P1111_41_SV_T4",0,0.101637140846351
"hmm","P1111_41_SV_T4",0,0.00150346917947072
"hmm","P1111_41_SV_T4",0,0.00297716485026793
"hmm","P1111_41_SV_T4",0,0.0456176897345805
"hmm","P1111_41_SV_T4",0,0.993816675873305
"hmm","P1111_41_SV_T4",0,1
"hmm","P1111_41_SV_T4",0,0.999999926055568
"hmm","P1111_41_SV_T4",0,0.999639471538271
"hmm","P1111_41_SV_T4",0,1
"hmm","P1111_41_SV_T4",0,0.999999973802838
"hmm","P1111_41_SV_T4",0,0.999999367995228
"hmm","P1111_41_SV_T4",0,1
"hmm","P1111_41_SV_T4",0,1
"hmm","P1111_41_SV_T4",0,0.999541411647776
"hmm","P1111_41_SV_T4",0,0.998960346436988
"hmm","P1112_10_SV_T2",0,0.999760480020462
"hmm","P1112_10_SV_T2",0,0.0272316618184597
"hmm","P1112_10_SV_T2",0,7.95489815333562e-05
"hmm","P1112_10_SV_T2",0,3.99228814677281e-05
"hmm","P1112_10_SV_T2",0,2.72556960775848e-05
"hmm","P1112_10_SV_T2",0,1.45451322238707e-05
"hmm","P1112_10_SV_T2",0,7.54871757185145e-05
"hmm","P1112_10_SV_T2",0,1.33495689174257e-05
"hmm","P1112_10_SV_T2",0,0.000159999639224012
"hmm","P1112_10_SV_T2",0,0.000203950092550359
"hmm","P1112_10_SV_T2",0,0.000601923599852125
"hmm","P1112_10_SV_T2",0,0.00032036380540328
"hmm","P1112_10_SV_T2",0,0.000624794581404877
"hmm","P1112_10_SV_T2",0,0.000399150895966226
"hmm","P1112_10_SV_T2",0,0.00035233999219721
"hmm","P1112_10_SV_T2",0,0.000691953589246598
"hmm","P1112_10_SV_T2",0,0.000857967327015829
"hmm","P1112_10_SV_T2",0,0.000159751637195385
"hmm","P1112_10_SV_T2",0,0.000187617116252859
"hmm","P1112_10_SV_T2",0,0.000437463875362654
"hmm","P1112_10_SV_T2",0,0.0194888769360212
"hmm","P1112_10_SV_T2",0,0.0136745073254693
"hmm","P1112_10_SV_T2",0,0.00914985433050276
"hmm","P1112_10_SV_T2",0,0.000835934248502483
"hmm","P1112_10_SV_T2",0,0.00038174844312402
"hmm","P1112_10_SV_T2",0,0.00323165449050894
"hmm","P1112_10_SV_T2",0,0.000590088244639787
"hmm","P1112_10_SV_T2",0,0.00210040615022751
"hmm","P1112_10_SV_T2",0,0.00252907908874479
"hmm","P1112_10_SV_T2",0,0.00110033296034222
"hmm","P1112_10_SV_T2",0,0.000965202148194363
"hmm","P1112_10_SV_T2",0,0.00158745992614569
"hmm","P1112_10_SV_T2",0,0.000295002792087253
"hmm","P1112_10_SV_T2",0,0.000269881079202236
"hmm","P1112_10_SV_T2",0,0.000184246096075049
"hmm","P1112_10_SV_T2",0,0.000321212684818587
"hmm","P1112_10_SV_T2",0,0.00113431845358866
"hmm","P1112_10_SV_T2",0,4.54702597159428e-05
"hmm","P1112_10_SV_T2",0,6.72654595162752e-05
"hmm","P1112_10_SV_T2",0,0.000196457766903372
"hmm","P1112_10_SV_T2",0,0.000958859313212807
"hmm","P1112_10_SV_T2",0,2.91391709085722e-05
"hmm","P1112_10_SV_T2",0,0.000132581470222671
"hmm","P1112_10_SV_T2",0,0.000264438257294454
"hmm","P1112_10_SV_T2",0,0.000147640021364562
"hmm","P1112_10_SV_T2",0,0.000135851642583022
"hmm","P1112_10_SV_T2",0,0.000757333863815526
"hmm","P1112_10_SV_T2",0,0.000305383862322521
"hmm","P1112_10_SV_T2",0,0.000353477358562922
"hmm","P1112_10_SV_T2",0,0.000355322448802851
"hmm","P1112_10_SV_T2",0,0.00119034015272804
"hmm","P1112_10_SV_T2",0,0.968938912852433
"hmm","P1112_10_SV_T2",0,0.963420792302574
"hmm","P1112_10_SV_T2",0,0.00138940730860012
"hmm","P1112_10_SV_T2",0,0.000481892116149077
"hmm","P1112_10_SV_T2",0,0.00185652512086397
"hmm","P1112_10_SV_T2",0,0.000257538996080255
"hmm","P1112_10_SV_T2",0,0.000226748034644315
"hmm","P1112_10_SV_T2",0,0.234332780052977
"hmm","P1112_10_SV_T2",0,0.00243006931539536
"hmm","P1112_10_SV_T2",0,0.000270922828549737
"hmm","P1112_10_SV_T2",0,0.0118633241485859
"hmm","P1112_10_SV_T2",0,0.000306989202330355
"hmm","P1112_10_SV_T2",0,0.000225738239722269
"hmm","P1112_10_SV_T2",0,0.000386565930436838
"hmm","P1112_10_SV_T2",0,0.0015203713308414
"hmm","P1112_10_SV_T2",0,0.000589069853360337
"hmm","P1112_10_SV_T2",0,5.78853443743607e-05
"hmm","P1112_10_SV_T2",0,0.00176449569479594
"hmm","P1112_10_SV_T2",0,0.000236459342051868
"hmm","P1112_10_SV_T2",0,0.000340198193761613
"hmm","P1112_10_SV_T2",0,0.000565157082319493
"hmm","P1112_10_SV_T2",0,0.000209837798855243
"hmm","P1112_10_SV_T2",0,0.000958405764421452
"hmm","P1112_10_SV_T2",0,0.0271389864285597
"hmm","P1112_10_SV_T2",0,0.500186300282109
"hmm","P1112_10_SV_T2",0,0.00178796938140811
"hmm","P1112_10_SV_T2",0,0.00130039743256126
"hmm","P1112_10_SV_T2",0,0.00261314702564944
"hmm","P1112_10_SV_T2",0,0.000275393150055495
"hmm","P1112_10_SV_T2",0,0.000268363607175206
"hmm","P1112_10_SV_T2",0,0.00614963961125454
"hmm","P1112_10_SV_T2",0,0.00043834541036234
"hmm","P1112_10_SV_T2",0,0.000292880317608861
"hmm","P1112_10_SV_T2",0,0.000355986387742408
"hmm","P1112_10_SV_T2",0,0.000896545090247553
"hmm","P1112_10_SV_T2",0,0.000360803420554319
"hmm","P1112_10_SV_T2",0,0.00563402411215574
"hmm","P1112_10_SV_T2",0,0.011155376954073
"hmm","P1112_10_SV_T2",0,0.000292843788823493
"hmm","P1112_10_SV_T2",0,0.011120784151743
"hmm","P1112_10_SV_T2",0,0.00119011604562391
"hmm","P1112_10_SV_T2",0,0.000369950866095354
"hmm","P1112_10_SV_T2",0,0.000612551551045074
"hmm","P1112_10_SV_T2",0,7.27655815475524e-06
"hmm","P1112_10_SV_T2",0,0.000234705165404056
"hmm","P1112_10_SV_T2",0,0.000136832306442923
"hmm","P1112_10_SV_T2",0,0.0010172986700144
"hmm","P1112_10_SV_T2",0,0.000480199670038287
"hmm","P1112_10_SV_T2",0,0.121369766330218
"hmm","P1112_10_SV_T2",0,2.78765653526123e-05
"hmm","P1112_10_SV_T2",0,3.46519824560307e-05
"hmm","P1112_10_SV_T2",0,0.00071650945039056
"hmm","P1112_10_SV_T2",0,0.000532860646847604
"hmm","P1112_10_SV_T2",0,4.75699380510007e-05
"hmm","P1112_10_SV_T2",0,1.31568053974157e-05
"hmm","P1112_10_SV_T2",0,0.00238339608658466
"hmm","P1112_10_SV_T2",0,0.00024115527516296
"hmm","P1112_10_SV_T2",0,0.663957836799464
"hmm","P1112_10_SV_T2",0,1
"hmm","P1112_10_SV_T2",0,0.00116710557360544
"hmm","P1112_10_SV_T2",0,0.0228931143403741
"hmm","P1112_10_SV_T2",0,0.0182809527323565
"hmm","P1112_10_SV_T2",1,1
"hmm","P1112_10_SV_T2",0,0.00829674674579862
"hmm","P1112_10_SV_T2",0,0.000758286608190217
"hmm","P1112_10_SV_T2",0,0.000183952451355664
"hmm","P1112_10_SV_T2",0,0.00037190342843593
"hmm","P1112_10_SV_T2",0,0.000506090161018883
"hmm","P1112_10_SV_T2",0,0.000304586684279656
"hmm","P1112_10_SV_T2",0,0.000782438334505139
"hmm","P1112_10_SV_T2",0,0.971909547992967
"hmm","P1112_10_SV_T2",0,0.157262603309236
"hmm","P1112_10_SV_T2",0,0.000597751636465365
"hmm","P1112_10_SV_T2",0,0.000358784022945531
"hmm","P1112_10_SV_T2",0,0.000376911094461897
"hmm","P1112_10_SV_T2",0,0.00024197261969044
"hmm","P1112_10_SV_T2",0,0.00083402106928398
"hmm","P1112_10_SV_T2",0,1
"hmm","P1112_10_SV_T2",0,0.99999009552502
"hmm","P1112_10_SV_T2",0,0.00075981392104164
"hmm","P1112_10_SV_T2",0,0.0276302796149657
"hmm","P1112_10_SV_T2",0,0.00236663830509238
"hmm","P1112_10_SV_T2",0,0.000478291883440908
"hmm","P1112_10_SV_T2",0,0.000529204119736635
"hmm","P1112_10_SV_T2",0,0.000235949967172679
"hmm","P1112_10_SV_T2",0,0.000223927272704511
"hmm","P1112_10_SV_T2",0,0.00197810692973426
"hmm","P1112_10_SV_T2",0,0.000483135229470477
"hmm","P1112_10_SV_T2",0,0.00125362491631136
"hmm","P1112_10_SV_T2",0,0.000532986469137773
"hmm","P1112_10_SV_T2",0,0.000392115010915208
"hmm","P1112_10_SV_T2",0,0.000283460447523378
"hmm","P1112_10_SV_T2",0,0.000409402964877915
"hmm","P1112_10_SV_T2",0,0.844862916135771
"hmm","P1112_10_SV_T2",1,1
"hmm","P1112_10_SV_T2",0,0.999337192423235
"hmm","P1112_10_SV_T2",0,1
"hmm","P1112_10_SV_T2",0,0.99999975246281
"hmm","P1112_10_SV_T2",0,0.999999999999996
"hmm","P1112_10_SV_T2",0,0.000384243297055462
"hmm","P1112_10_SV_T2",0,0.999999999999969
"hmm","P1112_10_SV_T2",0,0.999999999999949
"hmm","P1112_10_SV_T2",0,0.866646492873499
"hmm","P1112_10_SV_T2",0,0.848876974559033
"hmm","P1112_10_SV_T2",0,0.974944509633123
"hmm","P1112_10_SV_T2",0,0.520467760652704
"hmm","P1112_10_SV_T2",0,1
"hmm","P1112_10_SV_T2",0,0.0804472678572354
"hmm","P1112_10_SV_T2",0,1
"hmm","P1112_10_SV_T2",0,0.963686544804394
"hmm","P1112_10_SV_T2",0,0.027238358979803
"hmm","P1112_10_SV_T2",0,0.999999028966911
"hmm","P1112_10_SV_T2",0,0.999771101137724
"hmm","P1112_10_SV_T2",0,0.445105790682097
"hmm","P1112_10_SV_T2",0,0.929078886306126
"hmm","P1112_10_SV_T2",0,0.848348184461909
"hmm","P1112_10_SV_T2",0,0.994365032068019
"hmm","P1112_10_SV_T2",0,0.98703319245862
"hmm","P1112_10_SV_T2",0,0.756798420794594
"hmm","P1112_10_SV_T2",0,0.474777678273808
"hmm","P1112_10_SV_T2",0,0.00769021588244091
"hmm","P1112_10_SV_T2",0,0.989381753640858
"hmm","P1112_10_SV_T2",0,0.000752364335605606
"hmm","P1112_10_SV_T2",0,0.000617410368532673
"hmm","P1112_10_SV_T2",0,0.0602583617942494
"hmm","P1112_10_SV_T2",1,1
"hmm","P1112_10_SV_T2",0,0.00175640340101438
"hmm","P1112_10_SV_T2",0,0.00551368502327198
"hmm","P1112_10_SV_T2",0,0.999999999992976
"hmm","P1112_10_SV_T2",1,1
"hmm","P1112_10_SV_T2",0,0.0100506089394018
"hmm","P1112_10_SV_T2",0,0.0199165013975998
"hmm","P1112_10_SV_T2",0,0.0159785155700848
"hmm","P1112_10_SV_T2",0,0.117341516993109
"hmm","P1112_10_SV_T2",0,1
"hmm","P1112_10_SV_T2",0,0.00106012082362164
"hmm","P1112_10_SV_T2",0,0.00199820707043334
"hmm","P1112_10_SV_T2",0,0.027754171530747
"hmm","P1112_10_SV_T2",1,1
"hmm","P1112_10_SV_T2",0,0.0188208497303205
"hmm","P1112_10_SV_T2",0,0.000248248791319957
"hmm","P1112_10_SV_T2",0,0.00026767704507436
"hmm","P1112_10_SV_T2",0,0.000804153894874697
"hmm","P1112_10_SV_T2",0,1.48156408583428e-05
"hmm","P1112_10_SV_T2",0,3.01104612955092e-05
"hmm","P1112_10_SV_T2",0,8.25998833672719e-05
"hmm","P1112_10_SV_T2",0,7.59398645958728e-05
"hmm","P1112_10_SV_T2",0,0.66852670738393
"hmm","P1112_10_SV_T2",0,0.00617237374083283
"hmm","P1112_10_SV_T2",0,8.87255986008265e-06
"hmm","P1112_10_SV_T2",0,1
"hmm","P1112_10_SV_T2",1,1
"hmm","P1112_10_SV_T2",0,1
"hmm","P1112_10_SV_T2",0,0.999958094386113
"hmm","P1112_10_SV_T2",0,0.00363376712075767
"hmm","P1112_10_SV_T2",0,0.00112143816950662
"hmm","P1112_10_SV_T2",0,0.00506775585116631
"hmm","P1112_10_SV_T2",0,0.000238908933733292
"hmm","P1112_10_SV_T2",0,0.00128703024428264
"hmm","P1112_10_SV_T2",0,0.000267230119995724
"hmm","P1112_10_SV_T2",0,0.999999999957405
"hmm","P1112_10_SV_T2",0,0.997228473380146
"hmm","P1112_10_SV_T2",0,1
"hmm","P1112_10_SV_T2",0,1
"hmm","P1112_10_SV_T2",0,0.519681116722151
"hmm","P1112_10_SV_T2",0,0.999999999999998
"hmm","P1112_10_SV_T2",0,1
"hmm","P1112_10_SV_T2",0,0.000357589438211935
"hmm","P1112_10_SV_T2",0,0.000113174180334269
"hmm","P1112_10_SV_T2",0,0.00108029924848012
"hmm","P1112_10_SV_T2",0,0.00628212046536699
"hmm","P1112_10_SV_T2",0,0.000193016600025941
"hmm","P1112_10_SV_T2",0,3.36400946368882e-05
"hmm","P1112_10_SV_T2",0,1.91697114629675e-05
"hmm","P1112_10_SV_T2",0,0.00496491040551228
"hmm","P1112_10_SV_T2",0,0.000695567943616165
"hmm","P1112_10_SV_T2",0,8.25728996939999e-06
"hmm","P1112_10_SV_T2",0,9.10648384906393e-05
"hmm","P1112_10_SV_T2",0,0.000808720651549866
"hmm","P1112_10_SV_T2",0,0.00115856228090334
"hmm","P1112_10_SV_T2",0,0.0586435395958371
"hmm","P1112_10_SV_T2",0,0.00194834198354822
"hmm","P1112_10_SV_T2",0,0.000168364883812284
"hmm","P1112_10_SV_T2",0,3.8155793700258e-05
"hmm","P1112_10_SV_T2",0,3.38363094185726e-05
"hmm","P1112_10_SV_T2",0,0.0172032341894364
"hmm","P1112_10_SV_T2",0,0.00535336098272825
"hmm","P1112_10_SV_T2",0,1.77166147730891e-05
"hmm","P1112_10_SV_T2",0,2.37489782441759e-05
"hmm","P1112_10_SV_T2",0,0.0011136299299231
"hmm","P1112_10_SV_T2",0,0.00332309704140218
"hmm","P1112_10_SV_T2",0,0.00353627145417265
"hmm","P1112_10_SV_T2",0,0.00729244045894919
"hmm","P1112_10_SV_T2",0,5.95272209706442e-06
"hmm","P1112_10_SV_T2",0,0.000595259403460289
"hmm","P1112_10_SV_T2",0,0.00372295391924714
"hmm","P1112_10_SV_T2",0,0.0008102396915622
"hmm","P1112_10_SV_T2",0,0.00683634002925373
"hmm","P1112_10_SV_T2",0,0.000445685904309275
"hmm","P1112_10_SV_T2",0,4.3222539281603e-05
"hmm","P1112_10_SV_T2",0,0.000337684571551942
"hmm","P1112_10_SV_T2",0,0.00113393563453178
"hmm","P1112_10_SV_T2",0,1.81048582809545e-05
"hmm","P1112_10_SV_T2",0,1.25449558279603e-05
"hmm","P1112_10_SV_T2",0,0.000254942386054437
"hmm","P1112_10_SV_T2",0,0.00150893568712959
"hmm","P1112_10_SV_T2",0,0.00167676336673971
"hmm","P1112_10_SV_T2",0,0.00226003371283061
"hmm","P1112_10_SV_T2",0,4.39369681287208e-05
"hmm","P1112_10_SV_T2",0,4.96446546663822e-06
"hmm","P1112_10_SV_T2",0,2.45456191679808e-05
"hmm","P1112_10_SV_T2",0,0.00424047709947275
"hmm","P1112_10_SV_T2",0,0.000902558732555434
"hmm","P1112_10_SV_T2",0,0.139177231761456
"hmm","P1112_10_SV_T2",0,0.999641766236503
"hmm","P1112_10_SV_T2",0,1.49542485996997e-05
"hmm","P1112_10_SV_T2",0,3.62899978273122e-06
"hmm","P1112_10_SV_T2",0,1.1553467809447e-05
"hmm","P1112_10_SV_T2",0,1.9452382447018e-05
"hmm","P1112_10_SV_T2",0,0.000101811333484882
"hmm","P1112_10_SV_T2",0,1.66197808126037e-05
"hmm","P1112_10_SV_T2",0,3.7433924645865e-06
"hmm","P1112_10_SV_T2",0,5.3554743915383e-05
"hmm","P1112_10_SV_T2",0,3.71266242179709e-06
"hmm","P1112_10_SV_T2",0,0.0118858674848072
"hmm","P1112_10_SV_T2",0,0.00553945779264847
"hmm","P1112_10_SV_T2",0,0.000537207788576893
"hmm","P1112_10_SV_T2",0,3.47795360829582e-05
"hmm","P1112_10_SV_T2",0,4.64632618052441e-06
"hmm","P1112_10_SV_T2",0,0.000287886550038131
"hmm","P1112_10_SV_T2",0,0.00310065439070863
"hmm","P1112_10_SV_T2",0,0.0637663610404123
"hmm","P1112_10_SV_T2",0,1.48347298823533e-05
"hmm","P1112_10_SV_T2",0,1.55396176558585e-05
"hmm","P1112_10_SV_T2",0,0.00173234571744902
"hmm","P1112_10_SV_T2",0,0.000481950729333059
"hmm","P1112_10_SV_T2",0,1.92670584976098e-05
"hmm","P1112_10_SV_T2",0,0.000828206405199761
"hmm","P1112_10_SV_T2",0,0.000469430458274736
"hmm","P1112_10_SV_T2",0,0.000379199220725282
"hmm","P1112_10_SV_T2",0,0.000385070591618684
"hmm","P1112_10_SV_T2",0,0.00515213251590686
"hmm","P1112_10_SV_T2",0,0.000387257821647215
"hmm","P1112_10_SV_T2",0,0.0534421538306175
"hmm","P1112_10_SV_T2",0,0.00122589110338333
"hmm","P1112_10_SV_T2",0,0.0991008599425758
"hmm","P1112_10_SV_T2",0,0.00441753147772459
"hmm","P1112_10_SV_T2",0,0.00663755907000607
"hmm","P1112_10_SV_T2",0,6.24018004021014e-06
"hmm","P1112_10_SV_T2",0,0.169511660041915
"hmm","P1112_10_SV_T2",0,0.000268613212363899
"hmm","P1112_10_SV_T2",0,0.00020661732574218
"hmm","P1112_10_SV_T2",0,0.00132913774776065
"hmm","P1112_10_SV_T2",0,0.00230841372913444
"hmm","P1112_10_SV_T2",0,0.000794999346339947
"hmm","P1112_10_SV_T2",0,0.000477877243765049
"hmm","P1112_10_SV_T2",0,0.000610082479285137
"hmm","P1112_10_SV_T2",0,0.000317261620113466
"hmm","P1112_10_SV_T2",0,8.97526977692941e-05
"hmm","P1112_10_SV_T2",0,1.55730178797194e-05
"hmm","P1112_10_SV_T2",0,2.78075168171987e-05
"hmm","P1112_10_SV_T2",0,4.54891517144778e-06
"hmm","P1112_10_SV_T2",0,4.26982029717797e-06
"hmm","P1112_10_SV_T2",0,0.00105210283369855
"hmm","P1112_10_SV_T2",0,0.204776531245998
"hmm","P1112_10_SV_T2",0,0.000741165949878071
"hmm","P1112_10_SV_T2",0,0.428428070498236
"hmm","P1112_10_SV_T2",0,0.999999999999689
"hmm","P1112_15_SV_T3",0,0.845180805636785
"hmm","P1112_15_SV_T3",0,0.999999807273955
"hmm","P1112_15_SV_T3",0,0.112973318291983
"hmm","P1112_15_SV_T3",0,0.0664552859639291
"hmm","P1112_15_SV_T3",0,0.00478710415335236
"hmm","P1112_15_SV_T3",0,0.999999987605811
"hmm","P1112_15_SV_T3",0,0.999998834679532
"hmm","P1112_15_SV_T3",0,0.999713478023926
"hmm","P1112_15_SV_T3",0,0.000317475293842261
"hmm","P1112_15_SV_T3",0,0.00279586057010203
"hmm","P1112_15_SV_T3",0,3.94277217203321e-06
"hmm","P1112_15_SV_T3",0,3.5047077244757e-06
"hmm","P1112_15_SV_T3",0,2.69376780996306e-06
"hmm","P1112_15_SV_T3",0,3.96925767162949e-06
"hmm","P1112_15_SV_T3",0,4.32412815514838e-06
"hmm","P1112_15_SV_T3",0,2.63627960926483e-05
"hmm","P1112_15_SV_T3",0,0.0163960556939157
"hmm","P1112_15_SV_T3",0,8.59196715429017e-05
"hmm","P1112_15_SV_T3",0,3.85185992412878e-06
"hmm","P1112_15_SV_T3",0,3.88774781679792e-06
"hmm","P1112_15_SV_T3",0,1.44864773921562e-05
"hmm","P1112_15_SV_T3",0,3.98987893622664e-06
"hmm","P1112_15_SV_T3",0,3.39533011738262e-06
"hmm","P1112_15_SV_T3",0,3.07248074759527e-06
"hmm","P1112_15_SV_T3",0,8.73616818445917e-06
"hmm","P1112_15_SV_T3",0,3.64609359856911e-06
"hmm","P1112_15_SV_T3",0,3.34278840798456e-06
"hmm","P1112_15_SV_T3",0,3.24232845052352e-06
"hmm","P1112_15_SV_T3",0,2.24197291992238e-06
"hmm","P1112_15_SV_T3",0,2.43606591886515e-06
"hmm","P1112_15_SV_T3",0,4.3863462356914e-06
"hmm","P1112_15_SV_T3",0,4.24553493737527e-06
"hmm","P1112_15_SV_T3",0,3.62154941716337e-05
"hmm","P1112_15_SV_T3",0,0.000705339075189927
"hmm","P1112_15_SV_T3",0,4.1987983660174e-06
"hmm","P1112_15_SV_T3",0,2.98443490054123e-06
"hmm","P1112_15_SV_T3",0,3.62075356725719e-06
"hmm","P1112_15_SV_T3",0,3.94390775627233e-06
"hmm","P1112_15_SV_T3",0,4.80293329738558e-06
"hmm","P1112_15_SV_T3",0,4.62474953660382e-06
"hmm","P1112_15_SV_T3",0,3.33512206161878e-06
"hmm","P1112_15_SV_T3",0,4.64934411206376e-06
"hmm","P1112_15_SV_T3",0,4.26029489757424e-06
"hmm","P1112_15_SV_T3",0,3.79462944847803e-06
"hmm","P1112_15_SV_T3",0,4.09365585850905e-06
"hmm","P1112_15_SV_T3",0,3.27164413204336e-06
"hmm","P1112_15_SV_T3",0,3.98390295886156e-06
"hmm","P1112_15_SV_T3",0,4.15101225752675e-06
"hmm","P1112_15_SV_T3",0,6.24599385177147e-06
"hmm","P1112_15_SV_T3",0,3.24956373621698e-06
"hmm","P1112_15_SV_T3",0,4.01266511241302e-06
"hmm","P1112_15_SV_T3",0,3.9191770357372e-06
"hmm","P1112_15_SV_T3",0,1.87315515000148e-05
"hmm","P1112_15_SV_T3",0,5.89291293085456e-06
"hmm","P1112_15_SV_T3",0,5.84941545828884e-06
"hmm","P1112_15_SV_T3",0,0.0014126571191319
"hmm","P1112_15_SV_T3",0,0.102081164263662
"hmm","P1112_15_SV_T3",1,1
"hmm","P1112_15_SV_T3",1,1
"hmm","P1112_15_SV_T3",0,0.0301242122767346
"hmm","P1112_15_SV_T3",0,5.93004600982002e-06
"hmm","P1112_15_SV_T3",0,0.770861214517868
"hmm","P1112_15_SV_T3",1,1
"hmm","P1112_15_SV_T3",0,0.330354341053356
"hmm","P1112_15_SV_T3",0,0.000798597142736983
"hmm","P1112_15_SV_T3",0,0.0066768282552022
"hmm","P1112_15_SV_T3",0,0.0036379749786929
"hmm","P1112_15_SV_T3",0,1
"hmm","P1112_15_SV_T3",1,0.999999999998411
"hmm","P1112_15_SV_T3",0,0.686602638112114
"hmm","P1112_15_SV_T3",0,0.999965685307922
"hmm","P1112_15_SV_T3",1,1
"hmm","P1112_15_SV_T3",0,1
"hmm","P1112_15_SV_T3",0,0.805814194742478
"hmm","P1112_15_SV_T3",0,0.633631664994
"hmm","P1112_15_SV_T3",0,0.0196097347462712
"hmm","P1112_15_SV_T3",0,0.00376873450339624
"hmm","P1112_15_SV_T3",0,1
"hmm","P1112_15_SV_T3",1,1
"hmm","P1112_15_SV_T3",0,0.0660464935455067
"hmm","P1112_15_SV_T3",0,7.50864752425187e-05
"hmm","P1112_15_SV_T3",0,0.999999999256243
"hmm","P1112_15_SV_T3",1,1
"hmm","P1112_15_SV_T3",0,1
"hmm","P1112_15_SV_T3",0,0.125224042619516
"hmm","P1112_15_SV_T3",0,0.000810981056234159
"hmm","P1112_15_SV_T3",1,1
"hmm","P1112_15_SV_T3",0,0.999994245864089
"hmm","P1112_15_SV_T3",0,0.0293593184325989
"hmm","P1112_15_SV_T3",0,8.31625855942786e-05
"hmm","P1112_15_SV_T3",0,0.999999999997136
"hmm","P1112_15_SV_T3",0,0.999999999999685
"hmm","P1112_15_SV_T3",1,1
"hmm","P1112_15_SV_T3",0,1
"hmm","P1112_15_SV_T3",0,1
"hmm","P1112_15_SV_T3",0,1
"hmm","P1112_15_SV_T3",0,1
"hmm","P1112_15_SV_T3",0,1
"hmm","P1112_15_SV_T3",0,1
"hmm","P1112_15_SV_T3",0,1
"hmm","P1112_15_SV_T3",0,1
"hmm","P1112_15_SV_T3",0,1
"hmm","P1112_15_SV_T3",0,1
"hmm","P1112_15_SV_T3",0,1
"hmm","P1112_15_SV_T3",0,1
"hmm","P1112_15_SV_T3",0,1
"hmm","P1112_15_SV_T3",0,0.999999999999999
"hmm","P1112_15_SV_T3",0,0.000956574296322403
"hmm","P1112_15_SV_T3",0,0.204799013721662
"hmm","P1112_15_SV_T3",0,0.00706599585584993
"hmm","P1112_15_SV_T3",0,0.000699254742045074
"hmm","P1112_15_SV_T3",0,9.88069159260977e-05
"hmm","P1112_15_SV_T3",0,0.00069684863872739
"hmm","P1112_15_SV_T3",0,0.99755424749176
"hmm","P1112_15_SV_T3",1,1
"hmm","P1112_15_SV_T3",0,1
"hmm","P1112_15_SV_T3",0,0.999994727176781
"hmm","P1112_15_SV_T3",0,0.999994829715549
"hmm","P1112_15_SV_T3",0,0.999999907512015
"hmm","P1112_15_SV_T3",0,0.997845057571174
"hmm","P1112_15_SV_T3",0,0.999999581593011
"hmm","P1112_15_SV_T3",0,1
"hmm","P1112_15_SV_T3",1,1
"hmm","P1112_15_SV_T3",0,0.999247867286335
"hmm","P1112_15_SV_T3",0,0.998525688573247
"hmm","P1112_15_SV_T3",0,0.922683938178919
"hmm","P1112_15_SV_T3",1,0.999999999999999
"hmm","P1112_15_SV_T3",1,1
"hmm","P1112_15_SV_T3",0,1
"hmm","P1112_15_SV_T3",0,0.00936706722193931
"hmm","P1112_15_SV_T3",0,1
"hmm","P1112_15_SV_T3",1,1
"hmm","P1112_15_SV_T3",0,1
"hmm","P1112_15_SV_T3",0,0.0144174001554401
"hmm","P1112_15_SV_T3",0,0.0114116360609437
"hmm","P1112_15_SV_T3",0,0.00527428417114185
"hmm","P1112_15_SV_T3",0,0.0652590539514172
"hmm","P1112_15_SV_T3",0,0.00242599458383017
"hmm","P1112_15_SV_T3",0,0.000267065861717949
"hmm","P1112_15_SV_T3",0,0.540865812450768
"hmm","P1112_15_SV_T3",0,0.000561735067454951
"hmm","P1112_15_SV_T3",0,0.000759900689035097
"hmm","P1112_15_SV_T3",0,0.000304218139799556
"hmm","P1112_15_SV_T3",0,0.00019555391444572
"hmm","P1112_15_SV_T3",0,0.000251887416378404
"hmm","P1112_15_SV_T3",0,0.000268061507366948
"hmm","P1112_15_SV_T3",0,0.000198078035700437
"hmm","P1112_15_SV_T3",0,0.000303684967753016
"hmm","P1112_15_SV_T3",0,0.000289824262634252
"hmm","P1112_15_SV_T3",0,0.000335303157071903
"hmm","P1112_15_SV_T3",0,0.000781706871306275
"hmm","P1112_15_SV_T3",0,0.000407496722810103
"hmm","P1112_15_SV_T3",0,0.000260077336878414
"hmm","P1112_15_SV_T3",0,0.000184288986400099
"hmm","P1112_15_SV_T3",0,0.657339263252529
"hmm","P1112_15_SV_T3",0,1
"hmm","P1112_15_SV_T3",1,1
"hmm","P1112_15_SV_T3",0,0.000599447692079722
"hmm","P1112_15_SV_T3",0,0.000832654011891098
"hmm","P1112_15_SV_T3",0,0.000351826347271438
"hmm","P1112_15_SV_T3",0,0.000213015590447472
"hmm","P1112_15_SV_T3",0,0.000383905976547329
"hmm","P1112_15_SV_T3",0,0.000437711410243945
"hmm","P1112_15_SV_T3",0,0.999999999999999
"hmm","P1112_15_SV_T3",0,0.999999999999994
"hmm","P1112_15_SV_T3",0,0.0113387243589696
"hmm","P1112_15_SV_T3",0,0.997446213030229
"hmm","P1112_15_SV_T3",0,0.647772411431196
"hmm","P1112_15_SV_T3",0,0.298786177863112
"hmm","P1112_15_SV_T3",0,0.24689334229934
"hmm","P1112_15_SV_T3",0,0.999999981309661
"hmm","P1112_15_SV_T3",0,0.999999862802395
"hmm","P1112_15_SV_T3",0,0.999999999999394
"hmm","P1112_15_SV_T3",0,0.999999949873436
"hmm","P1112_15_SV_T3",0,0.161438367787406
"hmm","P1112_15_SV_T3",0,0.000198351199772148
"hmm","P1112_15_SV_T3",0,0.9386362132583
"hmm","P1112_15_SV_T3",0,0.999999981516984
"hmm","P1112_15_SV_T3",0,0.999999999969132
"hmm","P1112_15_SV_T3",0,0.00382018791103663
"hmm","P1112_15_SV_T3",0,0.011797373404928
"hmm","P1112_15_SV_T3",0,0.999999950864742
"hmm","P1112_15_SV_T3",0,0.999999996507099
"hmm","P1112_15_SV_T3",0,0.999700572628738
"hmm","P1112_15_SV_T3",0,0.789782430571102
"hmm","P1112_15_SV_T3",0,0.00422261865343977
"hmm","P1112_15_SV_T3",0,0.999999827506859
"hmm","P1112_15_SV_T3",0,0.00842715191678206
"hmm","P1112_15_SV_T3",0,0.000824043537231385
"hmm","P1112_15_SV_T3",0,0.249858614195123
"hmm","P1112_15_SV_T3",0,0.258916883169859
"hmm","P1112_15_SV_T3",0,0.657885197611448
"hmm","P1112_15_SV_T3",0,0.0552843646613667
"hmm","P1112_15_SV_T3",0,0.326000956637984
"hmm","P1112_15_SV_T3",0,0.000669538153224691
"hmm","P1112_15_SV_T3",0,0.000272927945756606
"hmm","P1112_15_SV_T3",1,0.999998826942186
"hmm","P1112_15_SV_T3",1,1
"hmm","P1112_15_SV_T3",0,0.999931925364494
"hmm","P1112_15_SV_T3",0,0.999999999993741
"hmm","P1112_15_SV_T3",0,0.49648638609263
"hmm","P1112_15_SV_T3",0,0.999999984833167
"hmm","P1112_15_SV_T3",1,1
"hmm","P1112_15_SV_T3",1,1
"hmm","P1112_15_SV_T3",0,0.00396057002067282
"hmm","P1112_15_SV_T3",0,0.00159105653468994
"hmm","P1112_15_SV_T3",0,0.00630227451023
"hmm","P1112_15_SV_T3",0,0.00732981452074704
"hmm","P1112_15_SV_T3",0,0.00170399939604651
"hmm","P1112_15_SV_T3",0,0.0228649606285039
"hmm","P1112_15_SV_T3",0,0.990109907274186
"hmm","P1112_15_SV_T3",0,0.999998849797932
"hmm","P1112_15_SV_T3",1,1
"hmm","P1112_15_SV_T3",1,1
"hmm","P1112_15_SV_T3",0,0.0501982263201276
"hmm","P1112_15_SV_T3",0,0.00187675468875301
"hmm","P1112_15_SV_T3",0,0.000153115368208418
"hmm","P1112_15_SV_T3",0,1.43665476015574e-05
"hmm","P1112_15_SV_T3",0,0.0124720404617933
"hmm","P1112_15_SV_T3",0,1
"hmm","P1112_15_SV_T3",0,1
"hmm","P1112_15_SV_T3",0,0.888764037421564
"hmm","P1112_15_SV_T3",0,0.999999995759324
"hmm","P1112_15_SV_T3",0,0.999999974318929
"hmm","P1112_15_SV_T3",1,1
"hmm","P1112_15_SV_T3",1,1
"hmm","P1112_15_SV_T3",0,0.966585248308002
"hmm","P1112_15_SV_T3",0,0.0262703576227461
"hmm","P1112_15_SV_T3",0,1
"hmm","P1112_15_SV_T3",0,0.998319630772535
"hmm","P1112_15_SV_T3",0,1
"hmm","P1112_15_SV_T3",0,0.999999924541464
"hmm","P1112_15_SV_T3",0,0.999999939118523
"hmm","P1112_15_SV_T3",0,0.999913243985126
"hmm","P1112_15_SV_T3",0,1
"hmm","P1112_15_SV_T3",0,1
"hmm","P1112_15_SV_T3",0,0.717949205169442
"hmm","P1112_15_SV_T3",0,8.79377717693946e-05
"hmm","P1112_15_SV_T3",0,8.06121900465887e-06
"hmm","P1112_15_SV_T3",0,0.999999999997199
"hmm","P1112_15_SV_T3",1,0.999999999998345
"hmm","P1112_15_SV_T3",0,0.926231084436436
"hmm","P1112_15_SV_T3",0,0.0632214041882363
"hmm","P1112_15_SV_T3",0,0.007035195936149
"hmm","P1112_15_SV_T3",0,0.066955804430594
"hmm","P1112_15_SV_T3",0,0.00284488520561731
"hmm","P1112_15_SV_T3",0,0.00823538002293493
"hmm","P1112_15_SV_T3",0,0.999996178096824
"hmm","P1112_15_SV_T3",0,0.999999999895723
"hmm","P1112_15_SV_T3",0,0.997746778657019
"hmm","P1112_15_SV_T3",1,1
"hmm","P1112_15_SV_T3",0,1
"hmm","P1112_15_SV_T3",0,1
"hmm","P1112_15_SV_T3",0,1
"hmm","P1112_15_SV_T3",0,1
"hmm","P1112_15_SV_T3",0,0.0339333510340717
"hmm","P1112_15_SV_T3",0,0.53867923222603
"hmm","P1112_15_SV_T3",0,0.268338231265155
"hmm","P1112_15_SV_T3",1,1
"hmm","P1112_15_SV_T3",0,0.310110930021143
"hmm","P1112_15_SV_T3",0,0.999999999998524
"hmm","P1112_15_SV_T3",0,0.999953910645404
"hmm","P1112_15_SV_T3",1,1
"hmm","P1112_15_SV_T3",0,0.99960380608544
"hmm","P1112_15_SV_T3",0,0.0637962772793028
"hmm","P1112_15_SV_T3",0,1.5951534659705e-05
"hmm","P1112_15_SV_T3",0,0.0269361298426992
"hmm","P1112_15_SV_T3",1,1
"hmm","P1112_15_SV_T3",0,0.0439373815928947
"hmm","P1112_15_SV_T3",0,0.681019690215165
"hmm","P1112_15_SV_T3",1,1
"hmm","P1112_15_SV_T3",0,1
"hmm","P1112_15_SV_T3",0,0.999999999998975
"hmm","P1112_15_SV_T3",0,0.999550069282353
"hmm","P1112_15_SV_T3",0,0.81312965010734
"hmm","P1112_15_SV_T3",0,0.824464071103714
"hmm","P1112_15_SV_T3",0,0.988804664909654
"hmm","P1112_15_SV_T3",0,0.99998432783636
"hmm","P1112_15_SV_T3",0,0.815588225614972
"hmm","P1112_15_SV_T3",1,1
"hmm","P1112_15_SV_T3",0,1
"hmm","P1112_15_SV_T3",0,1
"hmm","P1112_15_SV_T3",0,1
"hmm","P1112_15_SV_T3",0,0.141846593303809
"hmm","P1112_15_SV_T3",0,0.00109181510418959
"hmm","P1112_15_SV_T3",0,0.0138997542902588
"hmm","P1112_15_SV_T3",0,0.0235411344642179
"hmm","P1112_15_SV_T3",0,0.00180469647355049
"hmm","P1112_15_SV_T3",0,0.0173330747719138
"hmm","P1112_15_SV_T3",0,0.0682734159187173
"hmm","P1112_15_SV_T3",0,0.00924945306253854
"hmm","P1112_15_SV_T3",1,0.00701541168169672
"hmm","P1112_15_SV_T3",1,1
"hmm","P1112_15_SV_T3",0,0.204097811168047
"hmm","P1112_15_SV_T3",0,0.00522878470781733
"hmm","P1112_15_SV_T3",0,0.000108958545209939
"hmm","P1112_15_SV_T3",0,4.05068741047859e-05
"hmm","P1112_15_SV_T3",0,0.000170657402127681
"hmm","P1112_15_SV_T3",0,0.000849524997592198
"hmm","P1112_15_SV_T3",0,0.0150594427016192
"hmm","P1112_15_SV_T3",0,8.67891003142108e-05
"hmm","P1112_15_SV_T3",0,4.42838647968766e-06
"hmm","P1112_15_SV_T3",0,7.1921311045895e-06
"hmm","P1112_15_SV_T3",0,2.56457053336434e-05
"hmm","P1112_15_SV_T3",0,8.8328680794788e-06
"hmm","P1112_15_SV_T3",0,3.49231498333128e-05
"hmm","P1112_15_SV_T3",0,1.04581914222545e-05
"hmm","P1112_15_SV_T3",0,3.63020324579971e-05
"hmm","P1112_15_SV_T3",0,0.000313008400878661
"hmm","P1112_15_SV_T3",0,1.52698004573831e-05
"hmm","P1112_15_SV_T3",0,5.29499472489743e-05
"hmm","P1112_15_SV_T3",0,4.11098897099514e-06
"hmm","P1112_15_SV_T3",0,0.000171961298663958
"hmm","P1112_15_SV_T3",0,0.000474788986175826
"hmm","P1112_15_SV_T3",0,0.000177803765576985
"hmm","P1112_15_SV_T3",0,1.16667321447536e-05
"hmm","P1112_15_SV_T3",0,4.06567138887188e-06
"hmm","P1112_15_SV_T3",0,5.52461746012833e-06
"hmm","P1112_15_SV_T3",0,5.69556654937409e-06
"hmm","P1112_15_SV_T3",0,0.000338688809690011
"hmm","P1112_15_SV_T3",0,0.000168412839058923
"hmm","P1112_15_SV_T3",0,7.17697926263302e-06
"hmm","P1112_15_SV_T3",0,2.64214846798307e-06
"hmm","P1112_15_SV_T3",0,4.06282936217236e-06
"hmm","P1112_15_SV_T3",0,0.000348673247160652
"hmm","P1112_15_SV_T3",0,0.996977794915781
"hmm","P1112_15_SV_T3",0,0.731585094139088
"hmm","P1112_15_SV_T3",0,0.000582075499144566
"hmm","P1112_15_SV_T3",0,0.00102960632059599
"hmm","P1112_15_SV_T3",0,0.0123098544679211
"hmm","P1112_15_SV_T3",0,0.0168734669750639
"hmm","P1112_15_SV_T3",0,0.0608199041246813
"hmm","P1112_15_SV_T3",0,2.20049083215212e-05
"hmm","P1112_15_SV_T3",0,0.0497320909590993
"hmm","P1112_15_SV_T3",0,0.000868435262901905
"hmm","P1112_15_SV_T3",0,0.000567116521230697
"hmm","P1112_15_SV_T3",0,0.00779892225023908
"hmm","P1112_15_SV_T3",0,0.00313986981631647
"hmm","P1112_15_SV_T3",0,0.100964424746091
"hmm","P1112_15_SV_T3",0,0.000508350596329617
"hmm","P1112_15_SV_T3",0,0.0753643455248843
"hmm","P1112_15_SV_T3",0,0.0010096040199111
"hmm","P1112_15_SV_T3",0,1.78595638146286e-05
"hmm","P1112_15_SV_T3",0,0.591461093208548
"hmm","P1112_15_SV_T3",0,0.00433717280143047
"hmm","P1112_15_SV_T3",0,7.2928496562599e-06
"hmm","P1112_15_SV_T3",0,8.47195263883764e-06
"hmm","P1112_15_SV_T3",0,2.62042649576383e-06
"hmm","P1112_15_SV_T3",0,9.58261196270807e-06
"hmm","P1112_15_SV_T3",0,3.61501609969159e-06
"hmm","P1112_15_SV_T3",0,0.000100467461542388
"hmm","P1112_15_SV_T3",0,1.21653343987785e-05
"hmm","P1112_15_SV_T3",0,0.00445176747167402
"hmm","P1112_15_SV_T3",0,0.00432503395230603
"hmm","P1112_15_SV_T3",0,1.69385232134995e-05
"hmm","P1112_15_SV_T3",0,1.90549207833142e-05
"hmm","P1112_15_SV_T3",0,6.93647075472579e-06
"hmm","P1112_15_SV_T3",0,2.75624154671715e-06
"hmm","P1112_15_SV_T3",0,8.09083063121802e-05
"hmm","P1112_15_SV_T3",0,2.33030576634074e-05
"hmm","P1112_15_SV_T3",0,0.436212670577168
"hmm","P1112_15_SV_T3",0,0.753457660410363
"hmm","P1112_15_SV_T3",0,0.14935293330769
"hmm","P1112_15_SV_T3",0,0.836926566085024
"hmm","P1112_15_SV_T3",0,0.0035656181940215
"hmm","P1112_15_SV_T3",0,1.14541975251619e-05
"hmm","P1112_15_SV_T3",0,5.99716971008686e-06
"hmm","P1112_15_SV_T3",0,2.06238928294609e-05
"hmm","P1112_15_SV_T3",0,0.00148639003206467
"hmm","P1112_15_SV_T3",0,0.000508836389382849
"hmm","P1112_15_SV_T3",0,2.58799987009708e-05
"hmm","P1112_15_SV_T3",0,8.87242354050091e-06
"hmm","P1112_15_SV_T3",0,2.23572175643249e-05
"hmm","P1112_15_SV_T3",0,0.000240775547385846
"hmm","P1112_15_SV_T3",0,0.00111403518283632
"hmm","P1112_15_SV_T3",0,0.000124997841449148
"hmm","P1112_15_SV_T3",0,0.000558868810125981
"hmm","P1112_15_SV_T3",0,0.000249766895837773
"hmm","P1112_15_SV_T3",0,0.000262069532290911
"hmm","P1112_15_SV_T3",0,0.00328738797205529
"hmm","P1112_15_SV_T3",0,0.136933903821516
"hmm","P1112_15_SV_T3",0,3.46449633999765e-06
"hmm","P1112_15_SV_T3",0,3.48647922943172e-06
"hmm","P1112_15_SV_T3",0,0.439978495056373
"hmm","P1112_15_SV_T3",0,0.548024970919494
"hmm","P1112_15_SV_T3",0,0.00547743893983716
"hmm","P1112_15_SV_T3",0,0.619816369682555
"hmm","P1112_15_SV_T3",0,0.0775385553702157
"hmm","P1112_15_SV_T3",0,0.0148287660514214
"hmm","P1112_20_SV_T4",0,0.999999723683789
"hmm","P1112_20_SV_T4",0,0.0129341889248583
"hmm","P1112_20_SV_T4",0,0.000146420013770104
"hmm","P1112_20_SV_T4",0,0.00128270480806709
"hmm","P1112_20_SV_T4",0,0.00104784073673116
"hmm","P1112_20_SV_T4",0,0.000113073216217745
"hmm","P1112_20_SV_T4",0,9.76450875827416e-05
"hmm","P1112_20_SV_T4",0,2.34163017509365e-05
"hmm","P1112_20_SV_T4",0,6.33869371899279e-05
"hmm","P1112_20_SV_T4",0,0.000134375160764841
"hmm","P1112_20_SV_T4",0,0.000625235253167404
"hmm","P1112_20_SV_T4",0,2.49303244845817e-05
"hmm","P1112_20_SV_T4",0,0.000633573805794057
"hmm","P1112_20_SV_T4",0,0.000468001002990326
"hmm","P1112_20_SV_T4",0,0.000385356538519708
"hmm","P1112_20_SV_T4",0,3.57475008931759e-05
"hmm","P1112_20_SV_T4",0,2.03688835399645e-05
"hmm","P1112_20_SV_T4",0,1.25824849124545e-05
"hmm","P1112_20_SV_T4",0,7.04673030135855e-06
"hmm","P1112_20_SV_T4",0,1.08281872092441e-05
"hmm","P1112_20_SV_T4",0,7.82584923693444e-06
"hmm","P1112_20_SV_T4",0,1.93014184496855e-05
"hmm","P1112_20_SV_T4",0,6.20625994724209e-06
"hmm","P1112_20_SV_T4",0,0.00170807078816098
"hmm","P1112_20_SV_T4",0,0.000198654321659214
"hmm","P1112_20_SV_T4",0,7.95011557462666e-06
"hmm","P1112_20_SV_T4",0,0.000268745735168772
"hmm","P1112_20_SV_T4",0,1.67597530323301e-05
"hmm","P1112_20_SV_T4",0,5.73632084088414e-06
"hmm","P1112_20_SV_T4",0,4.15872749529996e-05
"hmm","P1112_20_SV_T4",0,3.24170688807164e-06
"hmm","P1112_20_SV_T4",0,4.67979630975268e-05
"hmm","P1112_20_SV_T4",0,0.000113561831470097
"hmm","P1112_20_SV_T4",0,6.65552286033057e-05
"hmm","P1112_20_SV_T4",0,1.08014105081658e-05
"hmm","P1112_20_SV_T4",0,3.0747233323587e-06
"hmm","P1112_20_SV_T4",0,4.12811680095216e-06
"hmm","P1112_20_SV_T4",0,4.48390286614859e-06
"hmm","P1112_20_SV_T4",0,2.98277223270097e-05
"hmm","P1112_20_SV_T4",0,3.09415362194913e-06
"hmm","P1112_20_SV_T4",0,3.22889778020562e-06
"hmm","P1112_20_SV_T4",0,6.7225411485742e-06
"hmm","P1112_20_SV_T4",0,0.00501143820514914
"hmm","P1112_20_SV_T4",0,1.06709204513737e-05
"hmm","P1112_20_SV_T4",0,0.000874578761642244
"hmm","P1112_20_SV_T4",0,0.00540809973108833
"hmm","P1112_20_SV_T4",0,7.37075944153805e-06
"hmm","P1112_20_SV_T4",0,5.19168009875787e-06
"hmm","P1112_20_SV_T4",0,0.000175934159492114
"hmm","P1112_20_SV_T4",0,6.78588464171835e-06
"hmm","P1112_20_SV_T4",0,8.5154153139523e-06
"hmm","P1112_20_SV_T4",0,6.81020024732655e-05
"hmm","P1112_20_SV_T4",0,5.65247783055314e-06
"hmm","P1112_20_SV_T4",0,0.000125808230401066
"hmm","P1112_20_SV_T4",0,1.40583943657875e-05
"hmm","P1112_20_SV_T4",0,8.16485428952479e-06
"hmm","P1112_20_SV_T4",0,8.81498966456853e-06
"hmm","P1112_20_SV_T4",0,0.0139438961655724
"hmm","P1112_20_SV_T4",0,6.6077012644271e-06
"hmm","P1112_20_SV_T4",0,0.0011098803323615
"hmm","P1112_20_SV_T4",0,0.0022956373173643
"hmm","P1112_20_SV_T4",0,0.000995496412473637
"hmm","P1112_20_SV_T4",0,0.000463880388415928
"hmm","P1112_20_SV_T4",0,3.3118972765192e-05
"hmm","P1112_20_SV_T4",0,0.000293667421445308
"hmm","P1112_20_SV_T4",0,0.000460904020621973
"hmm","P1112_20_SV_T4",0,0.000354277236444666
"hmm","P1112_20_SV_T4",0,0.000397458524407591
"hmm","P1112_20_SV_T4",0,0.000105242159522506
"hmm","P1112_20_SV_T4",0,0.0754615119163224
"hmm","P1112_20_SV_T4",0,0.000576246115103386
"hmm","P1112_20_SV_T4",0,5.56062296701526e-05
"hmm","P1112_20_SV_T4",0,9.93810313674802e-05
"hmm","P1112_20_SV_T4",0,3.64257258144804e-06
"hmm","P1112_20_SV_T4",0,0.027634116933663
"hmm","P1112_20_SV_T4",0,6.53903953933182e-05
"hmm","P1112_20_SV_T4",0,1.29173047200224e-05
"hmm","P1112_20_SV_T4",0,5.1100347758676e-06
"hmm","P1112_20_SV_T4",0,1.81606620744329e-05
"hmm","P1112_20_SV_T4",0,2.63963065836739e-06
"hmm","P1112_20_SV_T4",0,4.80174799683802e-06
"hmm","P1112_20_SV_T4",0,1.11659740762917e-05
"hmm","P1112_20_SV_T4",0,4.76553846476256e-06
"hmm","P1112_20_SV_T4",0,5.36840458482421e-06
"hmm","P1112_20_SV_T4",0,1.38136702076732e-05
"hmm","P1112_20_SV_T4",0,7.69590437643159e-06
"hmm","P1112_20_SV_T4",0,0.000262686578295046
"hmm","P1112_20_SV_T4",0,0.993595808075565
"hmm","P1112_20_SV_T4",0,0.999999998888753
"hmm","P1112_20_SV_T4",1,1
"hmm","P1112_20_SV_T4",0,0.0236454730556808
"hmm","P1112_20_SV_T4",1,1
"hmm","P1112_20_SV_T4",0,1
"hmm","P1112_20_SV_T4",0,0.999985142341981
"hmm","P1112_20_SV_T4",0,0.273509658694172
"hmm","P1112_20_SV_T4",0,0.973376776095572
"hmm","P1112_20_SV_T4",1,1
"hmm","P1112_20_SV_T4",0,0.999999999478987
"hmm","P1112_20_SV_T4",0,0.998449737261317
"hmm","P1112_20_SV_T4",0,0.99971026812243
"hmm","P1112_20_SV_T4",0,0.999989490846312
"hmm","P1112_20_SV_T4",0,1
"hmm","P1112_20_SV_T4",0,0.999969550374158
"hmm","P1112_20_SV_T4",0,1
"hmm","P1112_20_SV_T4",0,1
"hmm","P1112_20_SV_T4",0,0.559613280563751
"hmm","P1112_20_SV_T4",0,0.999784804011478
"hmm","P1112_20_SV_T4",0,1
"hmm","P1112_20_SV_T4",0,1
"hmm","P1112_20_SV_T4",0,1
"hmm","P1112_20_SV_T4",0,0.99999999991902
"hmm","P1112_20_SV_T4",1,0.99999565686262
"hmm","P1112_20_SV_T4",0,1
"hmm","P1112_20_SV_T4",0,0.0136153544862339
"hmm","P1112_20_SV_T4",0,0.852580238694765
"hmm","P1112_20_SV_T4",0,0.011905413404692
"hmm","P1112_20_SV_T4",0,1
"hmm","P1112_20_SV_T4",0,1
"hmm","P1112_20_SV_T4",0,0.947079891188321
"hmm","P1112_20_SV_T4",0,0.0635946505433595
"hmm","P1112_20_SV_T4",0,0.00851343352420554
"hmm","P1112_20_SV_T4",1,1
"hmm","P1112_20_SV_T4",0,0.452995315666981
"hmm","P1112_20_SV_T4",0,0.000376748293302449
"hmm","P1112_20_SV_T4",0,0.488532999654253
"hmm","P1112_20_SV_T4",0,1
"hmm","P1112_20_SV_T4",0,1
"hmm","P1112_20_SV_T4",0,1
"hmm","P1112_20_SV_T4",0,0.0292695507556687
"hmm","P1112_20_SV_T4",0,0.000663856335441822
"hmm","P1112_20_SV_T4",0,0.0015464077632743
"hmm","P1112_20_SV_T4",0,0.942129199791676
"hmm","P1112_20_SV_T4",1,1
"hmm","P1112_20_SV_T4",0,1
"hmm","P1112_20_SV_T4",0,0.187923036192966
"hmm","P1112_20_SV_T4",0,0.135126026476351
"hmm","P1112_20_SV_T4",0,0.983158686920476
"hmm","P1112_20_SV_T4",0,0.0183721591217805
"hmm","P1112_20_SV_T4",0,0.00614004672728429
"hmm","P1112_20_SV_T4",0,0.999999998426086
"hmm","P1112_20_SV_T4",0,0.987593987676925
"hmm","P1112_20_SV_T4",0,0.011500258619439
"hmm","P1112_20_SV_T4",0,0.00529801126313354
"hmm","P1112_20_SV_T4",0,0.999629513672204
"hmm","P1112_20_SV_T4",1,1
"hmm","P1112_20_SV_T4",0,0.00237061057574816
"hmm","P1112_20_SV_T4",0,0.000924631871528283
"hmm","P1112_20_SV_T4",0,0.00885680491520866
"hmm","P1112_20_SV_T4",1,1
"hmm","P1112_20_SV_T4",1,1
"hmm","P1112_20_SV_T4",0,0.268089277953381
"hmm","P1112_20_SV_T4",0,0.00034840459792298
"hmm","P1112_20_SV_T4",0,0.484466288701409
"hmm","P1112_20_SV_T4",0,1
"hmm","P1112_20_SV_T4",0,1
"hmm","P1112_20_SV_T4",0,1
"hmm","P1112_20_SV_T4",0,1
"hmm","P1112_20_SV_T4",0,1
"hmm","P1112_20_SV_T4",0,0.0485398591692178
"hmm","P1112_20_SV_T4",0,0.000795230278343694
"hmm","P1112_20_SV_T4",0,0.0366115769806748
"hmm","P1112_20_SV_T4",0,0.00107941917171455
"hmm","P1112_20_SV_T4",0,0.999999982109778
"hmm","P1112_20_SV_T4",0,0.999794312527693
"hmm","P1112_20_SV_T4",0,0.00251255299396663
"hmm","P1112_20_SV_T4",0,0.0379679457906065
"hmm","P1112_20_SV_T4",0,0.575331364453631
"hmm","P1112_20_SV_T4",0,0.00218250343240506
"hmm","P1112_20_SV_T4",0,0.00207850022565527
"hmm","P1112_20_SV_T4",0,0.000596884431280607
"hmm","P1112_20_SV_T4",0,0.446026515470424
"hmm","P1112_20_SV_T4",0,0.0387092270692936
"hmm","P1112_20_SV_T4",0,0.000359960363722886
"hmm","P1112_20_SV_T4",0,0.00237754120609085
"hmm","P1112_20_SV_T4",0,0.00545316307654779
"hmm","P1112_20_SV_T4",0,0.548412966535677
"hmm","P1112_20_SV_T4",0,0.952097419411682
"hmm","P1112_20_SV_T4",0,0.0921324594456518
"hmm","P1112_20_SV_T4",0,0.991154914044354
"hmm","P1112_20_SV_T4",0,0.000265266178931758
"hmm","P1112_20_SV_T4",0,0.0003504936713795
"hmm","P1112_20_SV_T4",0,0.000274370199828664
"hmm","P1112_20_SV_T4",0,0.000501868346644138
"hmm","P1112_20_SV_T4",0,0.00113131564658107
"hmm","P1112_20_SV_T4",0,2.5191612654232e-05
"hmm","P1112_20_SV_T4",0,0.000148229400072669
"hmm","P1112_20_SV_T4",0,0.000423919168880994
"hmm","P1112_20_SV_T4",0,0.464451885341154
"hmm","P1112_20_SV_T4",0,0.0015346705314524
"hmm","P1112_20_SV_T4",0,0.000209326226626731
"hmm","P1112_20_SV_T4",0,0.00076210969503436
"hmm","P1112_20_SV_T4",0,0.000429590303346017
"hmm","P1112_20_SV_T4",0,0.00177860173299497
"hmm","P1112_20_SV_T4",0,0.00104775831450054
"hmm","P1112_20_SV_T4",0,0.00404199618339702
"hmm","P1112_20_SV_T4",0,0.00113839561001763
"hmm","P1112_20_SV_T4",0,0.000356987371570869
"hmm","P1112_20_SV_T4",0,0.00189789203177516
"hmm","P1112_20_SV_T4",0,0.000110405680825914
"hmm","P1112_20_SV_T4",0,1.02930526553211e-05
"hmm","P1112_20_SV_T4",0,1.51094809380683e-05
"hmm","P1112_20_SV_T4",0,1.46764406459176e-05
"hmm","P1112_20_SV_T4",0,0.999999999994433
"hmm","P1112_20_SV_T4",0,1
"hmm","P1112_20_SV_T4",0,0.0138595989270266
"hmm","P1112_20_SV_T4",0,0.941601450280466
"hmm","P1112_20_SV_T4",0,2.59250165903018e-05
"hmm","P1112_20_SV_T4",0,8.15006007914339e-05
"hmm","P1112_20_SV_T4",0,1.02356282362844e-05
"hmm","P1112_20_SV_T4",0,0.000316778038227624
"hmm","P1112_20_SV_T4",0,1
"hmm","P1112_20_SV_T4",1,1
"hmm","P1112_20_SV_T4",0,0.0322920148912717
"hmm","P1112_20_SV_T4",0,0.542084396981079
"hmm","P1112_20_SV_T4",0,2.09282747969112e-05
"hmm","P1112_20_SV_T4",0,1.71452226369731e-05
"hmm","P1112_20_SV_T4",0,0.00114694405226025
"hmm","P1112_20_SV_T4",0,0.00080613659855642
"hmm","P1112_20_SV_T4",0,0.000441723565299093
"hmm","P1112_20_SV_T4",0,0.999999978775098
"hmm","P1112_20_SV_T4",1,1
"hmm","P1112_20_SV_T4",0,0.999998858075359
"hmm","P1112_20_SV_T4",0,0.750600258907706
"hmm","P1112_20_SV_T4",0,0.000948776379493626
"hmm","P1112_20_SV_T4",0,0.408391992674367
"hmm","P1112_20_SV_T4",0,0.000832267754835693
"hmm","P1112_20_SV_T4",0,0.000232120990249618
"hmm","P1112_20_SV_T4",0,0.000156858522803291
"hmm","P1112_20_SV_T4",0,3.86532292643807e-05
"hmm","P1112_20_SV_T4",0,0.00166824197712826
"hmm","P1112_20_SV_T4",0,0.206255308282288
"hmm","P1112_20_SV_T4",0,4.36010724461431e-05
"hmm","P1112_20_SV_T4",0,0.00126843277757984
"hmm","P1112_20_SV_T4",0,5.463089256425e-06
"hmm","P1112_20_SV_T4",0,0.100624501399344
"hmm","P1112_20_SV_T4",0,0.000450781999499423
"hmm","P1112_20_SV_T4",0,0.0076991677415842
"hmm","P1112_20_SV_T4",0,0.000386928852436196
"hmm","P1112_20_SV_T4",0,0.00422360363957981
"hmm","P1112_20_SV_T4",0,0.010400340206765
"hmm","P1112_20_SV_T4",0,0.336096351867434
"hmm","P1112_20_SV_T4",0,8.27860140505986e-05
"hmm","P1112_20_SV_T4",0,0.12657720351405
"hmm","P1112_20_SV_T4",0,0.885606211941549
"hmm","P1112_20_SV_T4",0,0.967031373037198
"hmm","P1112_20_SV_T4",0,0.00739058177513788
"hmm","P1112_20_SV_T4",0,1.30882240161166e-05
"hmm","P1112_20_SV_T4",0,0.720667307072964
"hmm","P1112_20_SV_T4",0,0.0424097020766883
"hmm","P1112_20_SV_T4",0,5.99367782128901e-05
"hmm","P1112_20_SV_T4",0,0.059832863529236
"hmm","P1112_20_SV_T4",0,0.0255765287369747
"hmm","P1112_20_SV_T4",0,4.06105910923233e-05
"hmm","P1112_20_SV_T4",0,6.37629295374547e-05
"hmm","P1112_20_SV_T4",0,3.94134959282238e-06
"hmm","P1112_20_SV_T4",0,4.64971958621456e-06
"hmm","P1112_20_SV_T4",0,3.74925948610657e-06
"hmm","P1112_20_SV_T4",0,0.000756705739196184
"hmm","P1112_20_SV_T4",0,0.267281935243152
"hmm","P1112_20_SV_T4",0,0.506071220279612
"hmm","P1112_31_SV_T5",0,0.0826424162902416
"hmm","P1112_31_SV_T5",0,0.000381597663207575
"hmm","P1112_31_SV_T5",0,0.0722268776982529
"hmm","P1112_31_SV_T5",0,0.999999624825456
"hmm","P1112_31_SV_T5",0,4.99082615896771e-05
"hmm","P1112_31_SV_T5",0,8.46209799911367e-06
"hmm","P1112_31_SV_T5",0,1.76099010256042e-05
"hmm","P1112_31_SV_T5",0,8.1496934363734e-06
"hmm","P1112_31_SV_T5",0,0.000277424591087661
"hmm","P1112_31_SV_T5",0,1
"hmm","P1112_31_SV_T5",0,0.999889665930538
"hmm","P1112_31_SV_T5",0,0.00134967838152196
"hmm","P1112_31_SV_T5",0,0.0120050966564302
"hmm","P1112_31_SV_T5",0,0.000209422195040548
"hmm","P1112_31_SV_T5",0,1
"hmm","P1112_31_SV_T5",0,0.997638583845617
"hmm","P1112_31_SV_T5",0,0.999743825302989
"hmm","P1112_31_SV_T5",0,0.0684854114539034
"hmm","P1112_31_SV_T5",0,0.000571594305607585
"hmm","P1112_31_SV_T5",0,0.000878687941296137
"hmm","P1112_31_SV_T5",0,0.999999999928629
"hmm","P1112_31_SV_T5",0,0.999999887290669
"hmm","P1112_31_SV_T5",0,0.557394275212923
"hmm","P1112_31_SV_T5",0,0.848157308404309
"hmm","P1112_31_SV_T5",0,0.00192416337879783
"hmm","P1112_31_SV_T5",0,7.59937386310822e-06
"hmm","P1112_31_SV_T5",0,2.70673598956095e-05
"hmm","P1112_31_SV_T5",0,5.13742109918213e-06
"hmm","P1112_31_SV_T5",0,1.95166086854442e-05
"hmm","P1112_31_SV_T5",0,2.86230029804017e-06
"hmm","P1112_31_SV_T5",0,7.4143708252554e-05
"hmm","P1112_31_SV_T5",0,4.0900910549671e-06
"hmm","P1112_31_SV_T5",0,0.00067621524993666
"hmm","P1112_31_SV_T5",0,4.20264985027914e-06
"hmm","P1112_31_SV_T5",0,4.73635678063618e-06
"hmm","P1112_31_SV_T5",0,9.4401556129444e-06
"hmm","P1112_31_SV_T5",0,3.51439888011276e-06
"hmm","P1112_31_SV_T5",0,5.84406070121473e-06
"hmm","P1112_31_SV_T5",0,8.58725305011804e-06
"hmm","P1112_31_SV_T5",0,8.65159007449096e-06
"hmm","P1112_31_SV_T5",0,3.54229416071467e-06
"hmm","P1112_31_SV_T5",0,8.46850039168831e-06
"hmm","P1112_31_SV_T5",0,3.41373986196412e-06
"hmm","P1112_31_SV_T5",0,6.17868172532502e-06
"hmm","P1112_31_SV_T5",0,1.41813815840893e-05
"hmm","P1112_31_SV_T5",0,0.00012526831623519
"hmm","P1112_31_SV_T5",0,1.37107133360118e-05
"hmm","P1112_31_SV_T5",0,5.34484586978358e-06
"hmm","P1112_31_SV_T5",0,5.49260537835456e-06
"hmm","P1112_31_SV_T5",0,8.45815736555225e-06
"hmm","P1112_31_SV_T5",0,0.000707247668146854
"hmm","P1112_31_SV_T5",0,9.66847781986679e-05
"hmm","P1112_31_SV_T5",0,0.000177527032156054
"hmm","P1112_31_SV_T5",1,1
"hmm","P1112_31_SV_T5",0,0.245930867299861
"hmm","P1112_31_SV_T5",0,0.00240755959305129
"hmm","P1112_31_SV_T5",0,0.000566597420797657
"hmm","P1112_31_SV_T5",0,0.013207236313442
"hmm","P1112_31_SV_T5",0,0.000360650244084282
"hmm","P1112_31_SV_T5",0,0.000559273178378915
"hmm","P1112_31_SV_T5",0,0.557803089248732
"hmm","P1112_31_SV_T5",0,0.000363542689268459
"hmm","P1112_31_SV_T5",1,1
"hmm","P1112_31_SV_T5",0,1
"hmm","P1112_31_SV_T5",0,0.000304864324513624
"hmm","P1112_31_SV_T5",0,0.001053561156018
"hmm","P1112_31_SV_T5",0,0.0219814202989866
"hmm","P1112_31_SV_T5",0,0.000145729357868903
"hmm","P1112_31_SV_T5",0,4.50180454977302e-06
"hmm","P1112_31_SV_T5",1,1
"hmm","P1112_31_SV_T5",0,0.999999999827442
"hmm","P1112_31_SV_T5",0,0.00782395734464406
"hmm","P1112_31_SV_T5",0,0.10919233375091
"hmm","P1112_31_SV_T5",0,0.000664474868703591
"hmm","P1112_31_SV_T5",0,4.00403508784352e-06
"hmm","P1112_31_SV_T5",0,0.390975242729869
"hmm","P1112_31_SV_T5",1,1
"hmm","P1112_31_SV_T5",0,0.000705130611140394
"hmm","P1112_31_SV_T5",0,0.000406599093416179
"hmm","P1112_31_SV_T5",0,0.001372531037859
"hmm","P1112_31_SV_T5",0,0.998905043177608
"hmm","P1112_31_SV_T5",1,1
"hmm","P1112_31_SV_T5",0,0.999999001532016
"hmm","P1112_31_SV_T5",0,0.0451488790384077
"hmm","P1112_31_SV_T5",0,0.000877448595327579
"hmm","P1112_31_SV_T5",0,4.76111398613694e-05
"hmm","P1112_31_SV_T5",1,1
"hmm","P1112_31_SV_T5",0,1
"hmm","P1112_31_SV_T5",0,0.000534703725454606
"hmm","P1112_31_SV_T5",0,0.000610210404628364
"hmm","P1112_31_SV_T5",0,0.000417510615082221
"hmm","P1112_31_SV_T5",0,0.997823765680132
"hmm","P1112_31_SV_T5",0,0.294178591646206
"hmm","P1112_31_SV_T5",1,1
"hmm","P1112_31_SV_T5",0,1
"hmm","P1112_31_SV_T5",0,0.999999943820135
"hmm","P1112_31_SV_T5",0,0.999983678033407
"hmm","P1112_31_SV_T5",0,0.997324283401902
"hmm","P1112_31_SV_T5",1,1
"hmm","P1112_31_SV_T5",0,0.000842529723851922
"hmm","P1112_31_SV_T5",0,0.000292989389303191
"hmm","P1112_31_SV_T5",0,0.000287430970587349
"hmm","P1112_31_SV_T5",0,0.000265558936820277
"hmm","P1112_31_SV_T5",0,0.000235948723363414
"hmm","P1112_31_SV_T5",0,0.00115187923273686
"hmm","P1112_31_SV_T5",1,0.993889002633755
"hmm","P1112_31_SV_T5",0,1
"hmm","P1112_31_SV_T5",0,0.00139478659724154
"hmm","P1112_31_SV_T5",0,0.00718999525454264
"hmm","P1112_31_SV_T5",0,0.000582019098513664
"hmm","P1112_31_SV_T5",0,1
"hmm","P1112_31_SV_T5",0,0.999641777860139
"hmm","P1112_31_SV_T5",1,0.0729101439142197
"hmm","P1112_31_SV_T5",0,1
"hmm","P1112_31_SV_T5",0,0.450294967235871
"hmm","P1112_31_SV_T5",0,0.000638645671915775
"hmm","P1112_31_SV_T5",0,0.000297441314137799
"hmm","P1112_31_SV_T5",0,0.000839298063158425
"hmm","P1112_31_SV_T5",0,0.829593161428153
"hmm","P1112_31_SV_T5",0,0.00020495407399395
"hmm","P1112_31_SV_T5",0,0.000261760495253254
"hmm","P1112_31_SV_T5",0,0.000456972455599766
"hmm","P1112_31_SV_T5",0,0.000941283133793599
"hmm","P1112_31_SV_T5",0,0.00198216222158321
"hmm","P1112_31_SV_T5",0,0.999999973143175
"hmm","P1112_31_SV_T5",1,0.999999999999999
"hmm","P1112_31_SV_T5",0,0.999234302591194
"hmm","P1112_31_SV_T5",0,0.000359562609220535
"hmm","P1112_31_SV_T5",0,0.000419594695817178
"hmm","P1112_31_SV_T5",0,0.000832925450656164
"hmm","P1112_31_SV_T5",0,0.00027800205796087
"hmm","P1112_31_SV_T5",0,0.00121197336070939
"hmm","P1112_31_SV_T5",0,0.00537119621217023
"hmm","P1112_31_SV_T5",0,0.163212020975813
"hmm","P1112_31_SV_T5",0,0.000327275313879896
"hmm","P1112_31_SV_T5",0,0.000386358511739348
"hmm","P1112_31_SV_T5",0,0.00046079346548845
"hmm","P1112_31_SV_T5",0,0.000295031239885523
"hmm","P1112_31_SV_T5",0,0.000401382567124272
"hmm","P1112_31_SV_T5",0,0.000312362438557771
"hmm","P1112_31_SV_T5",0,0.000701549749199696
"hmm","P1112_31_SV_T5",0,0.000419797494273768
"hmm","P1112_31_SV_T5",0,0.000877300873085056
"hmm","P1112_31_SV_T5",0,0.000376355920550306
"hmm","P1112_31_SV_T5",0,0.00216915980844768
"hmm","P1112_31_SV_T5",0,0.00114239263381582
"hmm","P1112_31_SV_T5",0,0.00796854860819697
"hmm","P1112_31_SV_T5",0,0.00182773218170549
"hmm","P1112_31_SV_T5",0,0.000636774223472934
"hmm","P1112_31_SV_T5",0,0.00206203339296026
"hmm","P1112_31_SV_T5",0,0.000196545791986706
"hmm","P1112_31_SV_T5",0,0.00076660652512507
"hmm","P1112_31_SV_T5",0,0.00893752992396169
"hmm","P1112_31_SV_T5",0,0.0002255272671236
"hmm","P1112_31_SV_T5",0,0.000789772050107063
"hmm","P1112_31_SV_T5",0,0.000239281748479397
"hmm","P1112_31_SV_T5",0,0.000307532093153864
"hmm","P1112_31_SV_T5",0,0.000685833017374428
"hmm","P1112_31_SV_T5",0,0.988511521728299
"hmm","P1112_31_SV_T5",0,0.000455248175136522
"hmm","P1112_31_SV_T5",0,0.768678900178279
"hmm","P1112_31_SV_T5",0,0.995586026718217
"hmm","P1112_31_SV_T5",0,0.138041763505054
"hmm","P1112_31_SV_T5",0,0.00523633133099448
"hmm","P1112_31_SV_T5",0,0.908473511276895
"hmm","P1112_31_SV_T5",0,0.262965600641569
"hmm","P1112_31_SV_T5",0,0.0943564635517285
"hmm","P1112_31_SV_T5",0,0.00387264241085791
"hmm","P1112_31_SV_T5",0,0.999999994117385
"hmm","P1112_31_SV_T5",0,0.996428506495621
"hmm","P1112_31_SV_T5",0,0.010850515546402
"hmm","P1112_31_SV_T5",0,0.00219624063338244
"hmm","P1112_31_SV_T5",0,0.000353100751263184
"hmm","P1112_31_SV_T5",0,0.0262932156730211
"hmm","P1112_31_SV_T5",0,0.0879503098035124
"hmm","P1112_31_SV_T5",0,0.906613709051731
"hmm","P1112_31_SV_T5",0,0.118530956988044
"hmm","P1112_31_SV_T5",0,0.976524498651784
"hmm","P1112_31_SV_T5",0,0.000498102088313136
"hmm","P1112_31_SV_T5",0,0.000360571660875364
"hmm","P1112_31_SV_T5",0,0.999999999995384
"hmm","P1113_28_SV_T1",0,0.99993141209198
"hmm","P1113_28_SV_T1",0,0.99999999995774
"hmm","P1113_28_SV_T1",0,0.636921004842385
"hmm","P1113_28_SV_T1",0,0.00354459606474344
"hmm","P1113_28_SV_T1",0,1
"hmm","P1113_28_SV_T1",0,0.97160613672449
"hmm","P1113_28_SV_T1",0,1
"hmm","P1113_28_SV_T1",0,1
"hmm","P1113_28_SV_T1",0,0.000647253767662999
"hmm","P1113_28_SV_T1",0,0.784652994256884
"hmm","P1113_28_SV_T1",0,0.00181220119949602
"hmm","P1113_28_SV_T1",0,0.0172484382523787
"hmm","P1113_28_SV_T1",0,0.0155681700104889
"hmm","P1113_28_SV_T1",0,0.000580194062941473
"hmm","P1113_28_SV_T1",0,0.0092173594888815
"hmm","P1113_28_SV_T1",0,9.34569898377126e-05
"hmm","P1113_28_SV_T1",0,0.000958597180515209
"hmm","P1113_28_SV_T1",0,0.00139871369182524
"hmm","P1113_28_SV_T1",0,0.000521498483112369
"hmm","P1113_28_SV_T1",0,0.00038829570036007
"hmm","P1113_28_SV_T1",0,0.000308298863112858
"hmm","P1113_28_SV_T1",0,0.000807371280701841
"hmm","P1113_28_SV_T1",0,7.02606689916533e-05
"hmm","P1113_28_SV_T1",0,1.62951416409992e-05
"hmm","P1113_28_SV_T1",0,1.12939675327808e-05
"hmm","P1113_28_SV_T1",0,1.37662385790957e-05
"hmm","P1113_28_SV_T1",0,0.000201642292672189
"hmm","P1113_28_SV_T1",0,7.71035682716891e-06
"hmm","P1113_28_SV_T1",0,5.65367906369655e-06
"hmm","P1113_28_SV_T1",0,2.01252791546373e-05
"hmm","P1113_28_SV_T1",0,0.000158258826084866
"hmm","P1113_28_SV_T1",0,4.96420156073122e-06
"hmm","P1113_28_SV_T1",0,4.49506163690501e-06
"hmm","P1113_28_SV_T1",0,0.000160651063278401
"hmm","P1113_28_SV_T1",0,2.36777044502488e-05
"hmm","P1113_28_SV_T1",0,7.81945952504507e-05
"hmm","P1113_28_SV_T1",0,0.000632011641792882
"hmm","P1113_28_SV_T1",0,4.19726597723196e-05
"hmm","P1113_28_SV_T1",0,0.000519806010897525
"hmm","P1113_28_SV_T1",0,0.00083761524913677
"hmm","P1113_28_SV_T1",0,0.000583351988664556
"hmm","P1113_28_SV_T1",0,2.01421773782182e-05
"hmm","P1113_28_SV_T1",0,2.00630556249613e-05
"hmm","P1113_28_SV_T1",0,4.18258154555827e-05
"hmm","P1113_28_SV_T1",0,1.28585099865671e-05
"hmm","P1113_28_SV_T1",0,0.00127689426599515
"hmm","P1113_28_SV_T1",0,0.00294776308941959
"hmm","P1113_28_SV_T1",0,0.000511516589338585
"hmm","P1113_28_SV_T1",0,0.00176977692645632
"hmm","P1113_28_SV_T1",0,9.8075878116566e-06
"hmm","P1113_28_SV_T1",0,1.34704023058659e-05
"hmm","P1113_28_SV_T1",0,6.00036776407545e-05
"hmm","P1113_28_SV_T1",0,9.77067328441977e-05
"hmm","P1113_28_SV_T1",0,5.73722697614841e-06
"hmm","P1113_28_SV_T1",0,5.91564462324582e-06
"hmm","P1113_28_SV_T1",0,0.000345069400308416
"hmm","P1113_28_SV_T1",0,2.54838360984361e-05
"hmm","P1113_28_SV_T1",0,0.000261946793910895
"hmm","P1113_28_SV_T1",0,0.00770827733298844
"hmm","P1113_28_SV_T1",0,0.0252109070162743
"hmm","P1113_28_SV_T1",0,0.00015744891440364
"hmm","P1113_28_SV_T1",0,0.000207766414938531
"hmm","P1113_28_SV_T1",0,0.000188056144389457
"hmm","P1113_28_SV_T1",0,3.5363025472863e-06
"hmm","P1113_28_SV_T1",0,1.16697769940023e-05
"hmm","P1113_28_SV_T1",0,0.0139915302228328
"hmm","P1113_28_SV_T1",0,3.29495111584166e-06
"hmm","P1113_28_SV_T1",0,5.12612900240787e-06
"hmm","P1113_28_SV_T1",0,7.389037432268e-05
"hmm","P1113_28_SV_T1",0,2.34284661176418e-05
"hmm","P1113_28_SV_T1",0,1.48823004108335e-05
"hmm","P1113_28_SV_T1",0,2.09084995368003e-05
"hmm","P1113_28_SV_T1",0,1.73195663519798e-05
"hmm","P1113_28_SV_T1",0,3.4245451616927e-05
"hmm","P1113_28_SV_T1",0,9.1634816643411e-06
"hmm","P1113_28_SV_T1",0,0.00157369079871575
"hmm","P1113_28_SV_T1",0,0.00169910478320197
"hmm","P1113_28_SV_T1",0,1.20393276370595e-05
"hmm","P1113_28_SV_T1",0,8.92522651495672e-05
"hmm","P1113_28_SV_T1",0,8.10832027358586e-06
"hmm","P1113_28_SV_T1",0,5.46228173425956e-06
"hmm","P1113_28_SV_T1",0,8.9884680271764e-05
"hmm","P1113_28_SV_T1",0,5.54420855928268e-06
"hmm","P1113_28_SV_T1",0,6.11692683404069e-05
"hmm","P1113_28_SV_T1",0,5.56781251804042e-05
"hmm","P1113_28_SV_T1",0,3.22560396465892e-05
"hmm","P1113_28_SV_T1",0,0.000725544893334108
"hmm","P1113_28_SV_T1",0,0.001833105137945
"hmm","P1113_28_SV_T1",0,5.57810220784336e-05
"hmm","P1113_28_SV_T1",0,5.72315437345484e-05
"hmm","P1113_28_SV_T1",0,7.25195365573794e-05
"hmm","P1113_28_SV_T1",0,1.73853178069431e-05
"hmm","P1113_28_SV_T1",0,1.65477910224014e-05
"hmm","P1113_28_SV_T1",0,7.43284800641989e-06
"hmm","P1113_28_SV_T1",0,1.21307895608358e-05
"hmm","P1113_28_SV_T1",0,2.29991630552745e-05
"hmm","P1113_28_SV_T1",0,0.00512545869907003
"hmm","P1113_28_SV_T1",0,9.15881918930068e-05
"hmm","P1113_28_SV_T1",0,0.000420820056741046
"hmm","P1113_28_SV_T1",0,6.68110803156581e-05
"hmm","P1113_28_SV_T1",0,1.27694417791151e-05
"hmm","P1113_28_SV_T1",0,1.55012617928576e-05
"hmm","P1113_28_SV_T1",0,3.12983115733638e-05
"hmm","P1113_28_SV_T1",0,0.000272379188676041
"hmm","P1113_28_SV_T1",0,1.66360747536717e-05
"hmm","P1113_28_SV_T1",0,1.07428304817744e-05
"hmm","P1113_28_SV_T1",0,0.000120501074085267
"hmm","P1113_28_SV_T1",0,4.27294617337207e-05
"hmm","P1113_28_SV_T1",0,2.94196957615705e-05
"hmm","P1113_28_SV_T1",0,4.19128615371742e-05
"hmm","P1113_28_SV_T1",0,0.000126808060399689
"hmm","P1113_28_SV_T1",0,8.37116055598654e-06
"hmm","P1113_28_SV_T1",0,0.00155691368673788
"hmm","P1113_28_SV_T1",0,0.000222917587480184
"hmm","P1113_28_SV_T1",0,0.000441213949060801
"hmm","P1113_28_SV_T1",0,0.0230453548551992
"hmm","P1113_28_SV_T1",0,0.00226950688984722
"hmm","P1113_28_SV_T1",0,3.62311189063709e-05
"hmm","P1113_28_SV_T1",0,0.000504462331511062
"hmm","P1113_28_SV_T1",0,1.82945004393611e-05
"hmm","P1113_28_SV_T1",0,1.58152428124361e-05
"hmm","P1113_28_SV_T1",0,5.50758906608353e-05
"hmm","P1113_28_SV_T1",0,5.2364548168258e-05
"hmm","P1113_28_SV_T1",0,4.7480668291445e-06
"hmm","P1113_28_SV_T1",0,7.57466084861385e-06
"hmm","P1113_28_SV_T1",0,3.56201557432692e-05
"hmm","P1113_28_SV_T1",0,0.00207397894285313
"hmm","P1113_28_SV_T1",0,0.0524902016431308
"hmm","P1113_28_SV_T1",0,0.721031678757067
"hmm","P1113_28_SV_T1",0,0.999997864765413
"hmm","P1113_28_SV_T1",0,0.00435473776561191
"hmm","P1113_28_SV_T1",0,0.988282668636868
"hmm","P1113_28_SV_T1",0,1
"hmm","P1113_28_SV_T1",0,0.00636130024313731
"hmm","P1113_28_SV_T1",0,1
"hmm","P1113_28_SV_T1",1,1
"hmm","P1113_28_SV_T1",0,0.00100109028472072
"hmm","P1113_28_SV_T1",1,0.00130229357583191
"hmm","P1113_28_SV_T1",0,0.000778625286506295
"hmm","P1113_28_SV_T1",0,0.000315626683269352
"hmm","P1113_28_SV_T1",0,0.999999999979023
"hmm","P1113_28_SV_T1",0,1
"hmm","P1113_28_SV_T1",0,0.238688888879103
"hmm","P1113_28_SV_T1",0,0.999999999705072
"hmm","P1113_28_SV_T1",1,1
"hmm","P1113_28_SV_T1",0,1
"hmm","P1113_28_SV_T1",0,0.999998878978345
"hmm","P1113_28_SV_T1",1,0.0604153256879913
"hmm","P1113_28_SV_T1",0,1
"hmm","P1113_28_SV_T1",0,1
"hmm","P1113_28_SV_T1",0,0.997214026408029
"hmm","P1113_28_SV_T1",1,1
"hmm","P1113_28_SV_T1",0,1
"hmm","P1113_28_SV_T1",0,0.894450149846315
"hmm","P1113_28_SV_T1",1,0.00118683957448742
"hmm","P1113_28_SV_T1",0,1
"hmm","P1113_28_SV_T1",0,1
"hmm","P1113_28_SV_T1",0,0.969361103791552
"hmm","P1113_28_SV_T1",1,0.762465204091448
"hmm","P1113_28_SV_T1",0,0.00335704685254302
"hmm","P1113_28_SV_T1",0,0.0518261992891573
"hmm","P1113_28_SV_T1",0,0.00191198253869148
"hmm","P1113_28_SV_T1",0,1
"hmm","P1113_28_SV_T1",0,1
"hmm","P1113_28_SV_T1",0,0.999999997998656
"hmm","P1113_28_SV_T1",0,0.999999999985323
"hmm","P1113_28_SV_T1",1,0.69213783413769
"hmm","P1113_28_SV_T1",0,0.000958509698302469
"hmm","P1113_28_SV_T1",0,0.057347790628768
"hmm","P1113_28_SV_T1",0,1
"hmm","P1113_28_SV_T1",0,1
"hmm","P1113_28_SV_T1",0,0.0195258090465588
"hmm","P1113_28_SV_T1",1,0.999997736358195
"hmm","P1113_28_SV_T1",0,0.10849450548953
"hmm","P1113_28_SV_T1",0,0.0865846411064949
"hmm","P1113_28_SV_T1",0,0.00106409070306636
"hmm","P1113_28_SV_T1",0,0.999999991937395
"hmm","P1113_28_SV_T1",0,1
"hmm","P1113_28_SV_T1",0,1
"hmm","P1113_28_SV_T1",1,1
"hmm","P1113_28_SV_T1",1,1
"hmm","P1113_28_SV_T1",0,1
"hmm","P1113_28_SV_T1",0,1
"hmm","P1113_28_SV_T1",0,0.999999999999981
"hmm","P1113_28_SV_T1",0,0.999993058345398
"hmm","P1113_28_SV_T1",0,0.885670584424287
"hmm","P1113_28_SV_T1",0,0.000120870531202651
"hmm","P1113_28_SV_T1",0,1.0500250238244e-05
"hmm","P1113_28_SV_T1",0,5.43119802270182e-05
"hmm","P1113_28_SV_T1",0,0.000390028561856068
"hmm","P1113_28_SV_T1",0,0.0277373255815174
"hmm","P1113_28_SV_T1",0,1
"hmm","P1113_28_SV_T1",0,0.997861096241472
"hmm","P1113_28_SV_T1",1,0.0224593427448187
"hmm","P1113_28_SV_T1",0,0.0016737915122983
"hmm","P1113_28_SV_T1",0,0.0026758926331005
"hmm","P1113_28_SV_T1",0,0.999999999998902
"hmm","P1113_28_SV_T1",0,0.999999999998275
"hmm","P1113_28_SV_T1",0,0.984409182714099
"hmm","P1113_28_SV_T1",0,1
"hmm","P1113_28_SV_T1",0,0.0386580589982252
"hmm","P1113_28_SV_T1",0,0.944833854595336
"hmm","P1113_28_SV_T1",0,1
"hmm","P1113_28_SV_T1",0,1
"hmm","P1113_28_SV_T1",1,1
"hmm","P1113_28_SV_T1",0,1
"hmm","P1113_28_SV_T1",0,1
"hmm","P1113_28_SV_T1",0,0.0954114673886336
"hmm","P1113_28_SV_T1",0,0.00730884063966811
"hmm","P1113_28_SV_T1",0,0.00537099033335405
"hmm","P1113_28_SV_T1",0,0.00170360216050845
"hmm","P1113_28_SV_T1",0,0.000107635827157685
"hmm","P1113_28_SV_T1",0,1.25587736225089e-05
"hmm","P1113_28_SV_T1",0,0.0121524886460062
"hmm","P1113_28_SV_T1",0,0.00112706696631874
"hmm","P1113_28_SV_T1",0,1.0185095417207e-05
"hmm","P1113_28_SV_T1",0,0.000501490414222595
"hmm","P1113_28_SV_T1",0,3.37430942733124e-05
"hmm","P1113_28_SV_T1",0,0.00226155561157895
"hmm","P1113_28_SV_T1",0,9.34747193267174e-06
"hmm","P1113_28_SV_T1",0,1.76957819441661e-05
"hmm","P1113_28_SV_T1",0,7.41637592457189e-06
"hmm","P1113_28_SV_T1",0,4.06702565133121e-06
"hmm","P1113_28_SV_T1",0,5.15343641595479e-05
"hmm","P1113_28_SV_T1",0,3.45304312876289e-05
"hmm","P1113_28_SV_T1",0,4.05593673215219e-06
"hmm","P1113_28_SV_T1",0,1.02533517268373e-05
"hmm","P1113_28_SV_T1",0,8.0069038454715e-06
"hmm","P1113_28_SV_T1",0,7.35399057332946e-06
"hmm","P1113_28_SV_T1",0,2.56134234146885e-05
"hmm","P1113_28_SV_T1",0,9.3341527100245e-06
"hmm","P1113_28_SV_T1",0,0.000458885586940802
"hmm","P1113_28_SV_T1",0,0.000644697596724313
"hmm","P1113_28_SV_T1",0,2.82302136556119e-05
"hmm","P1113_28_SV_T1",0,2.40940163857524e-05
"hmm","P1113_28_SV_T1",0,2.16939853866013e-05
"hmm","P1113_28_SV_T1",0,4.9413435078491e-05
"hmm","P1113_28_SV_T1",0,2.83839842629912e-05
"hmm","P1113_28_SV_T1",0,1.93077466838653e-05
"hmm","P1113_28_SV_T1",0,5.05926297680044e-06
"hmm","P1113_28_SV_T1",0,1.64279063715704e-05
"hmm","P1113_28_SV_T1",0,0.00035422224610289
"hmm","P1113_28_SV_T1",0,7.68043866796667e-05
"hmm","P1113_28_SV_T1",0,1.21954514557873e-05
"hmm","P1113_28_SV_T1",0,9.10580224101892e-06
"hmm","P1113_28_SV_T1",0,1.17025890538646e-05
"hmm","P1113_28_SV_T1",0,1.16093920365337e-05
"hmm","P1113_28_SV_T1",0,1.28662148458417e-05
"hmm","P1113_28_SV_T1",0,2.87475124764573e-05
"hmm","P1113_28_SV_T1",0,1.08639020460715e-05
"hmm","P1113_28_SV_T1",0,1.92451298468417e-05
"hmm","P1113_28_SV_T1",0,4.77748870524634e-06
"hmm","P1113_28_SV_T1",0,3.85451422631461e-06
"hmm","P1113_28_SV_T1",0,1.13267639466993e-05
"hmm","P1113_28_SV_T1",0,6.42621627333082e-06
"hmm","P1113_28_SV_T1",0,1.88060557946904e-05
"hmm","P1113_28_SV_T1",0,0.000145823199646142
"hmm","P1113_28_SV_T1",0,0.000414937023671979
"hmm","P1113_28_SV_T1",0,7.19088189761645e-05
"hmm","P1113_28_SV_T1",0,1.82859747848871e-05
"hmm","P1113_28_SV_T1",0,1.19940891419529e-05
"hmm","P1113_28_SV_T1",0,1.96100585149111e-05
"hmm","P1113_28_SV_T1",0,2.17441849991119e-05
"hmm","P1113_28_SV_T1",0,2.34169874301571e-05
"hmm","P1113_28_SV_T1",0,1.76505780178478e-05
"hmm","P1113_28_SV_T1",0,2.44168976929555e-05
"hmm","P1113_28_SV_T1",0,1.20314508371601e-05
"hmm","P1113_28_SV_T1",0,0.000709384743923492
"hmm","P1113_28_SV_T1",0,2.91974360330385e-05
"hmm","P1113_28_SV_T1",0,4.15465400727144e-05
"hmm","P1113_28_SV_T1",0,1.3444548365531e-05
"hmm","P1113_28_SV_T1",0,0.000198549315875721
"hmm","P1113_28_SV_T1",0,1.16159331411721e-05
"hmm","P1113_28_SV_T1",0,4.23273184038943e-06
"hmm","P1113_28_SV_T1",0,2.1707679286297e-05
"hmm","P1113_28_SV_T1",0,1.04847421077981e-05
"hmm","P1113_28_SV_T1",0,1.79364099457797e-05
"hmm","P1113_28_SV_T1",0,1.01681161062179e-05
"hmm","P1113_28_SV_T1",0,1.63467384852224e-05
"hmm","P1113_28_SV_T1",0,9.20817576441209e-06
"hmm","P1113_28_SV_T1",0,4.83957006576353e-06
"hmm","P1113_28_SV_T1",0,4.2551444749854e-05
"hmm","P1113_28_SV_T1",0,4.24411731975158e-06
"hmm","P1113_28_SV_T1",0,0.00251256341967747
"hmm","P1113_28_SV_T1",0,0.0137526159741907
"hmm","P1113_28_SV_T1",0,0.840210883431445
"hmm","P1113_28_SV_T1",0,0.896405756252637
"hmm","P1113_28_SV_T1",0,0.431192128847843
"hmm","P1113_28_SV_T1",0,9.61039998584099e-06
"hmm","P1113_28_SV_T1",0,6.98777925573353e-06
"hmm","P1113_28_SV_T1",0,0.99191400461049
"hmm","P1113_28_SV_T1",0,0.999998441794811
